code,기업명,공개일,제목,공식 PDF URL,sha256,수주 후보 페이지,텍스트 없는 페이지
001390,KG케미칼,2026-06-09,KG그룹 Press Day(최종본).pdf,https://kind.krx.co.kr/external/dst/irReference/18745/KG그룹 Press Day(최종본).pdf,84a9371d12f8e7384b101fd145e55eba0e69e14a955a6cab7db0fdda2539cc33,,
002380,케이씨씨,2024-03-19,2023년 4분기 IR자료 .pdf,https://kind.krx.co.kr/external/dst/irReference/14833/2023년 4분기 IR자료 .pdf,41e0fad66d4b81750696e1c1582b511d53bcca5c6c30af5ddc67d2bddea066ce,,
002380,케이씨씨,2024-05-21,2024년 1분기 IR자료.pdf,https://kind.krx.co.kr/external/dst/irReference/15120/2024년 1분기 IR자료.pdf,bdef55b7eacbd363e6a0c3668b4197ee2f0c6ab11459b13862761d285ad2c271,8,
002380,케이씨씨,2024-11-18,2024년 3분기 IR자료.pdf,https://kind.krx.co.kr/external/dst/irReference/15957/2024년 3분기 IR자료.pdf,6277576d0f2d28bb8138d15fe7267281686e3be2376fb4f63bb915800d19a563,,
002380,케이씨씨,2026-08-19,2026년 2분기 IR자료.pdf,https://kind.krx.co.kr/external/dst/irReference/19089/2026년 2분기 IR자료.pdf,26a5a42ce5d98467a6b929ed1cd8f715995c1689d161e47a92932e877dbe6f47,13,
016380,KG스틸,2026-06-09,KG스틸 Press Day_최종_수정_260609.pdf,https://kind.krx.co.kr/external/dst/irReference/18747/KG스틸 Press Day_최종_수정_260609.pdf,84f4a396925a26c5497581eea0e28663cf472e4aa1350d502235f6e497c7ed72,,
018000,유니슨,2026-07-23,유니슨_기자간담회_2026.07_F2.pdf,https://kind.krx.co.kr/external/dst/irReference/18940/유니슨_기자간담회_2026.07_F2.pdf,e4dd2f72a9eec7094bd2f407400236593e79f23c31232f42320d8ed02d75abb1,,
018290,브이티,2025-08-13,[외부용]VT_IR_2025.2Q v4.pdf,https://kind.krx.co.kr/external/dst/irReference/17135/[외부용]VT_IR_2025.2Q v4.pdf,0b44ae2d797603b7a0159fba6ae4fcfbe5e938ab048503c77680a0783d43d975,,
018290,브이티,2026-08-14,1.VT_IR_2026.2Q_vf_v2.pdf,https://kind.krx.co.kr/external/dst/irReference/19034/1.VT_IR_2026.2Q_vf_v2.pdf,a9d50314538735b3f3551627da7dcdde301b7887ef1afc80c61c71b93a7bf062,,
022100,포스코DX,2024-01-31,240131_포스코DX 23년4Q 기업설명회.pdf,https://kind.krx.co.kr/external/dst/irReference/14618/240131_포스코DX 23년4Q 기업설명회.pdf,1acc56e1233cd5a72b02c4f18d98afca5eafb19b8581c1aa0dc8be6a490e93f4,,16
022100,포스코DX,2024-04-22,240422_포스코DX_기업설명회.pdf,https://kind.krx.co.kr/external/dst/irReference/14924/240422_포스코DX_기업설명회.pdf,c13544afb23f28aa41a7bff19020340903f50c95f0e9253cfd4c95784e406711,,14
022100,포스코DX,2024-04-25,240425_포스코DX IR자료_1Q24.pdf,https://kind.krx.co.kr/external/dst/irReference/14955/240425_포스코DX IR자료_1Q24.pdf,7a2843b35a12bd0150207001d1c3eda21240d405c2f689c90ecfef15543c9668,4,9
022100,포스코DX,2024-07-25,240725_포스코DX IR자료_2Q24년.pdf,https://kind.krx.co.kr/external/dst/irReference/15416/240725_포스코DX IR자료_2Q24년.pdf,645761950db8774c4958477d785d6585d54230466d8d38b5c6eefb4aa0324492,4,
022100,포스코DX,2024-09-10,240910_포스코DX_Corp_Day_발표자료.pdf,https://kind.krx.co.kr/external/dst/irReference/15712/240910_포스코DX_Corp_Day_발표자료.pdf,308543ff04323a4dea1d983af97a15fbb6e73c3a75f67ca4a4ea1a324ea55e33,6,
022100,포스코DX,2024-10-30,241030_포스코DX IR자료_3Q24년.pdf,https://kind.krx.co.kr/external/dst/irReference/15822/241030_포스코DX IR자료_3Q24년.pdf,d0b32440b8ccf5c30ba7088e57ccdf9fa66ecac64f60f4e5541b169b655a2470,4,
022100,포스코DX,2024-12-04,241204_포스코DX_Corp_Day_발표자료.pdf,https://kind.krx.co.kr/external/dst/irReference/16110/241204_포스코DX_Corp_Day_발표자료.pdf,4694914527116af4a17610f4136cb5a783a8fcadb8b130ec581fabcd96428a4d,6,
022100,포스코DX,2025-02-03,250203_포스코DX 2024년 경영실적.pdf,https://kind.krx.co.kr/external/dst/irReference/16199/250203_포스코DX 2024년 경영실적.pdf,f50563110fd560014968cd8de21b5f8080b34184513f8013c1e9ead0ac89c019,4,
022100,포스코DX,2025-04-29,250424_포스코DX IR자료_1Q25년.pdf,https://kind.krx.co.kr/external/dst/irReference/16560/250424_포스코DX IR자료_1Q25년.pdf,7562b66b1195df4036bd8c93d3a07f67d6f88c593b87825cfadf8343de7c6676,"3,4,10",
024850,HLB이노베이션,2025-03-13,HLB이노베이션 IR 자료_250313_국문.pdf,https://kind.krx.co.kr/external/dst/irReference/16418/HLB이노베이션 IR 자료_250313_국문.pdf,f020c1ba1ffa67220bb6341a7662ad90acf8071c4796985f67c9918d91581ec5,,
024850,HLB이노베이션,2025-03-18,HLB이노베이션 IR 자료_250317_국문_.pdf,https://kind.krx.co.kr/external/dst/irReference/16455/HLB이노베이션 IR 자료_250317_국문_.pdf,50c74851bfa5aa8b4fed2c7f61bf22f5affb0aa62c76a6e73b3dc3273f5e2eb0,,
024850,HLB이노베이션,2025-03-20,HLB이노베이션_제48기 정기주주총회 주주간담회.pdf,https://kind.krx.co.kr/external/dst/irReference/16443/HLB이노베이션_제48기 정기주주총회 주주간담회.pdf,c4bb5637496559cc846049da67fcc049eb1ce0e90eca893358b583c05ff590d8,,17
024850,HLB이노베이션,2026-01-27,기업설명회IR_HLB이노베이션.pdf,https://kind.krx.co.kr/external/dst/irReference/17969/기업설명회IR_HLB이노베이션.pdf,6c516acca0340050028e6c1d11071455e0da112a3bd081b950ec74ed192ab96d,,
024850,HLB이노베이션,2026-03-04,[Non-Confidential] Verismo IR_Mar2026_Final (KOR).pdf,https://kind.krx.co.kr/external/dst/irReference/18153/[Non-Confidential] Verismo IR_Mar2026_Final (KOR).pdf,c1b7c5055dc899b982f81243a7f134d81953a5c99042e1618375d4203a5e9f71,,
024850,HLB이노베이션,2026-03-16,[Non-Confidential] Verismo IR_Mar2026_Final (KOR) (2).pdf,https://kind.krx.co.kr/external/dst/irReference/18228/[Non-Confidential] Verismo IR_Mar2026_Final (KOR) (2).pdf,15ae7e42fea2e06699c18f16578059e49adf8f48bd30ad6a137e96b4042497b0,,
024850,HLB이노베이션,2026-04-09,회사소개서(HLB이노베이션).pdf,https://kind.krx.co.kr/external/dst/irReference/18319/회사소개서(HLB이노베이션).pdf,9793a759382ea4479719697c0af86f073a81b0fe0def54f487636f5e88c1d184,,"1,18"
024850,HLB이노베이션,2026-08-26,기업설명회 자료(HLB이노베이션)_.pdf,https://kind.krx.co.kr/external/dst/irReference/19159/기업설명회 자료(HLB이노베이션)_.pdf,69e85a519845895bb9cf6c025e743d73f03dc6f7f8f3f0340ad8782c6db98f7b,,
025320,시노펙스,2024-11-12,시노펙스 IR BOOK(3Q24).pdf,https://kind.krx.co.kr/external/dst/irReference/15930/시노펙스 IR BOOK(3Q24).pdf,73359806346d3cf423fe57ff8a064328cb29c6d82ac0809e1d99b59e68f5d2ee,,
025320,시노펙스,2025-06-17,시노펙스 IR BOOK(1Q'25)_RN4(최종).pdf,https://kind.krx.co.kr/external/dst/irReference/16903/시노펙스 IR BOOK(1Q'25)_RN4(최종).pdf,7e6ec27d16f5c2bc2a1a9f2afc01c8b4ff985b056874fb1bdbba9a0c27b60c32,,
025320,시노펙스,2025-08-19,시노펙스 IR BOOK(2Q'25)_RN7(최종).pdf,https://kind.krx.co.kr/external/dst/irReference/17191/시노펙스 IR BOOK(2Q'25)_RN7(최종).pdf,fff0118c5f414029c98de46bee734b4b7b655520aff06c5a52cb3172405caa77,,
025320,시노펙스,2026-05-15,시노펙스_IR_BOOK_26. 1Q(2026.05.15)_최종 제출.pdf,https://kind.krx.co.kr/external/dst/irReference/18543/시노펙스_IR_BOOK_26. 1Q(2026.05.15)_최종 제출.pdf,41dea6275bb9518345d9462c13e758b0fba59b9ad09fc7c382bee72f99c68e60,,
028300,HLB,2024-01-24,HLB_IR_20240124.pdf,https://kind.krx.co.kr/external/dst/irReference/14606/HLB_IR_20240124.pdf,0ca71030a98dffbb2d20ccb5185e5915ab3b8c7e0cee314116c666eae7ffdc7e,,1
028300,HLB,2024-01-25,(HLB)240124_IR자료(IR팀).pdf,https://kind.krx.co.kr/external/dst/irReference/14608/(HLB)240124_IR자료(IR팀).pdf,0ca71030a98dffbb2d20ccb5185e5915ab3b8c7e0cee314116c666eae7ffdc7e,,1
028300,HLB,2024-02-07,2024.02.06_HLB IR BOOK_.pdf,https://kind.krx.co.kr/external/dst/irReference/14640/2024.02.06_HLB IR BOOK_.pdf,dbaedbdeeae688964e9370b368eb7bf9284013df45c0e379d8cec9bb3339f966,,
028300,HLB,2024-02-21,(HLB)240220_ IR자료.pdf,https://kind.krx.co.kr/external/dst/irReference/14746/(HLB)240220_ IR자료.pdf,018bba7ea970ffb1390652120b523054e3d4fa246dd4df41392b2201ae3b58a0,,
028300,HLB,2024-03-14,HLB_IR_240314.pdf,https://kind.krx.co.kr/external/dst/irReference/14822/HLB_IR_240314.pdf,57b9aa04776bf2ab5272c7541bb7bee465842e3a82653dba90bf47fc29a33542,,"1,2,3,4,5,6,7,8,9,10,11,12,13,14,15,16,17,18,19,20,21,22,23,24,25,26,27,28,29,30,31,32,33,34,35,36,37,38,39"
028300,HLB,2024-03-20,20240320_HLB IR 자료.pdf,https://kind.krx.co.kr/external/dst/irReference/14842/20240320_HLB IR 자료.pdf,c80a1e12d6554d995831741322f6801647a8b91174ef7a47d7a9cb7794e9fc46,,1
028300,HLB,2024-03-21,240321_HLB IR자료.pdf,https://kind.krx.co.kr/external/dst/irReference/14848/240321_HLB IR자료.pdf,ccc3624601c52fffa218bd1caa3c92ffd2aa64d1be99b07c5ffa3c59ccf69d23,,"1,2,3,4,5,6,7,8,9,10,11,12,13,14,15,16,17,18,19,20,21,22,23,24,25,26,27,28,29,30,31,32,33,34,35,36,37,38,39,40,41,42,43,44,45,46"
028300,HLB,2024-03-25,240325_HLB IR 자료.pdf,https://kind.krx.co.kr/external/dst/irReference/14863/240325_HLB IR 자료.pdf,e6978e4daf0484ac67587cafe369599d3d332f9d0249cc72e126659712a78603,,"1,2,3,4,5,6,7,8,9,10,11,12,13,14,15,16,17,18,19,20,21,22,23,24,25,26,27,28,29,30,31,32,33,34,35,36,37,38,39,40,41,42,43,44,45,46,47,48,49,50,51,52,53"
028300,HLB,2024-03-26,240326_HLB IR 자료.pdf,https://kind.krx.co.kr/external/dst/irReference/14870/240326_HLB IR 자료.pdf,34cae21453d8d57f4e20d9c7fb93e04bdfcb5a91b93ac650415ff45a5aae9b03,,"1,2,3,4,5,6,7,8,9,10,11,12,13,14,15,16,17,18,19,20,21,22,23,24,25,26,27,28,29,30,31,32,33,34,35,36,37,38,39,40,41,42,43,44,45,46,47,48,49,50,51,52"
028300,HLB,2024-03-29,2024_HLB주주총회간담회.pdf,https://kind.krx.co.kr/external/dst/irReference/14876/2024_HLB주주총회간담회.pdf,12097569a7ce4285a89489e2f20956db6acc8bf2fc685fc8f986373cec5c4640,,"1,2,3,4,5,6,7,8,9,10,11,12,13,14,15,16,17,18,19,20,21,22,23,24,25,26,27,28,29,30,31,32,33,34,35,36,37,38,39,40,41,42"
028300,HLB,2024-04-01,230401_HLB IR.pdf,https://kind.krx.co.kr/external/dst/irReference/14877/230401_HLB IR.pdf,a536a0048745f0719b3f721bae971daa809a557e52aeb18b925d23be15c9d47e,,"1,2,3,4,5,6,7,8,9,10,11,12,13,14,15,16,17,18,19,20,21,22,23,24,25,26,27,28,29,30,31,32,33,34,35,36,37,38,39,40,41,42,43,44,45,46,47,48,49,50,51,52,53"
028300,HLB,2024-04-09,230409_HLB IR자료.pdf,https://kind.krx.co.kr/external/dst/irReference/14903/230409_HLB IR자료.pdf,6c193a28cfd622f3c3448712f5d2b6add2fcf7045c59e0b88175223b14520d8c,,"1,2,3,4,5,6,7,8,9,10,11,12,13,14,15,16,17,18,19,20,21,22,23,24,25,26,27,28,29,30,31,32,33,34,35,36,37,38,39,40,41,42,43,44,45,46,47,48,49,50,51,52,53"
028300,HLB,2024-04-15,HLB IR_240415.pdf,https://kind.krx.co.kr/external/dst/irReference/14908/HLB IR_240415.pdf,5ed5aaa383131150ee9be30e99a808bac3e2340eb1aaeb968dbdd541b3848997,,"1,11,46"
028300,HLB,2024-04-23,230423_HLB IR.pdf,https://kind.krx.co.kr/external/dst/irReference/14932/230423_HLB IR.pdf,77aa74df24c18a45285e3b7df2d79d7de05ca88606e983d7d014f9ef12a12ec4,,"1,2,3,4,5,6,7,8,9,10,11,12,13,14,15,16,17,18,19,20,21,22,23,24,25,26,27,28,29,30,31,32,33,34,35,36,37,38,39,40,41,42,43,44,45,46,47,48,49,50,51,52"
028300,HLB,2024-07-24,HLB IR_2024.07.pdf,https://kind.krx.co.kr/external/dst/irReference/15408/HLB IR_2024.07.pdf,5a3cc896c16a0e1333b520d0d6829b80596c45bcd5ec540fbe8735265decb8a2,,"1,2,3,4,5,6,7,8,9,10,11,12,13,14,15,16,17,18,19,20,21,22,23,24,25,26,27,28"
028300,HLB,2024-08-07,HLB IR(ENG.)240806.pdf,https://kind.krx.co.kr/external/dst/irReference/15461/HLB IR(ENG.)240806.pdf,80ec35224583d02820d63547daaa68ea27066a12092b741362a383920b675055,,"1,2,3,4,5,6,7,8,9,10,11,12,13,14,15,16,17,18,19,20,21,22,23,24,25,26,27,28,29,30,31,32,33,34,35,36,37,38,39,40,41,42,43,44"
028300,HLB,2025-03-26,2025_IR자료_(KOR)_HLB.PDF,https://kind.krx.co.kr/external/dst/irReference/16458/2025_IR자료_(KOR)_HLB.PDF,b4e58feae256c920c3ea33fee0efafbbb94aa9131f1b7fb86324a943be0e7b8e,,"1,2,3,4,5,6,7,8,9,10,11,12,13,14,15,16,17,18,19,20,21,22,23,24,25"
028300,HLB,2025-03-28,2025_IR자료(KOR)_NEWEST.pdf,https://kind.krx.co.kr/external/dst/irReference/16481/2025_IR자료(KOR)_NEWEST.pdf,698c74548b037a88d7b3db4c65331f810864d78b051ae72ac6ff2c1c32915968,,"1,2,3,4,5,6,7,8,9,10,11,12,13,14,15,16,17,18,19,20,21,22,23,24,25"
028300,HLB,2025-03-31,2025_주주총회_FINAL.pdf,https://kind.krx.co.kr/external/dst/irReference/16482/2025_주주총회_FINAL.pdf,1363fdadec5ec14434714c30e7f9d42639c32a59d06099fc7ef91f304ea57b6d,,"1,2,3,4,5,6,7,8,9,10,11,12,13,14,15,16,17,18,19,20,21"
028300,HLB,2026-04-09,[HLB] 26년 IR 자료 (국문).pdf,https://kind.krx.co.kr/external/dst/irReference/18308/[HLB] 26년 IR 자료 (국문).pdf,e5a7a529ccbe0907c034d69ccce96cb68687770d97f09c52ea6348f1cdd7d3db,,
028300,HLB,2026-06-30,[HLB] 26년 6월 IR 자료 (국문).pdf,https://kind.krx.co.kr/external/dst/irReference/18867/[HLB] 26년 6월 IR 자료 (국문).pdf,c0fc1829395dcc9e5753ff612a454e1a9e66f3900c130f54fce73a298431cf9c,,
028300,HLB,2026-07-09,[HLB] 26년 IR 자료 (영문).pdf,https://kind.krx.co.kr/external/dst/irReference/18916/[HLB] 26년 IR 자료 (영문).pdf,080f05cd23af28c2a2c9f607c0264ec242e4705cf00d4dae29d772a6d52f2c16,,
036710,심텍홀딩스,2024-03-08,심텍홀딩스 IR News 2023 잠정실적.pdf,https://kind.krx.co.kr/external/dst/irReference/14805/심텍홀딩스 IR News 2023 잠정실적.pdf,41d030be2ede5ae1297ad2bce6c2df09145f4a186c1da3fb35215545911aa2ba,,
036710,심텍홀딩스,2024-05-08,심텍홀딩스 IR News 1Q24 잠정실적.pdf,https://kind.krx.co.kr/external/dst/irReference/14994/심텍홀딩스 IR News 1Q24 잠정실적.pdf,997939314a4bcb662bb540467ffb8bc2b7eec84141f10275ae3534ed03cc5fc6,,
036710,심텍홀딩스,2025-05-22,심텍홀딩스 IR News 1Q25 잠정실적.pdf,https://kind.krx.co.kr/external/dst/irReference/16776/심텍홀딩스 IR News 1Q25 잠정실적.pdf,60fb4d37d9c9363f6a8d7f8982bac4f060ffc2c2ba962527f15442fa48222797,,
036710,심텍홀딩스,2025-11-17,심텍홀딩스 IR News 3Q25 잠정실적.pdf,https://kind.krx.co.kr/external/dst/irReference/17624/심텍홀딩스 IR News 3Q25 잠정실적.pdf,841468da373e806f857d1b3ced77d25629b1ebaa4c3639c0f971cd6238698721,,
036930,주성엔지니어링,2024-02-13,FY2023_JUSUNG Fact Sheet_ENG.pdf,https://kind.krx.co.kr/external/dst/irReference/14634/FY2023_JUSUNG Fact Sheet_ENG.pdf,311fb396758fae13d67d03c3387ee762ef68ad042d6fef4bb4fb26f0bf5af812,,
036930,주성엔지니어링,2024-05-22,1Q`24_JUSUNG Fact Sheet_ENG.pdf,https://kind.krx.co.kr/external/dst/irReference/15135/1Q`24_JUSUNG Fact Sheet_ENG.pdf,8204313d72c8eb7e1388879c9ceff0104eaedea28e05a925d9cc3093043c4ba0,,
036930,주성엔지니어링,2024-05-28,주성엔지니어링_1Q`24 IR Materials.pdf,https://kind.krx.co.kr/external/dst/irReference/15226/주성엔지니어링_1Q`24 IR Materials.pdf,b1f0ef288007e12c6f968ac2e70172bfe69e7c8da411b2bc23b48c705da5e4c0,,30
036930,주성엔지니어링,2024-06-07,1Q`24_JUSUNG_Fact_Sheet_ENG.pdf,https://kind.krx.co.kr/external/dst/irReference/15229/1Q`24_JUSUNG_Fact_Sheet_ENG.pdf,8204313d72c8eb7e1388879c9ceff0104eaedea28e05a925d9cc3093043c4ba0,,
036930,주성엔지니어링,2024-07-05,주성엔지니어링 주주간담회 IR자료.pdf,https://kind.krx.co.kr/external/dst/irReference/15370/주성엔지니어링 주주간담회 IR자료.pdf,b56eec4a20f76c719978f9b6a453a47838f45c926251d27e118e4e63de9665c6,,30
036930,주성엔지니어링,2024-08-19,2Q`24_JUSUNG Fact Sheet_ENG.pdf,https://kind.krx.co.kr/external/dst/irReference/15557/2Q`24_JUSUNG Fact Sheet_ENG.pdf,6b73832aa52a1d447d9819e3cad0ee2a2043b5bca8b463f73696ff2b5b35bb58,,
036930,주성엔지니어링,2025-08-27,2Q`25_JUSUNG Fact Sheet.pdf,https://kind.krx.co.kr/external/dst/irReference/17254/2Q`25_JUSUNG Fact Sheet.pdf,f0f9c2e98034953b01ee177583259b0423657dfe342b8b8d15f7aae3a486dfca,,
036930,주성엔지니어링,2026-08-28,2Q`26_JUSUNG Fact Sheet.pdf,https://kind.krx.co.kr/external/dst/irReference/19157/2Q`26_JUSUNG Fact Sheet.pdf,20085d8c93ff432db4681943b9347b6826175ebc215098a5cd31a394442006d8,,
038290,마크로젠,2024-05-24,마크로젠 IR Book_240524.pdf,https://kind.krx.co.kr/external/dst/irReference/15192/마크로젠 IR Book_240524.pdf,533db06afe5e677d7b38397998d0556c2a49cfe722d7312d18cb999fc5c17b0f,,37
038290,마크로젠,2025-06-27,Macrogen Investor Relations_250626.pdf,https://kind.krx.co.kr/external/dst/irReference/16963/Macrogen Investor Relations_250626.pdf,4d1eab768143fc7166cf7bbb3539f2d24ff1a095e6897e9435dc539f50de0863,,
038290,마크로젠,2026-05-29,Macrogen Investor Relations_260529.pdf,https://kind.krx.co.kr/external/dst/irReference/18683/Macrogen Investor Relations_260529.pdf,025fa0efa42195099b10b1c57d12281a05bc0c3bcf7feeb29c1b0dca37cda89a,,
041440,현대에버다임,2024-02-07,현대에버다임 IR Book(23.12월말 기준).pdf,https://kind.krx.co.kr/external/dst/irReference/14642/현대에버다임 IR Book(23.12월말 기준).pdf,55c35d54d57a91b27507c1c4f19e3b7bc5b0714f105573c986d0878e52d94d2c,,2
041440,현대에버다임,2024-05-10,현대에버다임 IR Book(24.3월말 기준)_ 보안해제.pdf,https://kind.krx.co.kr/external/dst/irReference/15046/현대에버다임 IR Book(24.3월말 기준)_ 보안해제.pdf,cccab1d3c31952b1a18c12a55d84ae0c631d2597a8cd6a54983c90dabfb5cbe2,28,2
041440,현대에버다임,2024-08-12,현대에버다임 IR Book(24.6월말 기준).pdf,https://kind.krx.co.kr/external/dst/irReference/15505/현대에버다임 IR Book(24.6월말 기준).pdf,9f8309df93a6a4d1d499d539dbe6fd44f9215faefe9f785fd8f2978b4f6f9569,28,2
041440,현대에버다임,2024-11-08,현대에버다임 IR Book(24.9월말 기준)_.pdf,https://kind.krx.co.kr/external/dst/irReference/15902/현대에버다임 IR Book(24.9월말 기준)_.pdf,11c614598bf8499a34e52903422edf9fdbbba88475ec527d649a24f3353777c3,28,2
041440,현대에버다임,2025-02-05,현대에버다임 IR Book(24.12월말 기준).pdf,https://kind.krx.co.kr/external/dst/irReference/16206/현대에버다임 IR Book(24.12월말 기준).pdf,12f74e2ea1b3508ee0d4b687854f72cc5fdecd4bcc0a044ce37037caa2c6b8b7,,2
041440,현대에버다임,2025-05-12,현대에버다임 IR Book(25.3월말 기준).pdf,https://kind.krx.co.kr/external/dst/irReference/16646/현대에버다임 IR Book(25.3월말 기준).pdf,9e0a05a87a131aa1447cc5f640567d10ffde97ad1ddb5d8d040a3c0992addcf3,,2
041440,현대에버다임,2025-08-28,현대에버다임 IR Book(25.6월말 기준).pdf,https://kind.krx.co.kr/external/dst/irReference/17291/현대에버다임 IR Book(25.6월말 기준).pdf,4ab37ea3f4d3f4ef681b93cb49d079b9df7acafc7cd3d67f85afbc2f3c3fe9a1,,2
041440,현대에버다임,2025-11-07,현대에버다임 IR Book(25.9월말 기준).pdf,https://kind.krx.co.kr/external/dst/irReference/17600/현대에버다임 IR Book(25.9월말 기준).pdf,cd16b3fba4c36023f25d7e4ba135453a8042b2ef36b08479acf31224e55b9bff,,2
041440,현대에버다임,2026-02-06,현대에버다임 IR Book(25.12월말 기준).pdf,https://kind.krx.co.kr/external/dst/irReference/18006/현대에버다임 IR Book(25.12월말 기준).pdf,96d220d608e79f8e1b7c14877f142fce51d91c203974834c451e7152642a2fcd,,
041440,현대에버다임,2026-05-07,현대에버다임 IR Book(26.3월말 기준).pdf,https://kind.krx.co.kr/external/dst/irReference/18460/현대에버다임 IR Book(26.3월말 기준).pdf,4d43a500b966a347283d7ad48bb17f89106cbed1350c8e1255365eefad72a9c0,,
041440,현대에버다임,2026-07-30,현대에버다임 IR Book(26.6월말 기준).pdf,https://kind.krx.co.kr/external/dst/irReference/18968/현대에버다임 IR Book(26.6월말 기준).pdf,8702a7cce870cd548b5b10c8883e8f9c269b20c217b4b173fba70b3ca2b4866c,,
041440,현대에버다임,2026-09-01,현대에버다임_IR_Book(26.6월말).pdf,https://kind.krx.co.kr/external/dst/irReference/19216/현대에버다임_IR_Book(26.6월말).pdf,8702a7cce870cd548b5b10c8883e8f9c269b20c217b4b173fba70b3ca2b4866c,,
044490,태웅,2025-07-28,IR25.1Q(ENG)_2025.07.21(page).pdf,https://kind.krx.co.kr/external/dst/irReference/17047/IR25.1Q(ENG)_2025.07.21(page).pdf,04f962f75aa3a8f6c6979f0e7d35dcde231ba97f567c116e24685a40254b9785,18,20
044490,태웅,2025-09-15,IR25.2Q(국문)_2025.08.20.pdf,https://kind.krx.co.kr/external/dst/irReference/17401/IR25.2Q(국문)_2025.08.20.pdf,0a7b5dddf514a9dc5c157220707402947ba5dd8d8d43158715170770c45b6a21,"13,18",20
045390,대아티아이,2024-05-28,DAEATI_IR자료_2024_KRX.pdf,https://kind.krx.co.kr/external/dst/irReference/15211/DAEATI_IR자료_2024_KRX.pdf,bfe2560bdcc7d5ee800ec75015de360f7d0f7975562854e35150551c96b7e6ec,,
045390,대아티아이,2024-08-29,DAEATI_IR자료_2024_KRX_240829.pdf,https://kind.krx.co.kr/external/dst/irReference/15641/DAEATI_IR자료_2024_KRX_240829.pdf,d2b72bfd4660988b3ad6b501d7ba6db90e1e64e46bb39df35051fc2a81de4f5e,,
045390,대아티아이,2025-06-18,DAEATI_IR자료_2025_KB.pdf,https://kind.krx.co.kr/external/dst/irReference/16917/DAEATI_IR자료_2025_KB.pdf,0a97f7c51802b9ccc2e32e538389228de7b1b3cc3a1382029c0ea26f74dce0a0,18,
048870,시너지이노베이션,2026-05-29,시너지이노베이션_기업설명회_260529.pdf,https://kind.krx.co.kr/external/dst/irReference/18686/시너지이노베이션_기업설명회_260529.pdf,6e1a075513720bf784c331eae59e6f5cbc5e801ebca2216fdc66904b9c223d5d,,
049630,재영솔루텍,2025-05-26,재영솔루텍 2025 IR Book_250523.pdf,https://kind.krx.co.kr/external/dst/irReference/16800/재영솔루텍 2025 IR Book_250523.pdf,f152deb1a34f2b18c528c5ff328e8087b137ec681b586eec9db19b91ef2abba2,,"1,2,6,9,13,14,15"
056190,SFA,2024-02-16,(SFA 및 주요연결종속회사)2023년 연간 실적발표_Final.pdf,https://kind.krx.co.kr/external/dst/irReference/14725/(SFA 및 주요연결종속회사)2023년 연간 실적발표_Final.pdf,11c559c6971e5912d0fcb58220934b869882dbba1b908f8f15674888a7455eec,"6,7,8,9,10,14,16,29,30","42,44,45,46,47"
056190,SFA,2024-11-14,SFA_실적발표자료(24Y3Q)_241114.pdf,https://kind.krx.co.kr/external/dst/irReference/15951/SFA_실적발표자료(24Y3Q)_241114.pdf,41ed88239913d1a572923f7c24f28edea55e9228cb292c405e79f4c75641dd20,"5,8","27,29,30"
056190,SFA,2024-12-10,[세미나] 2024 SFA Tech Day_v07_241206_IR파트(공개용)_압축.pdf,https://kind.krx.co.kr/external/dst/irReference/16123/[세미나] 2024 SFA Tech Day_v07_241206_IR파트(공개용)_압축.pdf,b0385a8b961d6f5f1ec93d0f44805b3baae590ff1529779e895913050f21e0c2,55,"56,91,92,93"
056190,SFA,2025-08-20,IR자료(25Y2실적 반영)_250820.pdf,https://kind.krx.co.kr/external/dst/irReference/17222/IR자료(25Y2실적 반영)_250820.pdf,7b74da174f1215d9fae31d229f9b203b356fd3d294a4ef8a22f8743921cac797,"3,18,19",1
056190,SFA,2025-12-16,2025 SFA Techday 발표자료_251216_최종_1.pdf,https://kind.krx.co.kr/external/dst/irReference/17907/2025 SFA Techday 발표자료_251216_최종_1.pdf,51b0e96323d95745e4310e7d81a77c6b2a7cbfdbed5dca5fda5027b37ddce460,,
056190,SFA,2025-12-16,2025 SFA Techday 발표자료_251216_최종_2.pdf,https://kind.krx.co.kr/external/dst/irReference/17907/2025 SFA Techday 발표자료_251216_최종_2.pdf,83ec40dcbb9d636b53fe3cd2dd716fe9a34ef88cb87500e9a390579c87ae3044,,
056190,SFA,2026-02-12,(실적발표)2025년 연간_최종_260212_SFA.pdf,https://kind.krx.co.kr/external/dst/irReference/18068/(실적발표)2025년 연간_최종_260212_SFA.pdf,5edd18b80744b4a033725dfe1d3fa44a24c70be51e797f5afd0e414d35e6f044,"6,7",
056190,SFA,2026-05-20,(IR자료)_에스에프에이_26Y1Q_Final_260515(2).pdf,https://kind.krx.co.kr/external/dst/irReference/18568/(IR자료)_에스에프에이_26Y1Q_Final_260515(2).pdf,16f4d174dd38269060aac86e240c2fedfbc7110bfe3a08648e8421dff6df45b8,,"1,2,3,4,5,6,7,8,9,10,11,12,13,14,15,16,17,18,19,20,21,22,23,24,25,26,27"
056190,SFA,2026-08-12,(IR자료)_SFA_26Y2Q_최종_260812_실적발표자료V5.pdf,https://kind.krx.co.kr/external/dst/irReference/19047/(IR자료)_SFA_26Y2Q_최종_260812_실적발표자료V5.pdf,f96ab220f955ddcda8a9be2d90c6a8005376a1bf1dcc7a989d69816838b7b6b0,"3,7,8,9,10,20",
058970,엠로,2024-01-29,엠로 23년 4분기 실적발표 (1).pdf,https://kind.krx.co.kr/external/dst/irReference/14609/엠로 23년 4분기 실적발표 (1).pdf,f55d852003605a1725cda8e0715d0372c71c96ac2c07e1a42e7db20e4fb68356,,"1,9,10"
058970,엠로,2024-05-21,엠로 24년 1분기 실적발표자료.pdf,https://kind.krx.co.kr/external/dst/irReference/15146/엠로 24년 1분기 실적발표자료.pdf,9c166ff137f9daa44359a05f15ba35395ec9ceced3fad4052f0cfc5cb4d6b7a6,,"1,3,9,10"
058970,엠로,2024-06-05,엠로 IR Book_키움증권 Corpday.pdf,https://kind.krx.co.kr/external/dst/irReference/15268/엠로 IR Book_키움증권 Corpday.pdf,af96c3b40e6ec34bb62cd4ab4e113ffe8d4375be8c429802bc64f82cc9c7853d,,"1,2,3,4,6,10,11,12,13,14,15,16,17,19,22,29,31,32,34"
058970,엠로,2024-06-26,엠로 IR Book_IBK투자증권 NDR.pdf,https://kind.krx.co.kr/external/dst/irReference/15336/엠로 IR Book_IBK투자증권 NDR.pdf,76f64e00457e94696d86ac52082fd37ab78b1e684b8e398781afc9d08b098d0b,,"1,2,3,4,6,10,11,12,13,14,15,16,18,20,23,30,32,33,35"
058970,엠로,2024-08-05,엠로 24년 2분기 실적발표자료.pdf,https://kind.krx.co.kr/external/dst/irReference/15453/엠로 24년 2분기 실적발표자료.pdf,3cfb1bf042b96f6f171311daa921a9c9283a02f8e7ea0e36d38201e8cf4bc283,,"1,3,10,11,12,13,19,20"
058970,엠로,2024-09-09,엠로 IR Book_한화 Corpday.pdf,https://kind.krx.co.kr/external/dst/irReference/15698/엠로 IR Book_한화 Corpday.pdf,83fd1d13876d60631a4f69a55bb56a8665a8c368cd4a5c94331717828e1576e8,,"1,2,3,4,6,10,11,12,13,14,15,16,18,21,31,33,34,36,39"
058970,엠로,2024-11-11,엠로 24년 3분기 실적발표자료.pdf,https://kind.krx.co.kr/external/dst/irReference/15913/엠로 24년 3분기 실적발표자료.pdf,0dbffbd5b564bb0961f2b2ea27ed1c6bbb5467d1f3cac1c97cf169da6664ef74,,"1,2,3,8,9"
058970,엠로,2025-04-21,엠로 25년 1분기 실적발표자료.pdf,https://kind.krx.co.kr/external/dst/irReference/16532/엠로 25년 1분기 실적발표자료.pdf,ff4a79f9916ac4c2c90c5226d40f0fbf187f196d61ae1e08e73f6bb32ab3e154,,"1,2,3,9,10"
058970,엠로,2025-04-24,엠로_키움 Corpday.pdf,https://kind.krx.co.kr/external/dst/irReference/16533/엠로_키움 Corpday.pdf,a6f0e1e4dd8121c23b74d867a1e7e53e61b0c521c8d678bb24d9305fa6bcf18a,,"1,2,3,4,5,6,8,9,11,14,18,19"
058970,엠로,2025-08-18,엠로 25년 2분기 실적발표자료.pdf,https://kind.krx.co.kr/external/dst/irReference/17175/엠로 25년 2분기 실적발표자료.pdf,51e0c72d7acf7079bcc01b01e58edc99fb8a820115d1883a3853f02d26f7f621,,"1,2,3,9,10"
058970,엠로,2025-10-23,엠로_투자자 간담회.pdf,https://kind.krx.co.kr/external/dst/irReference/17496/엠로_투자자 간담회.pdf,65c89e505bccb89609b293718052e84fcf530adb5e7ab62629a5d12eb6c4fca8,,
058970,엠로,2025-11-19,엠로 NH투자증권 Corpday-compressed.pdf,https://kind.krx.co.kr/external/dst/irReference/17701/엠로 NH투자증권 Corpday-compressed.pdf,d56ab6263312f8aae887de00c84fb2fca031492e49f64ad718e58640e6ad2555,16,
058970,엠로,2026-05-27,엠로 26년 1분기 실적발표자료.pdf,https://kind.krx.co.kr/external/dst/irReference/18640/엠로 26년 1분기 실적발표자료.pdf,5b834c17d6941b215c9d410149c14ad26fa46abdb4b9fe69525c5bb5c7b6a1ef,"3,8",
058970,엠로,2026-08-18,엠로 26년 2분기 실적발표자료.pdf,https://kind.krx.co.kr/external/dst/irReference/19088/엠로 26년 2분기 실적발표자료.pdf,0823d2f48c944ff20538b784636cb069741f9f59b67e6be6ddbad14d4ff82d3b,"3,8",
059090,미코,2024-03-06,(주)미코 IR BOOK _20240305_인쇄본.pdf,https://kind.krx.co.kr/external/dst/irReference/14791/(주)미코 IR BOOK _20240305_인쇄본.pdf,191794eb17f50296abb85858eca24ee096d25bddd8a8e3c812e2e7a8ff82c937,,
059090,미코,2024-08-27,MiCo IR Book 2024 2Q.pdf,https://kind.krx.co.kr/external/dst/irReference/15625/MiCo IR Book 2024 2Q.pdf,7cd21cfa8a514df3b49e5efbb429c045bb162db502eeb431d454506ec8a2bd1f,,
059090,미코,2024-09-10,MiCo IR Book 2024 2Q _ 240910.pdf,https://kind.krx.co.kr/external/dst/irReference/15708/MiCo IR Book 2024 2Q _ 240910.pdf,7cd21cfa8a514df3b49e5efbb429c045bb162db502eeb431d454506ec8a2bd1f,,
059090,미코,2024-12-09,MiCo IR Book 2024 3Q.pdf,https://kind.krx.co.kr/external/dst/irReference/16116/MiCo IR Book 2024 3Q.pdf,ac868110fbc2e37ec6ed3f1b3c980b28e01bd5063d323bdaf1b8513960fce050,,
059090,미코,2025-05-21,MiCo IR Book 2025.1Q_(NDR).pdf,https://kind.krx.co.kr/external/dst/irReference/16754/MiCo IR Book 2025.1Q_(NDR).pdf,46f216c8461c11a250055113d359ba1e3fa5e71655d771ee4519a8b59f005148,,
059090,미코,2026-05-26,MiCo IR Book 2026 1Q.pdf,https://kind.krx.co.kr/external/dst/irReference/18621/MiCo IR Book 2026 1Q.pdf,06777275d05056cad96d5fd21923608d22a53a268fb7d1cbbf9e3bf935d75ff1,"19,20,21",
059210,메타바이오메드,2026-06-18,(주)메타바이오메드_IR자료.pdf,https://kind.krx.co.kr/external/dst/irReference/18809/(주)메타바이오메드_IR자료.pdf,df46561b330ad867fa2c69c18bb69da4b1d23822f5b077ad27dc8a7c3c84c9b0,,"1,2,3,4,5,6,7,8,9,10,11,12,13,14,15,16,17,18,19,20,21,22,23"
059210,메타바이오메드,2026-09-15,메타바이오메드_IR 공시용.pdf,https://kind.krx.co.kr/external/dst/irReference/19331/메타바이오메드_IR 공시용.pdf,35dfdd4a527c02b47c91e313ce6b55ea67fe53246b5499387783fdea55520e33,,"1,2,3,4,5,6,7,9,11,12,13,14,15,16,17,18,19,20,21,22,23,24,25,26,27,28,29,30,31,32,33"
060370,LS마린솔루션,2024-09-05,240905_Value-up Day 발표 자료.pdf,https://kind.krx.co.kr/external/dst/irReference/15683/240905_Value-up Day 발표 자료.pdf,4381e5671d1a13285385deb71b4fae16afe867b09523febee0768922480aeffd,,"1,3"
060370,LS마린솔루션,2024-09-25,240925_LS증권 Corp. Day 발표 자료.pdf,https://kind.krx.co.kr/external/dst/irReference/15751/240925_LS증권 Corp. Day 발표 자료.pdf,97aca40ecaf36f8812c7c00a5c0fab361be4a4d3349f599abb3fc5418bd2afa1,16,"1,3"
060370,LS마린솔루션,2025-05-27,LS마린솔루션_IR PPT_202505_유상증자 설명회.pdf,https://kind.krx.co.kr/external/dst/irReference/16813/LS마린솔루션_IR PPT_202505_유상증자 설명회.pdf,8df08577630be1069ae8cb6a354164dd480d00f2c0657803b7e19f24a5ec9804,,
060370,LS마린솔루션,2025-07-10,250710_Corp day 발표자료_V4.pdf,https://kind.krx.co.kr/external/dst/irReference/17014/250710_Corp day 발표자료_V4.pdf,57ec4e188a81e7601c574e82778cb73d3a698076a58bab252a2f00ed72abb3e6,,
060370,LS마린솔루션,2025-10-29,LS마린솔루션_IR PPT_2025.10_V1.pdf,https://kind.krx.co.kr/external/dst/irReference/17521/LS마린솔루션_IR PPT_2025.10_V1.pdf,25933c58df02f05e76687f922d9e90739b1a287cb5ce5e597bd9fa062c8a35c6,,
060370,LS마린솔루션,2026-09-09,LS마린솔루션_IR PPT_2026.09_V1.pdf,https://kind.krx.co.kr/external/dst/irReference/19281/LS마린솔루션_IR PPT_2026.09_V1.pdf,ed9219ce9442fe1b977304a32e06be480a3193b897f7432e6a2f9ce882fc649b,,
062040,산일전기,2024-08-30,240828 산일전기 IR Book_최종.pdf,https://kind.krx.co.kr/external/dst/irReference/15651/240828 산일전기 IR Book_최종.pdf,2b735f693a0f42071ff32d8210b0905a0d3ae7521bef0e86cffe0fb154c712ed,13,27
064760,티씨케이,2025-11-17,TCK_IR Material_Eng.pdf,https://kind.krx.co.kr/external/dst/irReference/17679/TCK_IR Material_Eng.pdf,604d6a68948f695cdd60949407ba1a16e77688c971b61e22207ef6234eea4521,,29
064760,티씨케이,2026-09-07,TCK IR_Eng.pdf,https://kind.krx.co.kr/external/dst/irReference/19246/TCK IR_Eng.pdf,df5aa51b5f8ecd87031477cf070a573449ee6d6bd8b97a548ec72fefc1df3310,,28
064760,티씨케이,2026-09-07,TCK IR_Kor.pdf,https://kind.krx.co.kr/external/dst/irReference/19246/TCK IR_Kor.pdf,741af95d3495ca4f9a6c1459b2255cde1dcc737994c0b03c900d7f1cc6c164a5,,28
066970,엘앤에프,2024-02-01,L&F 23년 4분기 실적발표회.pdf,https://kind.krx.co.kr/external/dst/irReference/14628/L&F 23년 4분기 실적발표회.pdf,a1c0d524b08d4a7e926515a7372218c312b87bfcf21230944498cf6fa29414d1,,
066970,엘앤에프,2024-05-09,(ENG) 1Q.2024 Earnings Release.pdf,https://kind.krx.co.kr/external/dst/irReference/15036/(ENG) 1Q.2024 Earnings Release.pdf,779e3df05a9a4d25f0f278a4399727704a730c5ecd50701cd7f35f088c6ebc4a,,
066970,엘앤에프,2024-05-09,"L&F '24년 1분기 실적발표_(KIND,홈페이지게시).pdf","https://kind.krx.co.kr/external/dst/irReference/15036/L&F '24년 1분기 실적발표_(KIND,홈페이지게시).pdf",2258ca54663fec7048bd0ab55c2d3b6bd39b2f256d14cb390d1a19a73075237d,,
066970,엘앤에프,2024-08-06,"L&F '24년 2분기 실적발표_(KIND,홈페이지게시).pdf","https://kind.krx.co.kr/external/dst/irReference/15458/L&F '24년 2분기 실적발표_(KIND,홈페이지게시).pdf",87a541e8ab53a2648552b27fbb5e41543492e5fa056ed4190d5256a37127aa34,,12
066970,엘앤에프,2024-11-01,"L&F '24년 3분기 실적발표_(KIND,홈페이지게시).pdf","https://kind.krx.co.kr/external/dst/irReference/15842/L&F '24년 3분기 실적발표_(KIND,홈페이지게시).pdf",35e61181b91b1ae6dbd687a01c9b8327c9113aa394538047dc7afdb6e2daa44c,,"1,2,3,12"
066970,엘앤에프,2025-02-05,[엘앤에프] 24.4Q 실적발표회 발표 자료.pdf,https://kind.krx.co.kr/external/dst/irReference/16207/[엘앤에프] 24.4Q 실적발표회 발표 자료.pdf,7e46f5ab3634eb82841d2e1bc0a60fd5484e6a283f04a7800a042553fd2420be,,"1,12"
066970,엘앤에프,2025-04-30,[엘앤에프] 25.1Q 실적발표회 발표 자료.pdf,https://kind.krx.co.kr/external/dst/irReference/16584/[엘앤에프] 25.1Q 실적발표회 발표 자료.pdf,f189525a8656eda784699a79c625659d1d6e5e3e2609126fbd0729032c549e6a,7,11
066970,엘앤에프,2025-07-30,[엘앤에프] 25.2Q 실적발표회 발표 자료.vf.kor.pdf,https://kind.krx.co.kr/external/dst/irReference/17078/[엘앤에프] 25.2Q 실적발표회 발표 자료.vf.kor.pdf,781a45456511700e176388d1b15c1c19998c0bf4704f59333372667fad6ab2fa,,11
066970,엘앤에프,2025-10-29,[엘앤에프] 25년3Q 실적발표회 발표 자료.vf.pdf,https://kind.krx.co.kr/external/dst/irReference/17528/[엘앤에프] 25년3Q 실적발표회 발표 자료.vf.pdf,5dd9ee31ca3ddee452711ac9fdfe7f4cca83891ec5edb92bc4424f5fee50a69d,,11
066970,엘앤에프,2026-02-05,[L&F] Q4 2025 Earnings Release.vf.pdf,https://kind.krx.co.kr/external/dst/irReference/17999/[L&F] Q4 2025 Earnings Release.vf.pdf,5c33d29b033f6e8a4cefd1dfef7b8c28f6de7949298791ff50f4d819d416dfde,,
066970,엘앤에프,2026-02-05,[엘앤에프] '25년4Q 실적발표회 발표 자료.vf.pdf,https://kind.krx.co.kr/external/dst/irReference/17999/[엘앤에프] '25년4Q 실적발표회 발표 자료.vf.pdf,5d8fc47c64957ba6cbfe7974842a29cbb2f388adb3a0959aa5024309646a2daa,,
066970,엘앤에프,2026-04-30,[ENG] 26.1Q 실적발표회 영문 발표 자료.pdf,https://kind.krx.co.kr/external/dst/irReference/18424/[ENG] 26.1Q 실적발표회 영문 발표 자료.pdf,02f1bdfaca7d192d810a8104f914cea12d84be535fc6f0d955e10fceb7f3c1ab,,
066970,엘앤에프,2026-04-30,[IR팀] 26.1Q 실적발표회 발표 자료.pdf,https://kind.krx.co.kr/external/dst/irReference/18424/[IR팀] 26.1Q 실적발표회 발표 자료.pdf,010427b78b794b72909df2d9a15cd8ce3bba6040e48fea3946a5f6cd28816efc,,
066970,엘앤에프,2026-08-06,[ENG] 26.2Q 실적발표회 발표 자료.vf.pdf,https://kind.krx.co.kr/external/dst/irReference/19008/[ENG] 26.2Q 실적발표회 발표 자료.vf.pdf,a21f64c232bba7877b10dc0cbd858d41afe3205e5907505b39c132aa133d96ad,,
066970,엘앤에프,2026-08-06,[IR팀] 26.2Q 실적발표회 발표 자료.vf.pdf,https://kind.krx.co.kr/external/dst/irReference/19008/[IR팀] 26.2Q 실적발표회 발표 자료.vf.pdf,ac941b905feebe23cf4c4a111a10e4d3d57a0c981cbbc777295a64e0d9d4111d,,
068790,DMS,2026-04-29,IR Book_DMS(260424).pdf,https://kind.krx.co.kr/external/dst/irReference/18387/IR Book_DMS(260424).pdf,6024100f67600ad984d61992de7d5e52779321f5fea15ffdbde49dd1bdf4ca11,,
068790,DMS,2026-07-22,IR Book_DMS(260722).pdf,https://kind.krx.co.kr/external/dst/irReference/18935/IR Book_DMS(260722).pdf,fa89f64787d987cc6720aeeecd10aae77d295e056088d8aac809e28b1a35b85c,,
077360,덕산하이메탈,2024-05-14,DSHM_24.1Q(KR)_V8.pdf,https://kind.krx.co.kr/external/dst/irReference/15061/DSHM_24.1Q(KR)_V8.pdf,f832692acc6f401814116652dc9ee4838c4a66640822489ce0ad181c0c99ecc8,,
077360,덕산하이메탈,2024-08-19,DSHM_24.2Q(KR)_240813_v0.30final.pdf,https://kind.krx.co.kr/external/dst/irReference/15540/DSHM_24.2Q(KR)_240813_v0.30final.pdf,fc4de5a58defab50d2a1380fdda1f337226564ca22e25c9698b7b6c57e23d303,"70,78",
077360,덕산하이메탈,2025-10-30,(DSHM)_2025_10.pdf,https://kind.krx.co.kr/external/dst/irReference/17531/(DSHM)_2025_10.pdf,9d48a318d8509827629553c7a8e6065778c08875ab8157fd2c445d409c268a6f,,
077360,덕산하이메탈,2025-11-03,덕산하이메탈.pdf,https://kind.krx.co.kr/external/dst/irReference/17541/덕산하이메탈.pdf,9d48a318d8509827629553c7a8e6065778c08875ab8157fd2c445d409c268a6f,,
077360,덕산하이메탈,2026-02-26,덕산하이메탈 기업설명회(IR) 자료_260226.pdf,https://kind.krx.co.kr/external/dst/irReference/18127/덕산하이메탈 기업설명회(IR) 자료_260226.pdf,93882926de23525a9105c3081e40715b78539db524cb09605e72d1b355503a0e,,
077360,덕산하이메탈,2026-05-19,DSHM_2026_1Q_IR_EN.pdf,https://kind.krx.co.kr/external/dst/irReference/18573/DSHM_2026_1Q_IR_EN.pdf,4b662ff25b3c15fd89bd9e90ba418a6e5a54be2b4d739ee45579ff4e609b983d,15,
077360,덕산하이메탈,2026-05-19,DSHM_2026_1Q_IR_KR.pdf,https://kind.krx.co.kr/external/dst/irReference/18573/DSHM_2026_1Q_IR_KR.pdf,7c89ff4547376472f02d07886af498962123078ce2ee4763bc6c757f5d4316d9,15,
077360,덕산하이메탈,2026-08-07,DSHM_2026_2Q_IR_KR_B.pdf,https://kind.krx.co.kr/external/dst/irReference/19010/DSHM_2026_2Q_IR_KR_B.pdf,2f0e32b0e4b635f81f8d0e73acd15f4bfe3c52cbfcfdb0972efbbec36b8af690,15,
078150,HB테크놀러지,2024-06-03,HBT_회사소개서_20240603(NDR).pdf,https://kind.krx.co.kr/external/dst/irReference/15249/HBT_회사소개서_20240603(NDR).pdf,ef96613027422ad91cab219076c519264ba28f059f02a5149dd7f9a6c3ec03a4,,
079550,LIG디펜스앤에어로스페이스,2024-03-29,FY23_4Q_LIG_Nex1 IR Book(ENG).pdf,https://kind.krx.co.kr/external/dst/irReference/14856/FY23_4Q_LIG_Nex1 IR Book(ENG).pdf,f74b9e1fc502e48a28ca713c2a2fa98f5ea01076f39a78542a5b236df0dedc4a,,2
079550,LIG디펜스앤에어로스페이스,2024-03-29,FY23_4Q_LIG_Nex1 IR Book(KOR).pdf,https://kind.krx.co.kr/external/dst/irReference/14856/FY23_4Q_LIG_Nex1 IR Book(KOR).pdf,0904a4c0ade30693ec680f63a7217a5279c6484c3240f2ebf888009e43373cc0,,2
079550,LIG디펜스앤에어로스페이스,2024-04-29,[LIG+Nex1]FY24_1Q_Interim_Performance.pdf,https://kind.krx.co.kr/external/dst/irReference/14965/[LIG+Nex1]FY24_1Q_Interim_Performance.pdf,9f70ea9106887e7c105dee8d51b3ae82ff9df637bb7b8b62a235e35ad135157e,7,2
079550,LIG디펜스앤에어로스페이스,2024-04-29,[LIG넥스원]24년+1분기+영업(잠정)실적(KOR).pdf,https://kind.krx.co.kr/external/dst/irReference/14965/[LIG넥스원]24년+1분기+영업(잠정)실적(KOR).pdf,e0b9ab1e93634c681e98eb9036d98113ff2c522aeadee40a0c2506effeeb6d20,7,2
079550,LIG디펜스앤에어로스페이스,2024-07-26,[LIG Nex1]FY24_2Q_Interim_Performance.pdf,https://kind.krx.co.kr/external/dst/irReference/15420/[LIG Nex1]FY24_2Q_Interim_Performance.pdf,fa185412d2d0b5b68e9a3dc57662a1f37ace2e806275831a66d01266ab27b40f,7,2
079550,LIG디펜스앤에어로스페이스,2024-07-26,[LIG넥스원]24년 2분기 영업(잠정)실적(KOR).pdf,https://kind.krx.co.kr/external/dst/irReference/15420/[LIG넥스원]24년 2분기 영업(잠정)실적(KOR).pdf,4810c55e0842f2eba0cda1fd70155ac7706f09d578c0c4e43eeffc027d390c38,7,2
079550,LIG디펜스앤에어로스페이스,2024-11-08,[LIG넥스원]24년 3분기 영업(잠정)실적(KOR).pdf,https://kind.krx.co.kr/external/dst/irReference/15910/[LIG넥스원]24년 3분기 영업(잠정)실적(KOR).pdf,adb3f0e226b6a23c982a599d68f34d03cc1b8d56c450fb5066f386db27a261cf,7,2
079550,LIG디펜스앤에어로스페이스,2025-08-11,[LIG넥스원]25년 2분기 영업(잠정)실적(KOR).pdf,https://kind.krx.co.kr/external/dst/irReference/17188/[LIG넥스원]25년 2분기 영업(잠정)실적(KOR).pdf,d79c6d9f6e88545f8300fc02496ee422f85d8e81e28ac12a540847b4a31c1708,7,2
079550,LIG디펜스앤에어로스페이스,2025-08-25,2Q25_IR_Book_KOR.pdf,https://kind.krx.co.kr/external/dst/irReference/17205/2Q25_IR_Book_KOR.pdf,18e2576012aaeff2076b08f887a9872276fdca6697312e6cfd1a7f6441be7602,6,2
082920,비츠로셀,2025-10-17,(국문)_IR_Vitzrocell_202510_v01.pdf,https://kind.krx.co.kr/external/dst/irReference/17470/(국문)_IR_Vitzrocell_202510_v01.pdf,95f786fac68fa04f04261da2e9fc91c0cdb5cf9989e96f448b7ccc19acc878f2,,
083450,GST,2024-11-27,(GST) IR_3Q_2024_KOR.pdf,https://kind.krx.co.kr/external/dst/irReference/16040/(GST) IR_3Q_2024_KOR.pdf,bad77f7bf82cb96e6e80f9e51b25861a8123839fd9a88039fa1a51318500643a,,
083450,GST,2025-02-17,(GST) IR_3Q_2024_KOR_202502.pdf,https://kind.krx.co.kr/external/dst/irReference/16264/(GST) IR_3Q_2024_KOR_202502.pdf,6a00eae3ce07cb9a946aae99349b4f5f2d9d00616715545a440c41e3400e7a21,,
083450,GST,2025-11-24,(GST) IR_3Q_2025_KOR.pdf,https://kind.krx.co.kr/external/dst/irReference/17750/(GST) IR_3Q_2025_KOR.pdf,3cd7c9a24e405386483aec33faa8e7625c018fa09454f55e237b2239039aeee9,,
083650,비에이치아이,2024-09-27,[2024]BHI IR BOOK_Final_요약 Ver. - 24page.pdf,https://kind.krx.co.kr/external/dst/irReference/15767/[2024]BHI IR BOOK_Final_요약 Ver. - 24page.pdf,849aa89df3d36b4c6dc1a7eee496ea669a3628909be4a869a8fb7db0f4170320,,"1,2,3,6,12,19,24"
083650,비에이치아이,2024-11-19,[2024]BHI IR BOOK_Final_요약(추가) Ver. - 26page(3분기 반영).pdf,https://kind.krx.co.kr/external/dst/irReference/16000/[2024]BHI IR BOOK_Final_요약(추가) Ver. - 26page(3분기 반영).pdf,b6f01da1c9945bac00bd0b479076723705413154c41b85cd2fb41be21654bc0c,,"1,2,3,8,14,21,26"
083650,비에이치아이,2025-05-28,[2025 1Q]BHI IR BOOK.pdf,https://kind.krx.co.kr/external/dst/irReference/16809/[2025 1Q]BHI IR BOOK.pdf,04b7bd7db9f0274653673f0df91254b7c86e2b91bb1070fcf3a9f1d68db6eb17,,"1,2,3,8,14,21,26"
083930,아바코,2024-02-06,아바코 2024 IR Book.pdf,https://kind.krx.co.kr/external/dst/irReference/14639/아바코 2024 IR Book.pdf,26befc4f23f18c1eae5a573356728d5dbb82321a10ea0642c0052a028da6cbc1,23,1
083930,아바코,2024-06-27,아바코 2024 IR Book_Ver3_240627.pdf,https://kind.krx.co.kr/external/dst/irReference/15345/아바코 2024 IR Book_Ver3_240627.pdf,9296c046e15dbd64d87b4f7e0c9c6aedca001c6142027ceb78ed435bc811a864,,
083930,아바코,2024-08-13,아바코 IR Book_2024.pdf,https://kind.krx.co.kr/external/dst/irReference/15516/아바코 IR Book_2024.pdf,72871708657c750e1409dff2c48a1c354496a02947382a99654e284390be00b0,,
083930,아바코,2024-11-26,(IFG) 아바코 IR Book.pdf,https://kind.krx.co.kr/external/dst/irReference/16035/(IFG) 아바코 IR Book.pdf,3b6b240fd97a078372ca6aa228440885e048f12e33c3611ddf9306f6e3a2e8c6,,
083930,아바코,2025-02-07,아바코 IR Book.pdf,https://kind.krx.co.kr/external/dst/irReference/16211/아바코 IR Book.pdf,7f28f4695552154379a250809ee8f37f2136da38831fa214b562bfb7f5615918,"9,18",
083930,아바코,2025-03-12,아바코 IR Book_2025_ver1.pdf,https://kind.krx.co.kr/external/dst/irReference/16402/아바코 IR Book_2025_ver1.pdf,506e4fa3b30258427eb4503ed26ccb1057dffaee3d2b70b9a7a420140b2a1924,,
083930,아바코,2025-04-10,아바코 IR Book_2025년_IR협의회 발표용.pdf,https://kind.krx.co.kr/external/dst/irReference/16516/아바코 IR Book_2025년_IR협의회 발표용.pdf,f6937ba9c241852cd10e4e3c9855613c0520893f699bba696188c2ad8bd78b62,47,
083930,아바코,2025-06-18,아바코 IR Book_2025년_1Q.pdf,https://kind.krx.co.kr/external/dst/irReference/16907/아바코 IR Book_2025년_1Q.pdf,c0f6c50d68799e0b476234ade9f05d7e63a98d414cf14533e589343c9185d709,,
083930,아바코,2025-09-01,아바코 IR Book_2025년_v3_암호화 해제.pdf,https://kind.krx.co.kr/external/dst/irReference/17304/아바코 IR Book_2025년_v3_암호화 해제.pdf,72d4f9bda3d0f41e75037463ccfddf5a9563e36b034547ec3f2f90ec3efa9b81,"11,40,41",
083930,아바코,2025-12-04,아바코 IR Book_2025년_v5.1_3Q_암호화 해제.pdf,https://kind.krx.co.kr/external/dst/irReference/17858/아바코 IR Book_2025년_v5.1_3Q_암호화 해제.pdf,12d93845648639d1529de8aa91f0e205587d1c0e666c702d3ab5b3b6b20e3ead,,
083930,아바코,2026-06-24,아바코_IR_Book_2026년.pdf,https://kind.krx.co.kr/external/dst/irReference/18832/아바코_IR_Book_2026년.pdf,710256941e498cd64e05658a2308107a12ff04e23101c9918f8bccc862ba107f,,"3,9,26,31"
086890,이수앱지스,2025-02-26,이수앱지스_IR BOOK_20250226_부산.pdf,https://kind.krx.co.kr/external/dst/irReference/16351/이수앱지스_IR BOOK_20250226_부산.pdf,0a39cbb6259e9fe330275ebcd5d71d9c452ee54982ba06fe1741b2cc83cfc4cd,,"1,2,3,4,5,6,7,9,11,13,14,15,16,18,19,20,21,22,23,25,27,28,32"
086890,이수앱지스,2025-03-12,이수앱지스_IR BOOK_20250312_LS증권.pdf,https://kind.krx.co.kr/external/dst/irReference/16404/이수앱지스_IR BOOK_20250312_LS증권.pdf,1dda818fee53551aa1ed896c58c5afb2abb5d6c40540aca0a5bcf057eba4c7ca,,"1,2,3,4,5,6,7,9,11,13,14,15,16,18,19,20,21,22,23,25,27,28,32"
086890,이수앱지스,2025-04-08,이수앱지스_IR BOOK_20250408_09_광주.pdf,https://kind.krx.co.kr/external/dst/irReference/16502/이수앱지스_IR BOOK_20250408_09_광주.pdf,8baa87b1c063b8905ed1371855391a209bf8d428e9ac4c34df126d7471dc41b7,,"1,2,3,4,5,6,7,9,11,13,14,15,16,18,19,20,21,22,23,25,27,28,32"
086890,이수앱지스,2025-05-09,이수앱지스_IR BOOK_20250509_리딩투자증권 2.pdf,https://kind.krx.co.kr/external/dst/irReference/16621/이수앱지스_IR BOOK_20250509_리딩투자증권 2.pdf,3673f64d6169ddad63fbd784284a6f2da3ddd5e6f40db0b2279df1aec34eef44,,"1,2,3,4,5,6,7,9,11,13,14,15,16,18,19,20,21,22,23,25,27,28,32"
086890,이수앱지스,2025-05-12,이수앱지스_IR BOOK_20250512_상상인증권.pdf,https://kind.krx.co.kr/external/dst/irReference/16628/이수앱지스_IR BOOK_20250512_상상인증권.pdf,3673f64d6169ddad63fbd784284a6f2da3ddd5e6f40db0b2279df1aec34eef44,,"1,2,3,4,5,6,7,9,11,13,14,15,16,18,19,20,21,22,23,25,27,28,32"
086890,이수앱지스,2025-05-29,IR Book_1Q2025_ISUABXIS_FFF.pdf,https://kind.krx.co.kr/external/dst/irReference/16817/IR Book_1Q2025_ISUABXIS_FFF.pdf,5577fd7eda0680e3588a2f42ac65a82ade80df5eaa0fe6d6778acb38cedb2d16,,2
086890,이수앱지스,2025-06-25,IR Book_1Q2025_ISUABXIS_Fv25.06.23.pdf,https://kind.krx.co.kr/external/dst/irReference/16941/IR Book_1Q2025_ISUABXIS_Fv25.06.23.pdf,36007ab9ae4ecd56538043570a81a5068d91ea5914ca0acb7b21b815944aedce,,2
086890,이수앱지스,2025-08-12,IR Book_2Q2025_ISUABXIS.pdf,https://kind.krx.co.kr/external/dst/irReference/17132/IR Book_2Q2025_ISUABXIS.pdf,6f99359ed6a290864455fd8e4fa2bd720fae24d68d7dae492189e19850927f1b,,"2,19"
086890,이수앱지스,2025-09-09,IR Book_2Q2025_ISUABXIS_FFF.pdf,https://kind.krx.co.kr/external/dst/irReference/17352/IR Book_2Q2025_ISUABXIS_FFF.pdf,b3f21cf4a9b6ba21d78b7f9086c8f5cf4a09493ed9decf7ce32d613e3c5c87eb,,"2,19"
086890,이수앱지스,2025-09-23,IR Book_2Q2025_ISUABXIS_25.09.pdf,https://kind.krx.co.kr/external/dst/irReference/17429/IR Book_2Q2025_ISUABXIS_25.09.pdf,9b60eeabe53e1d8bc26a84a084c9efdf8a2a940b421c7673385de907742b61da,,"2,19"
086890,이수앱지스,2025-11-05,이수앱지스_IR BOOK_2025(국문).pdf,https://kind.krx.co.kr/external/dst/irReference/17571/이수앱지스_IR BOOK_2025(국문).pdf,7770c6f932ba79109314c140fe9bd2674e6befb0272d8e8c13f9185b5f06168b,,"2,3,7,13,14,16,18,19,20,24,28,30,31,32,33"
086890,이수앱지스,2025-11-10,이수앱지스_IR BOOK 3Q_2025_F.pdf,https://kind.krx.co.kr/external/dst/irReference/17608/이수앱지스_IR BOOK 3Q_2025_F.pdf,a930b51c4908d1869b4b369007a9afd5e5c26805d075fcf8ac8fde575fc9b2b9,,"2,3,7,13,14,16,18,19,20,24,28,30,31,32,33"
086890,이수앱지스,2025-12-11,이수앱지스_IR BOOK 3Q_2025_final.pdf,https://kind.krx.co.kr/external/dst/irReference/17890/이수앱지스_IR BOOK 3Q_2025_final.pdf,675361f2fb2d1fbbd3b789c5c941ac03de42b17bfe34c28eb0203468c20ed764,,"2,3,7,13,14,16,18,19,20,24,28,30,31,32,33"
086890,이수앱지스,2026-02-11,이수앱지스_IR BOOK_2026_미래에셋증권 후원.pdf,https://kind.krx.co.kr/external/dst/irReference/18039/이수앱지스_IR BOOK_2026_미래에셋증권 후원.pdf,c40c54be2914ba6873b62773b50d708e5e1f313bf974c969f4da4f33d85d8d0c,,"2,3,7,13,14,16,18,19,20,25,26,27,28"
086890,이수앱지스,2026-04-07,이수앱지스_IR BOOK_그룹통합 IR_20260407_final 3.pdf,https://kind.krx.co.kr/external/dst/irReference/18272/이수앱지스_IR BOOK_그룹통합 IR_20260407_final 3.pdf,776380e2fdc827f02b6d6f1052bb8e40b7de2cf34cb7b9a93fcf9556c3ca6810,,"2,3,7,16,17,19,21,22,23,28,30,35,37"
086890,이수앱지스,2026-08-18,260814_그룹통합 IR BOOK_FF_이수앱지스.pdf,https://kind.krx.co.kr/external/dst/irReference/19078/260814_그룹통합 IR BOOK_FF_이수앱지스.pdf,2d48657bb957394d7defcfc2cca6c1eabe88de9e8866ad735b7fbc7aba0b6bc0,,
089030,테크윙,2024-01-18,TechWing IR Book 2024_20240118(공시).pdf,https://kind.krx.co.kr/external/dst/irReference/14593/TechWing IR Book 2024_20240118(공시).pdf,0825181bf32be3a73f42bd8ddfed3ad0754d272e685fe29de77bc70a89c55201,,
089030,테크윙,2024-04-17,TechWing IR Book 1Q24Y_20240417(공시).pdf,https://kind.krx.co.kr/external/dst/irReference/14915/TechWing IR Book 1Q24Y_20240417(공시).pdf,d33f660f38fc1db849f454988cd418bed39ea4a480a8b05e1fbb88b472e6a151,,
089030,테크윙,2024-05-13,TechWing IR Book 1Q24Y_20240513(공시).pdf,https://kind.krx.co.kr/external/dst/irReference/15063/TechWing IR Book 1Q24Y_20240513(공시).pdf,e22c2042fcd0386c86f4c07bbe9a8e43aacc2217d0f7f38baf935389087ce84e,,
089030,테크윙,2024-07-24,TechWing IR Book 2Q24(국문_ver).pdf,https://kind.krx.co.kr/external/dst/irReference/15415/TechWing IR Book 2Q24(국문_ver).pdf,1c8a587a755fa9ecb5fb1dc238e7ac4003fe1882dba4e28d37d96532f7582571,,
089030,테크윙,2024-12-10,TechWing IR Book 3Q24.pdf,https://kind.krx.co.kr/external/dst/irReference/16122/TechWing IR Book 3Q24.pdf,f7aadbc9ba499a9c877a9745f4e5d0fccab1c94678b9e98671e814ecf1bd1477,,
089030,테크윙,2025-05-12,TechWing IR Book 1Q25.pdf,https://kind.krx.co.kr/external/dst/irReference/16635/TechWing IR Book 1Q25.pdf,1d0a8293bf54b34215ad996f830618fa96607c68533e6bf38b3f09b45d63570a,,
089030,테크윙,2026-01-20,TechWing IR Book.pdf,https://kind.krx.co.kr/external/dst/irReference/17957/TechWing IR Book.pdf,ebaa5fc71ffd462183316ee3a39b2ba261a9c0e4f1c301a4f2d5f2b703e64b40,,
089030,테크윙,2026-06-04,TechWing IR Book 1Q26(공시용).pdf,https://kind.krx.co.kr/external/dst/irReference/18710/TechWing IR Book 1Q26(공시용).pdf,24eafd9837b276dca2f47455bf27b5035e7b1ab491135b538831eb37759616da,,
089030,테크윙,2026-06-29,TechWing IR Book 1Q26.pdf,https://kind.krx.co.kr/external/dst/irReference/18865/TechWing IR Book 1Q26.pdf,8b2a80fa883e6e61cb0f96f7b7ab393c1882b8ff917fc4cb3772178fa1a03d56,,
091440,한울소재과학,2025-12-04,IR자료_한울소재과학_2025년 12월_f.pdf,https://kind.krx.co.kr/external/dst/irReference/17859/IR자료_한울소재과학_2025년 12월_f.pdf,c813ae934dc0df047c96c17a6416ad61c6083db7ce7ff7e1ca5b28aa1df7d90b,,
092460,한라IMS,2024-07-10,2024년 IR자료-1Q.pdf,https://kind.krx.co.kr/external/dst/irReference/15378/2024년 IR자료-1Q.pdf,ee103c2beed59961f44c438a5cd1e1f62dec22e364a1b3703c505447fa7e1914,,
092460,한라IMS,2024-09-26,2024년 IR자료-2Q.pdf,https://kind.krx.co.kr/external/dst/irReference/15763/2024년 IR자료-2Q.pdf,b5c1e642372efd0b402a64b58c1d1f0f781b469cf1ac5ac52f6bcb871eb6b06d,,
092460,한라IMS,2025-06-18,2025년 IR자료.pdf,https://kind.krx.co.kr/external/dst/irReference/16893/2025년 IR자료.pdf,4d52a7d94a0d59aaae12d367e57132bedc7774a67fff61c466b690e34dc75ae3,,
092460,한라IMS,2026-04-28,2026년 IR자료.pdf,https://kind.krx.co.kr/external/dst/irReference/18391/2026년 IR자료.pdf,247017e7be997903502491b001de471ba5e44ba722b58e4d6802e093ea709b00,"27,29",
092870,엑시콘,2026-05-19,회사소개서_엑시콘_2026_IR.pdf,https://kind.krx.co.kr/external/dst/irReference/18564/회사소개서_엑시콘_2026_IR.pdf,fefaace0127afd588d4f6bdd76923c90674967ef70c4508a314688169a400005,,1
095610,테스,2024-12-03,[TES] IR PRESENTATION_3Q24_KOR.pdf,https://kind.krx.co.kr/external/dst/irReference/16101/[TES] IR PRESENTATION_3Q24_KOR.pdf,b479d6d90600f92df0e0943c931113e440592eaaf2d4deb55be72676ade812b5,,
095610,테스,2025-02-12,[TES] IR PRESENTATION_4Q24_KOR.pdf,https://kind.krx.co.kr/external/dst/irReference/16250/[TES] IR PRESENTATION_4Q24_KOR.pdf,56b194357fd5526c04a75cfb411761669ccaae9c6810a0e3f1b47cc64ffe385a,,
095610,테스,2025-05-20,TES_IR Presentation_1Q25(KOR).pdf,https://kind.krx.co.kr/external/dst/irReference/16741/TES_IR Presentation_1Q25(KOR).pdf,aa7e0fb047341d0fc67186f96f1c7aef3d6ee9788eca379973d63ea4407e9d9b,,
095610,테스,2025-08-20,TES_IR Presentation_2Q25(KOR).pdf,https://kind.krx.co.kr/external/dst/irReference/17208/TES_IR Presentation_2Q25(KOR).pdf,f8650a6cd59790d55801410f094802a814962ff0b5cdf6112361cabc7abb5e75,,
095610,테스,2025-11-27,TES_IR Presentation_Format_3Q25(KOR).pdf,https://kind.krx.co.kr/external/dst/irReference/17810/TES_IR Presentation_Format_3Q25(KOR).pdf,6ea5938c9d542982e717ab01791887b979d37c089a4cd5c046e5722d1a805a17,,
095610,테스,2026-03-25,TES_IR Materials_4Q25.pdf,https://kind.krx.co.kr/external/dst/irReference/18249/TES_IR Materials_4Q25.pdf,ca3d612c0269a605c7b4f6cb77afde063c45fff86df9b82a96a91ec504399b3f,,
095610,테스,2026-05-19,TES_IR Presentation_1Q26(KOR).pdf,https://kind.krx.co.kr/external/dst/irReference/18578/TES_IR Presentation_1Q26(KOR).pdf,07c15f0673882831338d5d6410d0c34924dfa5dc423275052a582fc99335d0f8,,
095610,테스,2026-08-18,TES_IR Presentation_2Q26(KOR).pdf,https://kind.krx.co.kr/external/dst/irReference/19067/TES_IR Presentation_2Q26(KOR).pdf,bdfb0653f57b052dd5ca13965ad555a539c81205a8c32a47df9e9bb79a28e9fd,,
098070,한텍,2026-04-22,2026년 IR Book (KOR).pdf,https://kind.krx.co.kr/external/dst/irReference/18373/2026년 IR Book (KOR).pdf,60d9a9364975549a816707dcb4a79eb74b9b06b13a3b23610830c07f2f4b99ba,,
099320,쎄트렉아이,2024-09-04,쎄트렉아이 IR Book.pdf,https://kind.krx.co.kr/external/dst/irReference/15684/쎄트렉아이 IR Book.pdf,60feae8fa9f93d7a34f8b550b19204d654a19de5caeac9f02af2f49b7d710094,7,
099320,쎄트렉아이,2026-07-02,쎄트렉아이 IR BOOK_26.03.31.pdf,https://kind.krx.co.kr/external/dst/irReference/18887/쎄트렉아이 IR BOOK_26.03.31.pdf,03bfac629a97e1264e52b503baaa796f9d0db29f98a889182f65d23cc59cca3a,"2,3",
099440,스맥,2026-06-17,(주)스맥 IR Book_20260616.pdf,https://kind.krx.co.kr/external/dst/irReference/18794/(주)스맥 IR Book_20260616.pdf,5c90062037a3994044525499e27b60a844f5ad26d1e99a876bae3dbce5a2af81,,"4,5,11,17,28"
099750,이지케어텍,2024-02-14,3분기 실적발표 및 공정공시 정정_FF.pdf,https://kind.krx.co.kr/external/dst/irReference/14677/3분기 실적발표 및 공정공시 정정_FF.pdf,1ff38392ca4c613a2430b71a2b3295a8567e33355373aee84add47b5f461fca2,,1
099750,이지케어텍,2024-05-28,24기 온기 IR BOOK_20240528.pdf,https://kind.krx.co.kr/external/dst/irReference/15216/24기 온기 IR BOOK_20240528.pdf,e4c149a82594b6ce669e2e7193c886a3216848f184628d8d879617f1e83e30b6,,
099750,이지케어텍,2024-05-31,미래에셋 Corpday_240531_F.pdf,https://kind.krx.co.kr/external/dst/irReference/15247/미래에셋 Corpday_240531_F.pdf,e71bd686f86ea552681182a53608ad1e194c322eb3d4cba60d1eeba20acfba9b,,1
099750,이지케어텍,2024-08-14,25기 1분기 IR BOOK_240814.pdf,https://kind.krx.co.kr/external/dst/irReference/15526/25기 1분기 IR BOOK_240814.pdf,e74239bbc7874bb83d5ece1befa592281ff737a00bf4ee803daa6376ab5ef315,4,
099750,이지케어텍,2024-09-05,이지케어텍_간담회_IR_BOOK_web.pdf,https://kind.krx.co.kr/external/dst/irReference/15692/이지케어텍_간담회_IR_BOOK_web.pdf,c7aca03904e1e78d49dfeca41bd0d261db43934e939e5a2a1e3ffb89444dc462,,
099750,이지케어텍,2024-11-12,이지케어텍 제25기 상반기 온디멘드 IR_20241112.pdf,https://kind.krx.co.kr/external/dst/irReference/15925/이지케어텍 제25기 상반기 온디멘드 IR_20241112.pdf,b53769d0f8cf147c95e00b0ff4f82444c3189685f97c37ea593eddc1f4b867f4,,
100090,SK오션플랜트,2024-02-20,IR BOOK(24.02.20).pdf,https://kind.krx.co.kr/external/dst/irReference/14745/IR BOOK(24.02.20).pdf,846cde1dec107e91b4afe512dcb88a97251acda5488a9caea48e24361de008de,"6,10",
100090,SK오션플랜트,2024-05-17,★24. 1Q SKOP IR Book.pdf,https://kind.krx.co.kr/external/dst/irReference/15117/★24. 1Q SKOP IR Book.pdf,19c33be1d60adcd02815cce71e1b4eb8cc12cae9d590d4b12aece93b68fafcb5,"8,10,14",
100090,SK오션플랜트,2024-08-29,공유용 ★24. 2Q SKOP IR Book.pdf,https://kind.krx.co.kr/external/dst/irReference/15636/공유용 ★24. 2Q SKOP IR Book.pdf,a130b9e36abeb44477c856cd2b6ceef822ca49d3d37b9347e1bfbe50f2b21b08,6,
100090,SK오션플랜트,2025-11-17,IR Book_25. 3Q IR Book.pdf,https://kind.krx.co.kr/external/dst/irReference/17703/IR Book_25. 3Q IR Book.pdf,7ef0f7310eee7ef83ad73f800062b35b7f2f943db74b7c252096b27bf4cd6941,6,
101970,우양에이치씨,2025-12-11,Wooyang HC IR Book.pdf,https://kind.krx.co.kr/external/dst/irReference/17891/Wooyang HC IR Book.pdf,2ee40427df07dd9593ecefb887cde3421b13bb722ea3ec17e87100401a208f2b,,
101970,우양에이치씨,2026-08-25,WOOYANG HC IR Book.pdf,https://kind.krx.co.kr/external/dst/irReference/19153/WOOYANG HC IR Book.pdf,999802fe8e89029b22dcaf4ac8f62355761e369cfb3ff37042a2cc77eb29e07e,"3,14,18",
106190,하이텍팜,2025-09-10,하이텍팜 기업설명회(IR) 자료.pdf,https://kind.krx.co.kr/external/dst/irReference/17364/하이텍팜 기업설명회(IR) 자료.pdf,86cf38321635dc92b79a7ff69e0c8ea18bb70e6986bb93797d57f1b49994dbf4,18,
106190,하이텍팜,2026-06-24,하이텍팜 기업설명회(IR) 자료_2026.1H_수정.pdf,https://kind.krx.co.kr/external/dst/irReference/18851/하이텍팜 기업설명회(IR) 자료_2026.1H_수정.pdf,74aab790424ffc2ce6f725a7fcb7259758f25307f19721f8f348dcb2524895e8,,
107640,한중엔시에스,2024-09-24,24-09-24 기업설명회(IR) 자료(KRX-IR)_최종(09-20).pdf,https://kind.krx.co.kr/external/dst/irReference/15746/24-09-24 기업설명회(IR) 자료(KRX-IR)_최종(09-20).pdf,60825bb9fe6b7ffbf781e16a8473d5f0b0cea9c50060876618935cfbb6c8da9f,,"1,2,3,4,10,12,18,23,26,30,32"
107640,한중엔시에스,2025-05-20,25-05-20 한중엔시에스 기업설명회(IR) 자료.pdf,https://kind.krx.co.kr/external/dst/irReference/16738/25-05-20 한중엔시에스 기업설명회(IR) 자료.pdf,cb0f81fe94887a7646cbc379532c61c50adf445c70ddfd04804830eede5c39b6,,"1,2,3,4,10,12,18,23,26,32,34"
107640,한중엔시에스,2025-06-18,25-06-18 한중엔시에스 기업설명회(IR) 자료.pdf,https://kind.krx.co.kr/external/dst/irReference/16905/25-06-18 한중엔시에스 기업설명회(IR) 자료.pdf,bd9280493ed8d97312979598ef352417b71d6ee316982c9fa7d1468099b2af02,,"1,5,17,19"
107640,한중엔시에스,2025-07-02,250702 한중엔시에스 기업설명회(IR) 자료 V9.pdf,https://kind.krx.co.kr/external/dst/irReference/16945/250702 한중엔시에스 기업설명회(IR) 자료 V9.pdf,ec0e7d43d984f82f42661cd551324e747738194a939f6cc594fd4e2bdc58dadf,,"1,5,17,19"
107640,한중엔시에스,2025-12-09,25-12-01 한중엔시에스 IR 자료('25.3Q).pdf,https://kind.krx.co.kr/external/dst/irReference/17832/25-12-01 한중엔시에스 IR 자료('25.3Q).pdf,7f54f377966e8e05f4085f3aec78b6b7826a064042ba34091af8a2d5bf11a929,,
107640,한중엔시에스,2026-09-07,한중엔시에스_IR_2026.2Q_260903(공개용).pdf,https://kind.krx.co.kr/external/dst/irReference/19247/한중엔시에스_IR_2026.2Q_260903(공개용).pdf,67754d7da933f310aba0f9a0cc5d539d7fd08091691dc5daf2fd690ed71ddd54,,
109740,디에스케이,2024-10-23,기업설명회_디에스케이.pdf,https://kind.krx.co.kr/external/dst/irReference/15809/기업설명회_디에스케이.pdf,c71fb97180a0b84dbb05a9c8a6920d622c0c5c466f9e7239e45e600e31e42247,12,
115450,HLB테라퓨틱스,2024-08-22,HLB테라퓨틱스_IR Book_2024.08+NDR.pdf,https://kind.krx.co.kr/external/dst/irReference/15600/HLB테라퓨틱스_IR Book_2024.08+NDR.pdf,9180474b83dfd59b2c7181fd754bdf6c94378bca7234ecac0900171e36825b77,,
115450,HLB테라퓨틱스,2024-10-22,HLB테라퓨틱스_IR Book_Oct 2024.pdf,https://kind.krx.co.kr/external/dst/irReference/15807/HLB테라퓨틱스_IR Book_Oct 2024.pdf,be3b657c13f030e3612b751961a9736f3c49dfa399c97c93d7e57d1514ab5ef6,,
115450,HLB테라퓨틱스,2024-11-04,HLB테라퓨틱스_IR Book_Oct 2024 (최종).pdf,https://kind.krx.co.kr/external/dst/irReference/15845/HLB테라퓨틱스_IR Book_Oct 2024 (최종).pdf,00ff232284ff709f3ce212ec13ef504c9b155f464b461ab19d9a5304c82c12b1,,
115450,HLB테라퓨틱스,2024-11-07,HLB테라퓨틱스_IR Book_Nov 2024 (최종).pdf,https://kind.krx.co.kr/external/dst/irReference/15890/HLB테라퓨틱스_IR Book_Nov 2024 (최종).pdf,5d2948d7f7f5f7fb5ced1ed654d42dbf2edb83edd02ece260bfb2ff8959322b7,,
115450,HLB테라퓨틱스,2024-11-29,HLB테라퓨틱스_2024 임시주주총회_주주간담회_24.11.29.pdf,https://kind.krx.co.kr/external/dst/irReference/16084/HLB테라퓨틱스_2024 임시주주총회_주주간담회_24.11.29.pdf,91e9ba71ff9674db75425243412a2bdd9bab65cbbb6b6e013b8f7a1ee85b3fe4,,
115450,HLB테라퓨틱스,2025-03-25,HLB테라퓨틱스_주주간담회_25.03.25_ver.3.1 (1).pdf,https://kind.krx.co.kr/external/dst/irReference/16456/HLB테라퓨틱스_주주간담회_25.03.25_ver.3.1 (1).pdf,c523fceb0758cefa548e4c45f2c4c0869f92d7911bc39940a6b7e993bace1f8b,,"4,19,22"
115450,HLB테라퓨틱스,2026-04-09,[HLB테라퓨틱스]_IR BOOK_KOR_기준일_25.12.31.pdf,https://kind.krx.co.kr/external/dst/irReference/18304/[HLB테라퓨틱스]_IR BOOK_KOR_기준일_25.12.31.pdf,b263eff5bba9dc0741ce272d120a8ad70f6cb8de226b2c2ef0cc1bdff28806d5,,
124500,아이티센글로벌,2025-06-12,250612_아이티센글로벌 IR 202506_최종 (1).pdf,https://kind.krx.co.kr/external/dst/irReference/16892/250612_아이티센글로벌 IR 202506_최종 (1).pdf,f0f3640eab1a37edbe43ca4c4962acd0c8a703e5ddee2774b76d2a0db8c9a6b2,,
124500,아이티센글로벌,2025-07-01,아이티센글로벌_IR(2025.07).pdf,https://kind.krx.co.kr/external/dst/irReference/16982/아이티센글로벌_IR(2025.07).pdf,7430a47af13343f8236530d9f4c9bd5502bc5584fe466ad58d0d5129e6608702,,
124500,아이티센글로벌,2026-05-21,아이티센글로벌_IR_V6.6_260514.pdf,https://kind.krx.co.kr/external/dst/irReference/18612/아이티센글로벌_IR_V6.6_260514.pdf,a70f2a6a7d0ff2764e7619a4d8ebeb2d596528430d1579e7b64cbf151655a3cc,,
124500,아이티센글로벌,2026-06-18,아이티센글로벌_IR_V6.6_260617.pdf,https://kind.krx.co.kr/external/dst/irReference/18805/아이티센글로벌_IR_V6.6_260617.pdf,c3d1bcefc61acc864d75c4407e7d2b564792dacb8682a4e4abcce3dcd13efcd6,,
124500,아이티센글로벌,2026-08-27,아이티센글로벌_IR_V9.0_260821.pdf,https://kind.krx.co.kr/external/dst/irReference/19186/아이티센글로벌_IR_V9.0_260821.pdf,8a7f5e25afb6ff04b3be4b7b09ab35059f0c488ad64abc58cd249664d759688e,,
127120,제이에스링크,2026-02-03,JSLINK_IR_260202_NDR-압축됨.pdf,https://kind.krx.co.kr/external/dst/irReference/17980/JSLINK_IR_260202_NDR-압축됨.pdf,62fb0d5128c66b072f7a37c46f65fb4e41a71a67557a9a88dc4c4b4d460eb3e1,,
127120,제이에스링크,2026-06-24,260623 JS Link IR_EN_compressed.pdf,https://kind.krx.co.kr/external/dst/irReference/18849/260623 JS Link IR_EN_compressed.pdf,691d4bd056f055c13cc0a54d0766423257d0d2f3f19dfaf140b698012a2acd5d,,"1,2,3,4,5,7,8,9,11,13,14,16,17,19,20,21,22,23,24"
127120,제이에스링크,2026-07-10,260710 JSLINK IR 국문.pdf,https://kind.krx.co.kr/external/dst/irReference/18919/260710 JSLINK IR 국문.pdf,a3d137730ef9b13e7e6c14708f12f24f477077dac91383de4ed4907460b77c69,,3
127120,제이에스링크,2026-10-08,261008 JSLINK IR_NDR_.pdf,https://kind.krx.co.kr/external/dst/irReference/19418/261008 JSLINK IR_NDR_.pdf,3dee62665dd0fe64450c875b05076cf0e2a8ec1877ffb2221cd6ab91b7b0dba6,,
129920,대성하이텍,2026-04-16,대성하이텍 IR 자료_20260416.pdf,https://kind.krx.co.kr/external/dst/irReference/18357/대성하이텍 IR 자료_20260416.pdf,62b34156b9aa84e46862ba891a0f5869df9aeff8d5384dce5d42ed90779cbfee,,"2,3,4,8"
131290,티에스이,2024-08-30,[티에스이] IR BOOK (KOR)_240830.pdf,https://kind.krx.co.kr/external/dst/irReference/15649/[티에스이] IR BOOK (KOR)_240830.pdf,c840560dcfb4994d0ff93c985771b92ed9f24c9c2ac103af72a1bf9678c829f5,,"1,3,4,8"
131290,티에스이,2025-08-28,[TSE] 2025년 IR BOOK (Kor).pdf,https://kind.krx.co.kr/external/dst/irReference/17272/[TSE] 2025년 IR BOOK (Kor).pdf,8311b6e619990fd7f478209ae3994e76a5bb22678d563a442ebb19ccc63534a9,,"1,3,4,10,13,18,19"
131290,티에스이,2026-07-06,[TSE] 2026년 IR BOOK_260703_F.pdf,https://kind.krx.co.kr/external/dst/irReference/18890/[TSE] 2026년 IR BOOK_260703_F.pdf,a8f887ada235ee672e602e920e7bbf5232b77014fcea7387de39785e14a6d03e,,"1,3"
131290,티에스이,2026-09-10,TSE 2026년 IR BOOK.pdf,https://kind.krx.co.kr/external/dst/irReference/19291/TSE 2026년 IR BOOK.pdf,cc0fe77cc53143945330d925b78e2f3bce56edb4d6ff358dbbb2fe8d4ebcf23d,,"1,3"
138080,오이솔루션,2025-06-16,OES IR_Presentation 2025 Q1.pdf,https://kind.krx.co.kr/external/dst/irReference/16897/OES IR_Presentation 2025 Q1.pdf,a8f4395603cef8e5945ea5a4453c3805e4bb8288c8c9445f23f29397c21fae43,,
140670,알에스오토메이션,2025-09-24,알에스오토메이션 IR BOOK_(25.09.24)_1.pdf,https://kind.krx.co.kr/external/dst/irReference/17448/알에스오토메이션 IR BOOK_(25.09.24)_1.pdf,23c82369fdb56adda817a689d8e6478ed14ca2d88b896a846fca16c9aa697192,,
140670,알에스오토메이션,2025-09-24,알에스오토메이션 IR BOOK_(25.09.24)_2.pdf,https://kind.krx.co.kr/external/dst/irReference/17448/알에스오토메이션 IR BOOK_(25.09.24)_2.pdf,9eaff6e2b3802448f3196008eca62d93d69e04d0ae25a73a46a4756bcd3da45a,,
140860,파크시스템스,2024-02-21,★23_잠정 4Q_ParkSystems IR(국문).pdf,https://kind.krx.co.kr/external/dst/irReference/14749/★23_잠정 4Q_ParkSystems IR(국문).pdf,cdf32d0c8be06be9913e2c99aa8fe4bd5093f47cd409e4b2261f9ccc674acf48,,
140860,파크시스템스,2024-05-22,★23_4Q_ParkSystems IR(국문).pdf,https://kind.krx.co.kr/external/dst/irReference/15167/★23_4Q_ParkSystems IR(국문).pdf,d016b16581d7a8432e6dc63ca96fecd5bedf567d7865c6dc5810f1bf7244873f,"15,18",
140860,파크시스템스,2024-05-23,★23_4Q_ParkSystems IR(ENG).pdf,https://kind.krx.co.kr/external/dst/irReference/15168/★23_4Q_ParkSystems IR(ENG).pdf,fe3236f182801518891b2cef2a5b2a58a22a261b400293470484f5fc363843c7,"15,18",
140860,파크시스템스,2024-06-05,★24_1Q_ParkSystems IR(국문).pdf,https://kind.krx.co.kr/external/dst/irReference/15274/★24_1Q_ParkSystems IR(국문).pdf,b96441a1a4e45131bc81d7fb83de079e9bafea9b9d4229896c05c7cc91b2343a,"15,18",
140860,파크시스템스,2024-07-16,★24_Parksystems Company Introduction.pdf,https://kind.krx.co.kr/external/dst/irReference/15388/★24_Parksystems Company Introduction.pdf,835c59853d753e54f787023416bf44862bb27f2c28200834a8e87f712bafa841,,
140860,파크시스템스,2024-08-02,★24_1Q_ParkSystems Earnings Presentation.pdf,https://kind.krx.co.kr/external/dst/irReference/15444/★24_1Q_ParkSystems Earnings Presentation.pdf,6cc65291eb1a57b22fda8e57c1a905698617d5a509546d6f06e67d5353d1a46b,"6,7,8,9",
140860,파크시스템스,2024-11-11,2024_Parksystems Company Introduction_240920.pdf,https://kind.krx.co.kr/external/dst/irReference/15916/2024_Parksystems Company Introduction_240920.pdf,7130c6cdb65c3eeff4d688d24add513a85d1e7e96cebd1f9c375a4d043682a85,,
140860,파크시스템스,2024-11-11,24_1H_ParkSystems Earnings Presentation_20240819.pdf,https://kind.krx.co.kr/external/dst/irReference/15916/24_1H_ParkSystems Earnings Presentation_20240819.pdf,c333f4114ba61b987f1973934d229a5ec4262b8fe88d3e17f39ee89b07b2d5f4,"9,10",
140860,파크시스템스,2025-01-17,2024_Parksystems IR Presentation_241114.pdf,https://kind.krx.co.kr/external/dst/irReference/16185/2024_Parksystems IR Presentation_241114.pdf,289239a2f45c793288a457895dce2123a804cb31cffe9d307c146f604ac063a9,"33,34",
140860,파크시스템스,2025-02-27,(Provisional)2024_Parksystems IR Presentation_250214.pdf,https://kind.krx.co.kr/external/dst/irReference/16355/(Provisional)2024_Parksystems IR Presentation_250214.pdf,47dea738e0f888f07181bf132b54b83dae2fbdce55a494eecbd01b91314434c7,,
140860,파크시스템스,2025-04-17,2024_파크시스템스 IR 자료_250320.pdf,https://kind.krx.co.kr/external/dst/irReference/16525/2024_파크시스템스 IR 자료_250320.pdf,4f789d9ce7c2eb91458222d8f87c7ecfb92219b6edee64ba52978922e7374024,"33,34",
140860,파크시스템스,2025-07-02,2025_1Q_파크시스템스 IR 자료_250519.pdf,https://kind.krx.co.kr/external/dst/irReference/16997/2025_1Q_파크시스템스 IR 자료_250519.pdf,be88b87c713501b3d83c21edee0e57e098b6b33831a3e237732a0d5f10225692,"32,33",
140860,파크시스템스,2025-09-30,2025_1H_파크시스템스 IR 자료_250814.pdf,https://kind.krx.co.kr/external/dst/irReference/17461/2025_1H_파크시스템스 IR 자료_250814.pdf,5fcb46cf25dcf46a33499d6c931fe7b114b5595f9e9d7003df9c497d6c759f0b,"33,34",
140860,파크시스템스,2025-11-27,2025_3Q_파크시스템스 IR 자료_251114.pdf,https://kind.krx.co.kr/external/dst/irReference/17806/2025_3Q_파크시스템스 IR 자료_251114.pdf,9036ec25ae403b94a51b133e2d18bdebb29c356dc5f623dd2784b68f1a8c7d6d,"33,34",
140860,파크시스템스,2026-05-12,2025_4Q_파크시스템스 IR 자료_260317_re.pdf,https://kind.krx.co.kr/external/dst/irReference/18491/2025_4Q_파크시스템스 IR 자료_260317_re.pdf,384d639f8cac2e9638f757f14ce8de691608d72ef757a5f831c7c9aa7fd2aa71,"30,31",
140860,파크시스템스,2026-05-18,2026_1Q_파크시스템스 IR 자료_260514.pdf,https://kind.krx.co.kr/external/dst/irReference/18548/2026_1Q_파크시스템스 IR 자료_260514.pdf,80603d970dabe23469e667589d32b9c13e3a1098051be9806adc772ef1acf5c5,"29,30",
140860,파크시스템스,2026-05-29,2026_1Q_파크시스템스 IR 자료_260514_re.pdf,https://kind.krx.co.kr/external/dst/irReference/18691/2026_1Q_파크시스템스 IR 자료_260514_re.pdf,a0a9d8a7b9684080e8b129da643cf26c777771c19451a91d29818b72995de278,"29,30",
140860,파크시스템스,2026-09-07,2026_2Q_파크시스템스 IR 자료_260814(국문).pdf,https://kind.krx.co.kr/external/dst/irReference/19256/2026_2Q_파크시스템스 IR 자료_260814(국문).pdf,fc0c9c60bdf39a9092af3b7c7bda864c1ce6c3c0845d8033d025a30f4f76da03,"31,32",
151860,KG에코솔루션,2025-12-05,251201_KG그룹브로슈어_3분기IR자료-페이지.pdf,https://kind.krx.co.kr/external/dst/irReference/17868/251201_KG그룹브로슈어_3분기IR자료-페이지.pdf,4266c8d74d810deb8e341a3b53d5d3f4115d6c7164c54dc25e9cb7ad0e66401b,2,
151860,KG에코솔루션,2026-03-25,KG IR 설명회(2025년 4분기).pdf,https://kind.krx.co.kr/external/dst/irReference/18254/KG IR 설명회(2025년 4분기).pdf,40dbaf1e65b1c50697cdab7212bf446612484e3914cfce2b640b1bc18e46fc4e,,
151860,KG에코솔루션,2026-06-09,KG그룹(KG에코솔루션) IR 26.06.09..pdf,https://kind.krx.co.kr/external/dst/irReference/18744/KG그룹(KG에코솔루션) IR 26.06.09..pdf,940b37f52078877fb489e769315e96979adc3354d262a5402a9e0a7c20631de5,,
151860,KG에코솔루션,2026-08-12,KG에코솔루션 IR 설명회(2026.2Q)_Ver.2.pdf,https://kind.krx.co.kr/external/dst/irReference/19045/KG에코솔루션 IR 설명회(2026.2Q)_Ver.2.pdf,8c5357dfd16ec2230e405ac58cc18682631382b58bc80e423e4afb9fbba756cd,,
161580,필옵틱스,2024-04-23,[필옵틱스] 기업설명회 발표자료.pdf,https://kind.krx.co.kr/external/dst/irReference/14934/[필옵틱스] 기업설명회 발표자료.pdf,06a77815025aca512176932e7b6a25721c4dbc96cb7af6d52424e29457bb1764,,
161580,필옵틱스,2026-05-19,(주)필옵틱스_IR book.pdf,https://kind.krx.co.kr/external/dst/irReference/18559/(주)필옵틱스_IR book.pdf,9a84356ee7b07d1952ee5c7fa13d14707435327bfe17d8e9a48564f15790fa4d,,
166480,코아스템켐온,2024-04-18,코아스템켐온 기업설명회 자료(20240418).pdf,https://kind.krx.co.kr/external/dst/irReference/14921/코아스템켐온 기업설명회 자료(20240418).pdf,1bc76cf37acbc5b09f86502f00e81a543f76a14dafd6647b3ca0b3d09bcadd2a,,
166480,코아스템켐온,2024-06-20,코아스템켐온'240620_대신증권 주최 IR.pdf,https://kind.krx.co.kr/external/dst/irReference/15330/코아스템켐온'240620_대신증권 주최 IR.pdf,5fbd784b8ab30e6b25a0c0dbc675ab900f0a92ece2e24d6a1ad77fff83e4d29c,,
166480,코아스템켐온,2024-09-10,코아스템켐온_기업설명회 자료(20240910).pdf,https://kind.krx.co.kr/external/dst/irReference/15714/코아스템켐온_기업설명회 자료(20240910).pdf,17999840a803fa9271a30d2727c318f5d9ba8590fb2e5f66c241c516b9c291a6,,
166480,코아스템켐온,2024-09-25,코아스템켐온'240925_발표용_SK증권(공개용).pdf,https://kind.krx.co.kr/external/dst/irReference/15758/코아스템켐온'240925_발표용_SK증권(공개용).pdf,9584583974d9aa51d928188f4eea9fef8a926d3586d4202441acd7245e3cfd12,,
166480,코아스템켐온,2026-01-30,코아스템켐온(주)_IR Book_2601.pdf,https://kind.krx.co.kr/external/dst/irReference/17973/코아스템켐온(주)_IR Book_2601.pdf,e072090c6330d8556b5b2567ea906c73acb27dc903480f55b50dd7f7667e6fb0,,
170920,엘티씨,2025-07-10,250710_엘티씨 주주간담회 자료_인쇄&공시_Fn2.pdf,https://kind.krx.co.kr/external/dst/irReference/17023/250710_엘티씨 주주간담회 자료_인쇄&공시_Fn2.pdf,e646b7fc48c40a940f16e5049b885a26b8459f660a85dd8ffc8a23eaca6aa1cc,,"1,2,3,4,6,8,14,15,16,17,18,19,20,21,22"
170920,엘티씨,2025-07-31,250730_엘티씨 주주간담회 자료_공시용_v7.pdf,https://kind.krx.co.kr/external/dst/irReference/17081/250730_엘티씨 주주간담회 자료_공시용_v7.pdf,1ca953d4ef989bdb33c4488508a592452eae06f77202a290f55c2cea95ed63d8,,
170920,엘티씨,2025-08-21,250820_엘티씨 3차 주주간담회 공시용_v1.pdf,https://kind.krx.co.kr/external/dst/irReference/17238/250820_엘티씨 3차 주주간담회 공시용_v1.pdf,e14e5c306b68f3742be5f2753ffd97e78e85b1b1952ece3f5923b3cdde763799,,
171090,선익시스템,2025-10-30,선익시스템_IR_25년_2분기 실적 누적.pdf,https://kind.krx.co.kr/external/dst/irReference/17515/선익시스템_IR_25년_2분기 실적 누적.pdf,fc02e16612881351cb77560e731c3b8a57e22cb711dbf34be228f5f4ddde7393,12,
171090,선익시스템,2025-11-24,20251121-선익시스템_IR자료_25년_3분기 실적 누적.pdf,https://kind.krx.co.kr/external/dst/irReference/17751/20251121-선익시스템_IR자료_25년_3분기 실적 누적.pdf,baf6174da8fdd8ac0d1d616bfd4c7ad60e9e99f7044508860903369a515b17a9,12,
171090,선익시스템,2025-12-04,20251204-선익시스템_IR자료_25년_3분기 실적 누적.pdf,https://kind.krx.co.kr/external/dst/irReference/17857/20251204-선익시스템_IR자료_25년_3분기 실적 누적.pdf,5afb266ce04499177a902206e0d492b3028052f274cfbedb8c48c43cd4c0c995,,"2,4,6,7,8,10,11,13"
171090,선익시스템,2026-01-23,SUNIC SYSTEM_IR BOOK_3Q25_KOR.pdf,https://kind.krx.co.kr/external/dst/irReference/17959/SUNIC SYSTEM_IR BOOK_3Q25_KOR.pdf,86fea59105e17b9a1ad5a1499fb184a045c50e8039e52c951352f587e10619ef,,"2,14"
171090,선익시스템,2026-02-20,SUNIC SYSTEM_IR BOOK_KOR(20260220~24 NDR).pdf,https://kind.krx.co.kr/external/dst/irReference/18080/SUNIC SYSTEM_IR BOOK_KOR(20260220~24 NDR).pdf,b802ee579db3bedd6d0148350d55027abd2c33b7866e4fd9f2491c770327a5d8,,"1,2"
171090,선익시스템,2026-05-18,SUNIC SYSTEM_IR BOOK_26.1Q_v1_ENG.pdf,https://kind.krx.co.kr/external/dst/irReference/18492/SUNIC SYSTEM_IR BOOK_26.1Q_v1_ENG.pdf,f25f73e4e5d34e30bf5313911044fcd2b56b00e5eaec41afa8436193f8111f2f,,"1,2"
171090,선익시스템,2026-05-18,SUNIC SYSTEM_IR BOOK_26.1Q_v1_KOR.pdf,https://kind.krx.co.kr/external/dst/irReference/18492/SUNIC SYSTEM_IR BOOK_26.1Q_v1_KOR.pdf,2343811987b4ed0f5012c91a09feaeab06bb9293905f64532946be9c8c56c70d,,"1,2"
171090,선익시스템,2026-05-22,SUNIC SYSTEM_IR BOOK_26.1Q_v2_ENG.pdf,https://kind.krx.co.kr/external/dst/irReference/18555/SUNIC SYSTEM_IR BOOK_26.1Q_v2_ENG.pdf,0933b14c081b6043e20470f5ba1f2c593e928c9468534a1e1e8627e677a009d5,,"1,2"
171090,선익시스템,2026-05-22,SUNIC SYSTEM_IR BOOK_26.1Q_v2_KOR.pdf,https://kind.krx.co.kr/external/dst/irReference/18555/SUNIC SYSTEM_IR BOOK_26.1Q_v2_KOR.pdf,60c2d8c92b8ccd2aa61d40229fe0c22ebd73f5f607fae146125f18776f3ce4e7,,"1,2"
171090,선익시스템,2026-06-24,SUNIC SYSTEM_IR BOOK_26.1Q_v3_KOR.pdf,https://kind.krx.co.kr/external/dst/irReference/18831/SUNIC SYSTEM_IR BOOK_26.1Q_v3_KOR.pdf,2fec0ab1955c62d26800bb27aa5fc322e416a24d5d4f09b51fde8990f9e6a861,,"1,2"
171090,선익시스템,2026-07-02,SUNIC SYSTEM_IR BOOK_26.1Q_v4_ENG.pdf,https://kind.krx.co.kr/external/dst/irReference/18874/SUNIC SYSTEM_IR BOOK_26.1Q_v4_ENG.pdf,c5b6ab0ea4375fd1cf8615eb310bccfed5577798ae090521f9d9431afa6eb914,16,
171090,선익시스템,2026-07-02,SUNIC SYSTEM_IR BOOK_26.1Q_v4_KOR.pdf,https://kind.krx.co.kr/external/dst/irReference/18874/SUNIC SYSTEM_IR BOOK_26.1Q_v4_KOR.pdf,8a7e5beedd2c96d02d0e1846262572e3d56bc878cd586cf51bae4b3fc05492f4,16,
171090,선익시스템,2026-09-15,SUNIC SYSTEM_IR BOOK_26.2Q_ENG.pdf,https://kind.krx.co.kr/external/dst/irReference/19279/SUNIC SYSTEM_IR BOOK_26.2Q_ENG.pdf,bc315ffdb9b6f4e5ab13db8d65488be1dbd6870f96373b34fd4f914d85e9bf68,"19,20",
171090,선익시스템,2026-09-15,SUNIC SYSTEM_IR BOOK_26.2Q_KOR.pdf,https://kind.krx.co.kr/external/dst/irReference/19279/SUNIC SYSTEM_IR BOOK_26.2Q_KOR.pdf,8ba6d730ea858c9633048a2340638223a0a6e0df18b3003270639d95876c6f2a,"4,9,19,20",
171090,선익시스템,2026-09-28,SUNIC SYSTEM_IR BOOK_26.2Q_v1_ENG.pdf,https://kind.krx.co.kr/external/dst/irReference/19363/SUNIC SYSTEM_IR BOOK_26.2Q_v1_ENG.pdf,84efaecdb907db528be9e784a93f5804ca82d4997c397b57817cc3810363d4b0,"20,21",
171090,선익시스템,2026-09-28,SUNIC SYSTEM_IR BOOK_26.2Q_v1_KOR.pdf,https://kind.krx.co.kr/external/dst/irReference/19363/SUNIC SYSTEM_IR BOOK_26.2Q_v1_KOR.pdf,4555f7983ca570db1bb6ed80d55810c869118caa1be3c916ac20922750ddee3e,"5,10,20,21",
187660,페니트리움바이오,2026-07-14,Penetrium_IR_최종_.pdf,https://kind.krx.co.kr/external/dst/irReference/18926/Penetrium_IR_최종_.pdf,0372aec8fcde5d28dc34e037e333aab27b64c3111ded0436efdadfafb7e2347d,,
187790,나노,2025-09-24,나노_IR_Book_250923.pdf,https://kind.krx.co.kr/external/dst/irReference/17435/나노_IR_Book_250923.pdf,37e37f5567054aca9e2949eb10aeb6b1cbcbd21fa069469fb81f18241b9a6772,23,
187790,나노,2026-02-26,나노 IR Book_260224.pdf,https://kind.krx.co.kr/external/dst/irReference/18104/나노 IR Book_260224.pdf,17eca89d412dc5a8705860e45c89ce1b1170b23fc50c5740430ad187ba4e3952,28,
187790,나노,2026-05-07,나노 IR Book_260506.pdf,https://kind.krx.co.kr/external/dst/irReference/18431/나노 IR Book_260506.pdf,ae36e3652057d9c9dfa0e2ce36c12137a003b08778732318c6522697ea54b104,,
189330,씨이랩,2025-05-29,2025_씨이랩 IR Book_vF.pdf,https://kind.krx.co.kr/external/dst/irReference/16828/2025_씨이랩 IR Book_vF.pdf,102f012676d84411db0483714c7fa3fc926156995b82bd9647809d8f928232b6,,
189330,씨이랩,2025-07-10,2025_씨이랩 IR Book_20250710.pdf,https://kind.krx.co.kr/external/dst/irReference/17019/2025_씨이랩 IR Book_20250710.pdf,b081644ac3dcfc96b109bf378085dd456724ea17569ac01379100ef90ae8014c,,
189330,씨이랩,2025-08-28,[씨이랩]IR Book_20250828_v2.pdf,https://kind.krx.co.kr/external/dst/irReference/17292/[씨이랩]IR Book_20250828_v2.pdf,825b2fe0eb6aa3f819d06232c840f7e02cd6817257fddc37ed13200fe128f596,"11,12",
189330,씨이랩,2025-11-25,[씨이랩]IR자료_251125.pdf,https://kind.krx.co.kr/external/dst/irReference/17788/[씨이랩]IR자료_251125.pdf,e3504b339061838d0ef0863dfe3fca0d754039cc25ef07be03f507ff860aaf86,"9,10",
189330,씨이랩,2026-05-28,2026.1Q 씨이랩 IR자료.pdf,https://kind.krx.co.kr/external/dst/irReference/18679/2026.1Q 씨이랩 IR자료.pdf,3c9fd8704154826f3a1adf54db43bb9e02394585f39a3c70b46c12deaf7c959b,10,
189330,씨이랩,2026-08-27,2026.2Q 씨이랩 IR자료.pdf,https://kind.krx.co.kr/external/dst/irReference/19166/2026.2Q 씨이랩 IR자료.pdf,6b5fc70e180503559304b8fee79d2ed8befa00e81c969ff52d94db9c048e0d67,"7,9,19,20",
189330,씨이랩,2026-09-17,씨이랩 IR Book_260911.pdf,https://kind.krx.co.kr/external/dst/irReference/19324/씨이랩 IR Book_260911.pdf,6f366d03c8c43d37daf8b4f92aae7bceda7524f82f66c636d273e6cf75eb4fc2,26,
196170,알테오젠,2024-03-06,Alteogen IR 자료_한경바이오인사이트포럼_240306.pdf,https://kind.krx.co.kr/external/dst/irReference/14794/Alteogen IR 자료_한경바이오인사이트포럼_240306.pdf,d7f744b68d43628cf01a4038e82e9e5b6712ba9f0df9f0817a0ce5c492056bb7,,3
196170,알테오젠,2024-11-12,241104 AlteogenIR(ENG).pdf,https://kind.krx.co.kr/external/dst/irReference/15927/241104 AlteogenIR(ENG).pdf,7bd80094646dae8537777d81783f7d5cdf40f7778e081ed80a8385e0559b5249,,
196170,알테오젠,2025-02-17,250217 Alteogen IR.pdf,https://kind.krx.co.kr/external/dst/irReference/16297/250217 Alteogen IR.pdf,aaa7f3c684af323daceddbd9758e2ba404560ccb4221442f7061997eeed5f233,,
196170,알테오젠,2025-04-08,250407_알테오젠_NDR.pdf,https://kind.krx.co.kr/external/dst/irReference/16504/250407_알테오젠_NDR.pdf,4a836d78e2ae27e117f4ebcbcee0e7c2a76e37747746d69c009d385949599cab,,1
196170,알테오젠,2025-09-17,Alteogen_KIW Presentation_20250917 vF.pdf,https://kind.krx.co.kr/external/dst/irReference/17411/Alteogen_KIW Presentation_20250917 vF.pdf,b989706b3a2f5e66cf311b8160b543040e8b6c6338b65769d1e8dd61723719b4,,"1,27"
196170,알테오젠,2025-10-16,251016 Alteogen_HK NDR_Oct.2025.pdf,https://kind.krx.co.kr/external/dst/irReference/17485/251016 Alteogen_HK NDR_Oct.2025.pdf,962f79b9cd7060f99c298232fe5f6d9b9e15e3fc21b66ab2bd01fd9f3651443c,,1
196170,알테오젠,2026-01-15,Alteogen_JPM2026_Presentation_vFinal.pdf,https://kind.krx.co.kr/external/dst/irReference/17950/Alteogen_JPM2026_Presentation_vFinal.pdf,5c0fecd067df4a82ba20264c9979188898053497340961a1dac9bebb7dad7f0a,,
196170,알테오젠,2026-02-23,Alteogen_IR Presentation_Eng_Feb 2026 KIS (1).pdf,https://kind.krx.co.kr/external/dst/irReference/18088/Alteogen_IR Presentation_Eng_Feb 2026 KIS (1).pdf,46e34e7b3fb0dbba11128215b91b092a31fd3b94ab9420b3279c32772ee8575f,,
196170,알테오젠,2026-04-09,공시첨부_Alteogen_IR Presentation_간담회 20260409.pdf,https://kind.krx.co.kr/external/dst/irReference/18321/공시첨부_Alteogen_IR Presentation_간담회 20260409.pdf,68555a7963229ec0ca486a31d576416bfcaff003e0f7731b1e99cc48210512ac,,"1,3,4,5,8,14,15"
196170,알테오젠,2026-06-17,Alteogen_IR Presentation_Eng_June2026.pdf,https://kind.krx.co.kr/external/dst/irReference/18802/Alteogen_IR Presentation_Eng_June2026.pdf,833833f3ea32b7ae59316d97f36ced7b2e0e91ac4fc8b9acfee78c32c48b3a52,,"1,2,4,6,8,9,10,16,17,18,19,20,23"
196170,알테오젠,2026-09-21,Alteogen_IR Presentation_Eng_Sep2026 CLSA.pdf,https://kind.krx.co.kr/external/dst/irReference/19362/Alteogen_IR Presentation_Eng_Sep2026 CLSA.pdf,7a985ba3a05c225799c66d8e495fb07e594e158d198cc142264ea5aed9980639,,
206650,유바이오로직스,2025-05-15,유바이오로직스_IR book.pdf,https://kind.krx.co.kr/external/dst/irReference/16681/유바이오로직스_IR book.pdf,239465d599c3188814f0dcaea155f984a01ed790d6bae0f647a57597b4c339c1,,24
206650,유바이오로직스,2026-06-09,유바이오로직스 26.06(IR).pdf,https://kind.krx.co.kr/external/dst/irReference/18731/유바이오로직스 26.06(IR).pdf,7436b0bccf531e3e86e5f247460f461d14c6402da0f1c35b5f6d7f3d1205fe2f,,"4,17,25"
206650,유바이오로직스,2026-07-08,[유바이오로직스] IR자료(26.06).pdf,https://kind.krx.co.kr/external/dst/irReference/18908/[유바이오로직스] IR자료(26.06).pdf,7436b0bccf531e3e86e5f247460f461d14c6402da0f1c35b5f6d7f3d1205fe2f,,"4,17,25"
209640,와이제이링크,2024-12-23,와이제이링크 IR Book(국문)_20241219_제출용(최종).pdf,https://kind.krx.co.kr/external/dst/irReference/16164/와이제이링크 IR Book(국문)_20241219_제출용(최종).pdf,a5c50dd792c2b2d4f16b6cc152cee5e1289c0112b704754fdee6f458cc728af0,18,2
211270,AP위성,2026-09-30,APSI_IRBook_26_2Q.pdf,https://kind.krx.co.kr/external/dst/irReference/19373/APSI_IRBook_26_2Q.pdf,e539ea51b62d31bedd7fe4fe5360dc9f70eca241a929054d41b712028c929ead,,
212560,네오오토,2026-09-09,260907 네오오토-오토인더스트리 포괄적 주식교환 IR자료.pdf,https://kind.krx.co.kr/external/dst/irReference/19269/260907 네오오토-오토인더스트리 포괄적 주식교환 IR자료.pdf,16a46137649a7f8326d9f8cfc1e04abe4739f12fd890623bbc99868ea9be17a9,,
213420,덕산네오룩스,2024-03-13,DSNL_(EN)_2023.4Q_V2_optimize.pdf,https://kind.krx.co.kr/external/dst/irReference/14814/DSNL_(EN)_2023.4Q_V2_optimize.pdf,87feaa402ccba4d7fead27fb41daa76fbe757825dccf47859a941fd4f988cc4f,,
213420,덕산네오룩스,2024-03-13,DSNL_(KR)_2023.4Q_V2_optimize.pdf,https://kind.krx.co.kr/external/dst/irReference/14814/DSNL_(KR)_2023.4Q_V2_optimize.pdf,ff254893a9b3c5e80dd9b57cf59d58c8de3d35e12b981c8697d47d25b8232a8a,,
213420,덕산네오룩스,2024-05-13,DSNL_24.1Q(KR)_240513.pdf,https://kind.krx.co.kr/external/dst/irReference/15060/DSNL_24.1Q(KR)_240513.pdf,e08fb427597a09eb8c8d7ab2dc55daa3643d0075090b6bd615a8045bc4454db7,,
213420,덕산네오룩스,2024-08-13,DSNL_24.2Q(KR)_v0.6final.pdf,https://kind.krx.co.kr/external/dst/irReference/15514/DSNL_24.2Q(KR)_v0.6final.pdf,e3a01ddb4dd12e4ddd6b5e872ee02794234b00d6fc8159ebcfc0b0db53109e5b,,
213420,덕산네오룩스,2025-02-13,DSNL_24.4Q(KR)final.pdf,https://kind.krx.co.kr/external/dst/irReference/16270/DSNL_24.4Q(KR)final.pdf,606f0e0dc82f320738a905d12f8c016d1e066d404e8915ca604b3151bd8b5426,,
213420,덕산네오룩스,2025-05-19,DSNL_25.1Q(EN)_F.pdf,https://kind.krx.co.kr/external/dst/irReference/16731/DSNL_25.1Q(EN)_F.pdf,61cb4c6a9ef7066dfd378a82497280efa6db737ce84cb17a65377a1f06e7907c,,
213420,덕산네오룩스,2025-05-19,DSNL_25.1Q(KR)_F.pdf,https://kind.krx.co.kr/external/dst/irReference/16731/DSNL_25.1Q(KR)_F.pdf,2b6ecccb80d18fad92259ee55239d632b94dfdc25f13ac30ff04cd157e45f10a,,
213420,덕산네오룩스,2025-08-18,DSNL_25.2Q(EN).pdf,https://kind.krx.co.kr/external/dst/irReference/17181/DSNL_25.2Q(EN).pdf,f68c1e06f9acdc0316a1f6896b638d7465441bf00fcfc3ab1758942cac67f832,,
213420,덕산네오룩스,2025-08-18,DSNL_25.2Q(KR).pdf,https://kind.krx.co.kr/external/dst/irReference/17181/DSNL_25.2Q(KR).pdf,019a8a465e921b87fe2a3130d9e7b895c04ffd2b508a3f1f38886cf503f18950,,
213420,덕산네오룩스,2025-11-18,DSNL_25.3Q(EN).pdf,https://kind.krx.co.kr/external/dst/irReference/17658/DSNL_25.3Q(EN).pdf,b2376eb2bcb0ce0ea08c02efd87686f4ad486f3b7bc93c6fa8a55a3cdfd622a5,,
213420,덕산네오룩스,2025-11-18,DSNL_25.3Q(KR).pdf,https://kind.krx.co.kr/external/dst/irReference/17658/DSNL_25.3Q(KR).pdf,413be6ec78d2b5d745d36ff35c923dfc808a5810a6e812563c8e83461a0857ed,,
213420,덕산네오룩스,2026-03-03,DSNL_25.4Q(EN).pdf,https://kind.krx.co.kr/external/dst/irReference/18142/DSNL_25.4Q(EN).pdf,d5ba3d657e6ef9e0ab941917fb952b77da80a84ad649b6246b8d40ae4b0df842,,
213420,덕산네오룩스,2026-03-03,DSNL_25.4Q(KR).pdf,https://kind.krx.co.kr/external/dst/irReference/18142/DSNL_25.4Q(KR).pdf,1d4c38bfa27670ecb559d87ddc9681478e0b0580ee1ac2f893e8fde9aa3fa43c,,
213420,덕산네오룩스,2026-05-21,dsnl_ir_1Q26_EN.pdf,https://kind.krx.co.kr/external/dst/irReference/18601/dsnl_ir_1Q26_EN.pdf,89e547814044853be9048eb46310aa1d650bfffff28266eae4d92b4b49fc8978,"10,16",
213420,덕산네오룩스,2026-05-21,dsnl_ir_1Q26_KR.pdf,https://kind.krx.co.kr/external/dst/irReference/18601/dsnl_ir_1Q26_KR.pdf,1919ec75f006749c9a8395fd404dec19a4f01145cf48231854b6c110ec6cb201,"10,16",
213420,덕산네오룩스,2026-08-12,dsnl_ir_2Q26_KR(F).pdf,https://kind.krx.co.kr/external/dst/irReference/19013/dsnl_ir_2Q26_KR(F).pdf,42c33357afdd79a65f058fc74abae7d7ada397387067305bcbcf0202997dfed9,10,
217730,강스템바이오텍,2024-01-31,240131_강스템바이오텍_기업설명회 자료.pdf,https://kind.krx.co.kr/external/dst/irReference/14615/240131_강스템바이오텍_기업설명회 자료.pdf,a15887268d6d5dd8d2e11610c27c0c46833ac55a666cd09032d13b10dfa2bc5c,,
217730,강스템바이오텍,2024-07-05,퓨어스템-에이디주 임상결과 설명회 IR자료(240704).pdf,https://kind.krx.co.kr/external/dst/irReference/15368/퓨어스템-에이디주 임상결과 설명회 IR자료(240704).pdf,dc9a410e672954c6dda865024f377c48ac9d1921e6cc2615c9eeaefe3502eae3,,
217730,강스템바이오텍,2025-04-30,기업설명회 발표자료_강스템바이오텍_250430.pdf,https://kind.krx.co.kr/external/dst/irReference/16567/기업설명회 발표자료_강스템바이오텍_250430.pdf,4944d65cdd27c5260613dca4a249b4365b93b719bc4cb42a7fa79a932d48f609,,"6,17,18,19"
217730,강스템바이오텍,2025-06-11,기업설명회 발표자료_강스템바이오텍_250611.pdf,https://kind.krx.co.kr/external/dst/irReference/16881/기업설명회 발표자료_강스템바이오텍_250611.pdf,1dbc7c616a5b98f1dfec726328bc323fcf0fc770a90198006fbf2e90e721cbb6,,"13,14,15"
217730,강스템바이오텍,2026-06-10,강스템바이오텍_기업설명회_발표_260610.pdf,https://kind.krx.co.kr/external/dst/irReference/18761/강스템바이오텍_기업설명회_발표_260610.pdf,b4888c8a854ea5ac558e81059692b98637b18d6a9b9cc4e48dd407d7a8b0cb02,,
217730,강스템바이오텍,2026-07-29,강스템바이오텍_OSCA 2a Topline 결과설명회(260729).pdf,https://kind.krx.co.kr/external/dst/irReference/18962/강스템바이오텍_OSCA 2a Topline 결과설명회(260729).pdf,81fff27c9494e77b1fd7bd23d52dd1e0004347415d7f2b8236a0a7d906875b4a,,"14,16"
217730,강스템바이오텍,2026-10-07,강스템바이오텍_기업설명회_261007.pdf,https://kind.krx.co.kr/external/dst/irReference/19408/강스템바이오텍_기업설명회_261007.pdf,522da3439c14d13a39118f55aabb4efb458c337e74394c1c9a5a5866674390c3,,
220100,퓨쳐켐,2025-07-21,※ FutureChem IR BOOK(최종).pdf,https://kind.krx.co.kr/external/dst/irReference/17044/※ FutureChem IR BOOK(최종).pdf,63a73af3efa86991d518d61bfe506ebfe2d38f49ac1857181a06ddfadbe133fc,,
220100,퓨쳐켐,2026-06-12,FutureChem_IR_유상증자_260612.pdf,https://kind.krx.co.kr/external/dst/irReference/18777/FutureChem_IR_유상증자_260612.pdf,9cf261709ab13f6f20a063ecbd8fc9f299bece51868be9a8666071dcbcb4ef0a,,
220100,퓨쳐켐,2026-08-26,퓨쳐켐_IR BOOK(NDR)_260826.pdf,https://kind.krx.co.kr/external/dst/irReference/19172/퓨쳐켐_IR BOOK(NDR)_260826.pdf,e382f348ba18df37312db397f2b8a5481578d0b8b008ee7987124e150a0a8faa,,
222080,SFA넥셀,2024-02-16,(SFA 및 주요연결종속회사)2023년 연간 실적발표_Final.pdf,https://kind.krx.co.kr/external/dst/irReference/14726/(SFA 및 주요연결종속회사)2023년 연간 실적발표_Final.pdf,fad51be0926b8d95c3f0a4fbb1314c00912f380cf3066d3f4fe9af7470c7a9c0,"6,7,8,9,10,14,16,29,30","42,44,45,46,47"
222800,심텍,2024-05-07,Simmtech IR News_Business Results for FY 1Q'24(Eng).pdf,https://kind.krx.co.kr/external/dst/irReference/14986/Simmtech IR News_Business Results for FY 1Q'24(Eng).pdf,656062928e182b675198090f7ffe059d391ab2f96ce68ea7fa4bab3fd5a7ee45,,
222800,심텍,2024-05-07,Simmtech IR News_Business Results for FY 1Q'24(kor).pdf,https://kind.krx.co.kr/external/dst/irReference/14986/Simmtech IR News_Business Results for FY 1Q'24(kor).pdf,70b34f323f9ff2dd5420be26dce4b80d65ff7c7396225dbbaa522c8605ed3c2a,,
222800,심텍,2024-08-07,Simmtech Business Results for FY 2Q'24(Eng).pdf,https://kind.krx.co.kr/external/dst/irReference/15460/Simmtech Business Results for FY 2Q'24(Eng).pdf,30c5217a445028f33fe000af712e94b4a0e08d61238380becd69c96e3aa907e7,,
222800,심텍,2024-08-07,Simmtech Business Results for FY 2Q'24(kor).pdf,https://kind.krx.co.kr/external/dst/irReference/15460/Simmtech Business Results for FY 2Q'24(kor).pdf,caf90bb43f7142b83926436effdb46f59966ebb41c837042813e8c812855b7f1,,
222800,심텍,2024-11-07,Simmtech_Business Results for FY 3Q'24(eng).pdf,https://kind.krx.co.kr/external/dst/irReference/15870/Simmtech_Business Results for FY 3Q'24(eng).pdf,25ca1983efdc12713a7a2b4652ee987d48e5db86b08f07ae2bcc2c2b5264bbe1,,
222800,심텍,2024-11-07,Simmtech_Business Results for FY 3Q'24(kor).pdf,https://kind.krx.co.kr/external/dst/irReference/15870/Simmtech_Business Results for FY 3Q'24(kor).pdf,04383a4d55dbaa6f8e6082f5fa9716047773971a143920dbb8204e7b88bef255,,
222800,심텍,2025-02-26,Business Results for FY 24_Plan for FY 1H25(20250225_eng).pdf,https://kind.krx.co.kr/external/dst/irReference/16348/Business Results for FY 24_Plan for FY 1H25(20250225_eng).pdf,00ee79cccf460c0e5a54d3b4657145366f403ebe5bc21786a38436a7b6250f73,,
222800,심텍,2025-02-26,Business Results for FY 24_Plan for FY 1H25(20250225_kor).pdf,https://kind.krx.co.kr/external/dst/irReference/16348/Business Results for FY 24_Plan for FY 1H25(20250225_kor).pdf,2cd7be17c743db72574454b9c82c0903637213811a015b95b26caacfd5a4a36c,,
222800,심텍,2025-05-09,Simmtech IR News_Business Results for 1Q25(eng).pdf,https://kind.krx.co.kr/external/dst/irReference/16619/Simmtech IR News_Business Results for 1Q25(eng).pdf,64c87608220ebc9ce1d1efab0a46e4766ab1c468e82db7ac243bd7de1eb2028b,,
222800,심텍,2025-05-09,Simmtech IR News_Business Results for 1Q25.pdf,https://kind.krx.co.kr/external/dst/irReference/16619/Simmtech IR News_Business Results for 1Q25.pdf,7a19571b3e8bd7b8ef286ec5bbd9aeaa49c35b2820dd14919fd187ec77b66b4d,,
222800,심텍,2025-08-08,Simmtech Business Results for FY 2Q25_Plan for FY 3Q25_eng.pdf,https://kind.krx.co.kr/external/dst/irReference/17113/Simmtech Business Results for FY 2Q25_Plan for FY 3Q25_eng.pdf,7caadf3fb88f414b96261a0185f8b4b0e143ac1cd9b773c4941370d3f60a6626,,
222800,심텍,2025-08-08,Simmtech Business Results for FY 2Q25_Plan for FY 3Q25_kor.pdf,https://kind.krx.co.kr/external/dst/irReference/17113/Simmtech Business Results for FY 2Q25_Plan for FY 3Q25_kor.pdf,9290783ba6233fa69c76ecd975d3ba97a9f022fc24acee5864936b1a741a5dbf,,
222800,심텍,2025-11-10,Simmtech Business Results for FY 3Q25_Plan for FY 4Q25(eng).pdf,https://kind.krx.co.kr/external/dst/irReference/17606/Simmtech Business Results for FY 3Q25_Plan for FY 4Q25(eng).pdf,f26968a03d9921e10f172900d464955ae43d97ea868ace095de526b81fb157e1,,
222800,심텍,2025-11-10,Simmtech Business Results for FY 3Q25_Plan for FY 4Q25(kor).pdf,https://kind.krx.co.kr/external/dst/irReference/17606/Simmtech Business Results for FY 3Q25_Plan for FY 4Q25(kor).pdf,13790a209f126161c2a124e3ea7017185725f9b8d0268f85f2f1503a669e3b4f,,
222800,심텍,2026-02-25,Simmtech_Business Results for FY 25_Plan for FY 1H26_eng.pdf,https://kind.krx.co.kr/external/dst/irReference/18110/Simmtech_Business Results for FY 25_Plan for FY 1H26_eng.pdf,0e7c49af837be1ed1009ce6efe9c3ca8e0f530aab602d9fb50957fc376c5c4a2,,
222800,심텍,2026-02-25,Simmtech_Business Results for FY 25_Plan for FY 1H26_kor.pdf,https://kind.krx.co.kr/external/dst/irReference/18110/Simmtech_Business Results for FY 25_Plan for FY 1H26_kor.pdf,c813d04de888ae0a617619a6396b56d8b24b5717432b955e7c17c4ef458129ea,,
222800,심텍,2026-05-07,Simmtech IR News_Business Results for FY 1Q26_eng.pdf,https://kind.krx.co.kr/external/dst/irReference/18438/Simmtech IR News_Business Results for FY 1Q26_eng.pdf,166c2382af45808854aff15750ef4b7ea07f6b99952ebea742ee3f7a08d68c51,,
222800,심텍,2026-05-07,Simmtech IR News_Business Results for FY 1Q26_kor.pdf,https://kind.krx.co.kr/external/dst/irReference/18438/Simmtech IR News_Business Results for FY 1Q26_kor.pdf,c7191b995085b3f4b8bc154e23ec2087d9a971eeee0588adfab4b9a557ed6d36,,
222800,심텍,2026-08-06,Business Results for FY 2Q26_Plan for FY 2H26_eng.pdf,https://kind.krx.co.kr/external/dst/irReference/18996/Business Results for FY 2Q26_Plan for FY 2H26_eng.pdf,b0faa9be3dc641d1f45986c611ba7c5b722dd546162ffd0d045325846ce4ee87,,
222800,심텍,2026-08-06,Business Results for FY 2Q26_Plan for FY 2H26_kor.pdf,https://kind.krx.co.kr/external/dst/irReference/18996/Business Results for FY 2Q26_Plan for FY 2H26_kor.pdf,bfeefd4ab2d1981c5f3d77344cd419a2d2a04b8ace4f353ae20d4b845f721e71,,
232140,와이씨,2024-09-23,YC_IR BOOK_2024.pdf,https://kind.krx.co.kr/external/dst/irReference/15750/YC_IR BOOK_2024.pdf,0cac55fee182cb09a28637aaea525ceb51e8e260a0be78018feed44ac58eb909,,
232140,와이씨,2024-12-12,YC_IR BOOK_2024 3Q(Korean).pdf,https://kind.krx.co.kr/external/dst/irReference/16133/YC_IR BOOK_2024 3Q(Korean).pdf,bf13575c8150e4f68ebbdbd056726ba21b66cf6e527b7a2cba5f0cd4c7ce0460,,
232140,와이씨,2026-09-09,YC_IR BOOK_2026 2Q(Korean).pdf,https://kind.krx.co.kr/external/dst/irReference/19285/YC_IR BOOK_2026 2Q(Korean).pdf,dc42e4f446fe99b131f3cc80472d4b79e068dc306de80235d03740daa5161cd6,,
232680,라온로보틱스,2024-11-06,라온테크 IR BOOK_2024.11.06.pdf,https://kind.krx.co.kr/external/dst/irReference/15867/라온테크 IR BOOK_2024.11.06.pdf,6544bebc0f8299a3a01c3c43af751945b74d23c9d07cf5469197cceb8bf31158,,
240810,원익IPS,2024-11-18,WONIK IPS_IR_Kor_3Q24.pdf,https://kind.krx.co.kr/external/dst/irReference/15972/WONIK IPS_IR_Kor_3Q24.pdf,4a59d8f2a16a324ba13cafda8de7f122c01e67507004392c0e2d32d8057e8f3b,,"1,3,4,6,7,8,9"
256940,킵스파마,2025-04-30,Keeps Biopharma 2025 IR 자료.pdf,https://kind.krx.co.kr/external/dst/irReference/16557/Keeps Biopharma 2025 IR 자료.pdf,c315ea5cf1fa2760f40fecf2f51ea156432b01fd88c8413478dcce1720912342,,"1,2,3,4,5,6,7,8,9,10,11,12,13,14,15,16,17,18,19,20,21,22"
256940,킵스파마,2026-06-08,KeepsBioPharma_IR_BOOK_260602.pdf,https://kind.krx.co.kr/external/dst/irReference/18713/KeepsBioPharma_IR_BOOK_260602.pdf,3de391764aaffce82c4d086216dc582f60182e99f7e5a4d36b7fde558f0125bb,,
259630,엠플러스,2025-05-08,2025_엠플러스_IR자료.pdf,https://kind.krx.co.kr/external/dst/irReference/16603/2025_엠플러스_IR자료.pdf,f0cd483a399c794af35e4933061fd077a231bf60e47fecdb6353c2fc3430356d,10,28
259630,엠플러스,2025-08-22,2025_mPLUS IR_General_2508.pdf,https://kind.krx.co.kr/external/dst/irReference/17240/2025_mPLUS IR_General_2508.pdf,2e74ad594cd4374bb9f8f62f82f1044481467e964ccb3a2afba76c2174280ce4,10,28
265520,AP시스템,2025-08-25,AP Systems IR Presentation_2025.pdf,https://kind.krx.co.kr/external/dst/irReference/17244/AP Systems IR Presentation_2025.pdf,49b34278599b9f8e7568788cf6481c7bd1654dc412b62d0d232178b9a152c581,,
265520,AP시스템,2025-11-18,APSystems_IR Presentation_251114.pdf,https://kind.krx.co.kr/external/dst/irReference/17676/APSystems_IR Presentation_251114.pdf,c581cb19dacfb1b826a27d5433605b6c38fc51381a5d2b62d43482abc9861fbb,,
265520,AP시스템,2026-06-09,APSystems_IR Presentation_공시(1Q26).pdf,https://kind.krx.co.kr/external/dst/irReference/18728/APSystems_IR Presentation_공시(1Q26).pdf,c041c9ddf9ff4e7fab755d9042a56ed0b10fa65707758ef92bfb14df82f128f7,,
265520,AP시스템,2026-07-02,APSystems_IR Presentation_2026.pdf,https://kind.krx.co.kr/external/dst/irReference/18872/APSystems_IR Presentation_2026.pdf,c3b40c57cc9794c20efaa6949cc5482ef1a4e9d8dd6aea9c98821a2f5ed1bf4b,,
265520,AP시스템,2026-08-24,APSystems_IR Presentation(2026).pdf,https://kind.krx.co.kr/external/dst/irReference/19113/APSystems_IR Presentation(2026).pdf,415775abd031fe0454cdc196330580e3dc496aa3b54625284b06b64cceb0c9c0,,
282880,코윈로보틱스,2024-11-29,코윈테크 IR Book_241121.pdf,https://kind.krx.co.kr/external/dst/irReference/16029/코윈테크 IR Book_241121.pdf,d095972c86e967aa0410b7eb634e4ea0c3cc16027b53f6c4b4ff91f74fd5e765,19,
282880,코윈로보틱스,2025-04-16,코윈테크 IR Book(Renewal)_250415(공시).pdf,https://kind.krx.co.kr/external/dst/irReference/16521/코윈테크 IR Book(Renewal)_250415(공시).pdf,94e9c010e3284f009bb298ff605643c5dac4f0cbcab718995586d8cad0ef7468,19,
282880,코윈로보틱스,2025-09-02,코윈테크 IR Book(Renewal)_250827.pdf,https://kind.krx.co.kr/external/dst/irReference/17294/코윈테크 IR Book(Renewal)_250827.pdf,6ac5b812b0ffcbe1db87de4138eb71f045a6c40dbfde206464ae23ac5e8aedb8,"14,19",
282880,코윈로보틱스,2025-09-25,코윈테크 IR Book(Renewal)_250924(유안타 NDR Upload).pdf,https://kind.krx.co.kr/external/dst/irReference/17449/코윈테크 IR Book(Renewal)_250924(유안타 NDR Upload).pdf,64b931fdfc19bbcaeaa441658908c1d1a4eb588bdb4d1fbbcecf2a3059bcf468,"19,20",
282880,코윈로보틱스,2025-10-20,코윈테크 IR Book(Renewal)_251015(합동 IR).pdf,https://kind.krx.co.kr/external/dst/irReference/17483/코윈테크 IR Book(Renewal)_251015(합동 IR).pdf,29f7a346faa9c722865989ef0837bf4278a5bbad243cc9a1540fd104708fc18e,"17,18",
293480,하나제약,2024-04-25,하나제약 IR Book_2023.pdf,https://kind.krx.co.kr/external/dst/irReference/14949/하나제약 IR Book_2023.pdf,4eab2cd38d788389c818bba4b4abf1083f3f850c0be4092361863c90460d57fe,,
294570,쿠콘,2025-02-19,쿠콘 정례 IR BOOK_4Q24.pdf,https://kind.krx.co.kr/external/dst/irReference/16316/쿠콘 정례 IR BOOK_4Q24.pdf,df5d28baa6f04514410ab4be1fee7b20941f73399cc6c193a8261e58aa960d1d,,
294570,쿠콘,2025-05-21,쿠콘 정례 IR BOOK_1Q25_F (1).pdf,https://kind.krx.co.kr/external/dst/irReference/16763/쿠콘 정례 IR BOOK_1Q25_F (1).pdf,eb1131aea8a4e8d8973d5ea913c03c51b3385acd583cce50f6bc1fceeea61b40,,
294570,쿠콘,2025-07-23,쿠콘 정례 IR BOOK_1Q25.pdf,https://kind.krx.co.kr/external/dst/irReference/17029/쿠콘 정례 IR BOOK_1Q25.pdf,5841af37b8c9092347d78d33f3f41347cd12389737402ca4033bd43974189251,,
294570,쿠콘,2025-08-20,쿠콘 IR BOOK_25 Q2_F.pdf,https://kind.krx.co.kr/external/dst/irReference/17212/쿠콘 IR BOOK_25 Q2_F.pdf,934abae3c8cfa23674b0aa8536d6ce75ca398d6004f2039b467f7f363ab28a8f,,"1,2,3,5,6,7,8,9,10,13,14,15,16,17,21,22,23,24,26,27,28,29,30,31,32,33,35"
294570,쿠콘,2025-08-26,쿠콘 상반기 정례 IR_F.pdf,https://kind.krx.co.kr/external/dst/irReference/17261/쿠콘 상반기 정례 IR_F.pdf,241d29ae346f629b9d2536447a3f08f3283c34c814e6f3c8e181bbbeac943c1c,,
294570,쿠콘,2025-11-25,쿠콘_25년 3분기 정례 IR_FF (1).pdf,https://kind.krx.co.kr/external/dst/irReference/17789/쿠콘_25년 3분기 정례 IR_FF (1).pdf,41bd55ada4ee4757fdab57d98c4db115e5f2c764d94ff80940670188d3962353,,
294570,쿠콘,2026-03-04,쿠콘 정례 IR BOOK_4Q25_최종F.pdf,https://kind.krx.co.kr/external/dst/irReference/18155/쿠콘 정례 IR BOOK_4Q25_최종F.pdf,80ddb4af7658eb9a542edaea436b450bda4f9b0ab9c25c5ee7e4e2e4d91b7213,,
294570,쿠콘,2026-03-16,쿠콘 정례 IR BOOK_4Q25_F.pdf,https://kind.krx.co.kr/external/dst/irReference/18224/쿠콘 정례 IR BOOK_4Q25_F.pdf,3941754f043ac7507a49cdac59fcc8fce692b18baaf012a305e6a2ff2da0cd0b,,
294570,쿠콘,2026-05-21,쿠콘 실적발표자료_1Q26_F.pdf,https://kind.krx.co.kr/external/dst/irReference/18613/쿠콘 실적발표자료_1Q26_F.pdf,4cf2a1ecf2ba0f29d7ea17b8e7393c73a0492a1c6f4dfbae2181d91599f295b3,,
294570,쿠콘,2026-08-20,2분기 IR 실적 발표자료_FFF_260820.pdf,https://kind.krx.co.kr/external/dst/irReference/19107/2분기 IR 실적 발표자료_FFF_260820.pdf,ee92c551959b112ccfa5d0f7b8709fe6695c96908bc0d14fff872a43840b326a,,
295310,에이치브이엠,2024-08-26,20240826_HVM 2Q 실적발표.pdf,https://kind.krx.co.kr/external/dst/irReference/15621/20240826_HVM 2Q 실적발표.pdf,a8d5fbfca1ca9be56f0076b7cbc91f92560d9a4148ac7b5c00a0ae49ceaab258,,"1,2,3,4,6,8,9,10,11,12,13,14"
295310,에이치브이엠,2025-09-26,HVM_IR Book_25.2Q.pdf,https://kind.krx.co.kr/external/dst/irReference/17454/HVM_IR Book_25.2Q.pdf,fd8a3330f75d33d7d44f837dac0e24693be37225f37a4a78501a8cca153b0fb4,,"1,2,3,9,10,11,12,13,14,15,16,18,21,22,24,25,28,29"
299030,하나기술,2025-03-12,2025.03 하나기술 company profile.pdf,https://kind.krx.co.kr/external/dst/irReference/16399/2025.03 하나기술 company profile.pdf,a7adae6bcbc7feaf0923d147240e99a03dc867fdeb95da988ee7bac52ba6e762,10,
299030,하나기술,2025-08-08,2025.하나기술 company profile_한국거래소IR(최종).pdf,https://kind.krx.co.kr/external/dst/irReference/17119/2025.하나기술 company profile_한국거래소IR(최종).pdf,476e72c3f8829b59ad90206ad3f941cf1376c3f1a8439cd62a6cbdbd4416f425,"4,9,10",
303810,동국생명과학,2025-05-26,250523 동국생명과학 1Q25 실적자료_Final.pdf,https://kind.krx.co.kr/external/dst/irReference/16799/250523 동국생명과학 1Q25 실적자료_Final.pdf,6a984431bdcad7f9bfebf8466ca0073f668bdb7832bd218614d56e81e0bc175a,,"1,4,9,13,14,16,17,18,20,22,23,26,27,28,29,30"
303810,동국생명과학,2025-08-25,250822 동국생명과학 2Q25 실적자료_최종본_vFN.pdf,https://kind.krx.co.kr/external/dst/irReference/17250/250822 동국생명과학 2Q25 실적자료_최종본_vFN.pdf,8b02fc442f8f41206a3e6f04c2da5b46646df28bc8d02f7a305258ce833739a4,,"1,8,9,11,12,13,19,21,24,25,29,30,31"
303810,동국생명과학,2025-09-16,250912 동국생명과학 9월 NDR 실적자료_FN..pdf,https://kind.krx.co.kr/external/dst/irReference/17398/250912 동국생명과학 9월 NDR 실적자료_FN..pdf,cf70cd10a95575032490408f94aad306c122c91c5ba861480c782dafbb69f0cc,,"1,8,9,11,12,13,21,23,26,27,30,31,32"
303810,동국생명과학,2025-11-20,251118 동국생명과학 3Q NDR 실적자료.pdf,https://kind.krx.co.kr/external/dst/irReference/17737/251118 동국생명과학 3Q NDR 실적자료.pdf,950cdbbd5ba1d6e8ce97448e33cedbe6607ec86a04d95182d6a4eff6e74c5c13,,"1,8,9,11,12,13,23,25,28,29,32,33,34"
304100,솔트룩스,2025-11-17,FY25.3Q_CEO 간담회_솔트룩스_v2.0_공시_.pdf,https://kind.krx.co.kr/external/dst/irReference/17710/FY25.3Q_CEO 간담회_솔트룩스_v2.0_공시_.pdf,1e4f3281d1f7ed955d10e77add32c3319bf92453dc791ae0740f3ac2ace90919,,38
307180,아이엘,2024-07-25,007_최종_아이엘사이언스_20240725.pdf,https://kind.krx.co.kr/external/dst/irReference/15412/007_최종_아이엘사이언스_20240725.pdf,236641d498922763754a008b85f52af335dd61ea662ff40d7deb53acf0a34ed1,"15,24",30
307180,아이엘,2024-11-19,2024년 3분기 아이엘사이언스 IR Book_v1.3.pdf,https://kind.krx.co.kr/external/dst/irReference/16007/2024년 3분기 아이엘사이언스 IR Book_v1.3.pdf,4d8b05dc276cbd7c2d5b77486db7c2c0a1ca9e62cfb2e07a4a272a3b96a21aa6,,
307180,아이엘,2025-02-27,2025 IL GROUP COMPANY PROFILE.pdf,https://kind.krx.co.kr/external/dst/irReference/16352/2025 IL GROUP COMPANY PROFILE.pdf,4993c09069ed7154d9a29aa5662cd3980d42cbc5f5ce427f2fb53f3f334275e3,,
307180,아이엘,2025-12-10,아이엘그룹 IR_25.3Q-1.pdf,https://kind.krx.co.kr/external/dst/irReference/17884/아이엘그룹 IR_25.3Q-1.pdf,e8df1331ec85d80ee46a79953401799062455b34847bd19b675898bf29f26d1c,,
314130,지놈앤컴퍼니,2024-01-22,20240122 상상인증권 NDR_최종_게시v3.pdf,https://kind.krx.co.kr/external/dst/irReference/14598/20240122 상상인증권 NDR_최종_게시v3.pdf,1ece49d56b821e8d5fcfb57e0adcbcd2d48eb32eb152ae020f7f356fbdf3418b,,
314130,지놈앤컴퍼니,2024-01-26,20240126 기업설명회 최종_게시.pdf,https://kind.krx.co.kr/external/dst/irReference/14611/20240126 기업설명회 최종_게시.pdf,1ece49d56b821e8d5fcfb57e0adcbcd2d48eb32eb152ae020f7f356fbdf3418b,,
314130,지놈앤컴퍼니,2024-06-10,지놈앤컴펀 IR자료_20240610(거래소 제출).pdf,https://kind.krx.co.kr/external/dst/irReference/15285/지놈앤컴펀 IR자료_20240610(거래소 제출).pdf,cdffa0ed1ca97bb5947c772784c10959a2669287214ba99cadb7773788ea20c9,,
314130,지놈앤컴퍼니,2024-06-13,지놈앤컴퍼니 IR자료_20240613_거래소 업데이트.pdf,https://kind.krx.co.kr/external/dst/irReference/15301/지놈앤컴퍼니 IR자료_20240613_거래소 업데이트.pdf,dbd4371f6215d313af564b4069ba8fd441b876bffffc5bf2049e973e85d5f69a,,
314130,지놈앤컴퍼니,2024-07-02,지놈앤컴퍼니 IR자료_20240702 거래소 업로드.pdf,https://kind.krx.co.kr/external/dst/irReference/15356/지놈앤컴퍼니 IR자료_20240702 거래소 업로드.pdf,598f7882a8b523fafb6843cedcc5dce1a206ad4de6583b8558075d87bfc20315,,
314130,지놈앤컴퍼니,2024-07-19,지놈앤컴퍼니 IR자료_20240702_IR자료.pdf,https://kind.krx.co.kr/external/dst/irReference/15397/지놈앤컴퍼니 IR자료_20240702_IR자료.pdf,abb6698721b2ce6b2a8c5ea9f78c4d5c6f2d1f74eaa3ca671134081cbfbf0a5b,,
314130,지놈앤컴퍼니,2024-11-07,지놈앤컴퍼니 IR자료_20241107 KB증권 NDR_거래소 공시.pdf,https://kind.krx.co.kr/external/dst/irReference/15878/지놈앤컴퍼니 IR자료_20241107 KB증권 NDR_거래소 공시.pdf,b54d4709dd58702246bb5bbaa128f3173e44fa38ea91345fd2c23b028e437095,,
314130,지놈앤컴퍼니,2025-02-12,[지놈앤컴퍼니]온라인 주주간담회 발표 자료_거래소 제출용.pdf,https://kind.krx.co.kr/external/dst/irReference/16259/[지놈앤컴퍼니]온라인 주주간담회 발표 자료_거래소 제출용.pdf,e4eb986e7a1752806426018a2bad646311db8b292a4df872e7cdb86a667c2925,,
314130,지놈앤컴퍼니,2025-02-13,[지놈앤컴퍼니]기업설명회 발표 자료_거래소 제출용.pdf,https://kind.krx.co.kr/external/dst/irReference/16273/[지놈앤컴퍼니]기업설명회 발표 자료_거래소 제출용.pdf,e4eb986e7a1752806426018a2bad646311db8b292a4df872e7cdb86a667c2925,,
321370,센서뷰,2025-06-25,250624 센서뷰 기업설명회_FN.pdf,https://kind.krx.co.kr/external/dst/irReference/16942/250624 센서뷰 기업설명회_FN.pdf,9ed02c121f07e85597ceda5a961af3882458fe3ce305b97515d67304249d7809,22,
321370,센서뷰,2025-08-18,♣ 2025 센서뷰 IR_fn_v2.pdf,https://kind.krx.co.kr/external/dst/irReference/17151/♣ 2025 센서뷰 IR_fn_v2.pdf,f3c15b17716653cc090ff0505fead5821be30f1e7b462e57e25f18df562f05d5,"9,19",
321370,센서뷰,2026-02-04,2026 센서뷰 IR.pdf,https://kind.krx.co.kr/external/dst/irReference/17977/2026 센서뷰 IR.pdf,c4e11557841d8a7eb0d74e244944450be467c9ba9225e4b2663137d432e92550,21,
321370,센서뷰,2026-05-26,2026 센서뷰 IR_v1.pdf,https://kind.krx.co.kr/external/dst/irReference/18634/2026 센서뷰 IR_v1.pdf,ee4683dfedab84d03c30692ac7dbd00023a530eabd7aa6bf5e3a81f1ca9137d2,,
321550,티움바이오,2024-05-07,TiumBio_Merigolix Phase 2a Topline Results_May7.pdf,https://kind.krx.co.kr/external/dst/irReference/14991/TiumBio_Merigolix Phase 2a Topline Results_May7.pdf,4126bc3cb831585c6c0b593f1c358d9d42fd615538a6e7cfe8d2455a960afa56,,
321550,티움바이오,2024-11-19,TiumBio_IR presentation_Kor_241119 NDR vF.pdf,https://kind.krx.co.kr/external/dst/irReference/15997/TiumBio_IR presentation_Kor_241119 NDR vF.pdf,6efbe72808c1b42315e105bbf0a23a718cbfe16efb4ddd3dcbf1fcd4ed3d84c0,30,
321550,티움바이오,2024-12-05,tiumbio_ir presentation_kor_241205_미래에셋증권 Corp.day.pdf,https://kind.krx.co.kr/external/dst/irReference/16114/tiumbio_ir presentation_kor_241205_미래에셋증권 Corp.day.pdf,6efbe72808c1b42315e105bbf0a23a718cbfe16efb4ddd3dcbf1fcd4ed3d84c0,30,
321550,티움바이오,2025-01-22,TiumBio_IR presentation_개인주주간담회_20250122_v.upload.pdf,https://kind.krx.co.kr/external/dst/irReference/16190/TiumBio_IR presentation_개인주주간담회_20250122_v.upload.pdf,d6bc90da993725147fc99127c5d16df66863d58929d0de7710f4aca703d3a348,30,
321550,티움바이오,2025-04-25,TiumBio_IR Presentation_20250425_NDR(한양증권) (1).pdf,https://kind.krx.co.kr/external/dst/irReference/16555/TiumBio_IR Presentation_20250425_NDR(한양증권) (1).pdf,191e3d3ae15ee544a0a1ce4a1f663fefea751534e1b95815a6aa3d5e9cfb81bf,,
321550,티움바이오,2025-09-24,TiumBio_iM증권_NDR_20250924.pdf,https://kind.krx.co.kr/external/dst/irReference/17438/TiumBio_iM증권_NDR_20250924.pdf,93086de7978b2426ae1553ef4b6942f8d556728c38460a3d523490f02b05dc7d,39,
321550,티움바이오,2025-11-27,TiumBio_IR Presentation_NH Corporate Day_20251127.pdf,https://kind.krx.co.kr/external/dst/irReference/17781/TiumBio_IR Presentation_NH Corporate Day_20251127.pdf,3fccb7570e64905ea713b3e694485cf2d286dbbae4fa8e940ef897c676829572,42,
321550,티움바이오,2026-02-25,TiumBio_IR Presentation_투자자간담회_20260225.pdf,https://kind.krx.co.kr/external/dst/irReference/18119/TiumBio_IR Presentation_투자자간담회_20260225.pdf,f3076477e56d9075a7437751c4d1dbc39ce6796e957371ec20b5b02c06eab3b6,18,
321550,티움바이오,2026-04-09,TiumBio_IR Presentation_2026.04.pdf,https://kind.krx.co.kr/external/dst/irReference/18318/TiumBio_IR Presentation_2026.04.pdf,2b7cc72bb7ecda573e38cf574f35d71892b309980737ec1823342d0952950cf0,42,
322180,LS티라유텍,2025-09-18,2025 티라유텍 IR BOOK_LS THiRA UTECH_ 20250916.pdf,https://kind.krx.co.kr/external/dst/irReference/17406/2025 티라유텍 IR BOOK_LS THiRA UTECH_ 20250916.pdf,239c23e63d2adce2725b0dacf234af2a8012a2aaec35e45cfaa329719b916dfe,,
322180,LS티라유텍,2025-12-23,2025 티라유텍 IR BOOK_LS THiRA UTECH_ 20251223_복호화.pdf,https://kind.krx.co.kr/external/dst/irReference/17920/2025 티라유텍 IR BOOK_LS THiRA UTECH_ 20251223_복호화.pdf,5d60b239a3945f0924c7faf5656d94ca7d6b0d97da14e9c86b9b936168d03e94,,
322180,LS티라유텍,2026-04-23,2026 티라유텍 IR BOOK_LS THiRA UTECH_ 20260423_복호화.pdf,https://kind.krx.co.kr/external/dst/irReference/18377/2026 티라유텍 IR BOOK_LS THiRA UTECH_ 20260423_복호화.pdf,6162161ec6472fbbabf2f4987ce2238aa7a89989f5963de7a717690558539a8b,,
322180,LS티라유텍,2026-09-30,2026 티라유텍 IR BOOK_LS THiRA UTECH_ 20260930_복호화.pdf,https://kind.krx.co.kr/external/dst/irReference/19372/2026 티라유텍 IR BOOK_LS THiRA UTECH_ 20260930_복호화.pdf,ef5de6f8935b19a73349daeb15c230162cd782a2dad990e09810160b0808692c,10,
322510,제이엘케이,2024-01-09,기업설명회_2024.01.09.pdf,https://kind.krx.co.kr/external/dst/irReference/14581/기업설명회_2024.01.09.pdf,bb7507ddcc05e21a18ae4b98dfa991c6ad3595de161208ba411ab16a5c20cb55,,
322510,제이엘케이,2024-02-06,Medihub Stroke Combo_제이엘케이(322510).pdf,https://kind.krx.co.kr/external/dst/irReference/14624/Medihub Stroke Combo_제이엘케이(322510).pdf,1d012f0407433a1358c64149a1cd8196c45a87b5dd96c14ba63b929b1e7d4088,,"1,3"
322510,제이엘케이,2024-02-19,JLK IR_24.02.19.pdf,https://kind.krx.co.kr/external/dst/irReference/14735/JLK IR_24.02.19.pdf,c9ea31c28c27d426779608258dfb48b945638f55ca9536518e83ac018d01a725,,"1,2"
322510,제이엘케이,2024-05-27,2024_IR Book_20240516_pdf.pdf,https://kind.krx.co.kr/external/dst/irReference/15202/2024_IR Book_20240516_pdf.pdf,a56f77b65571557e21061f0f7480bb6ae6ea1a0f728799f0fc6c3262b48ab562,,"2,27"
322510,제이엘케이,2024-09-03,2024_IR Book_20240902_유무상증자 - KB 발표_compressed.pdf,https://kind.krx.co.kr/external/dst/irReference/15672/2024_IR Book_20240902_유무상증자 - KB 발표_compressed.pdf,b80fe576700dae0d099cbe00344ef1bcb975a0060cfb6da0d519fcdc75cbdc6c,,"2,18"
322510,제이엘케이,2024-11-27,2024_IR Book_20241118_KOR (공시)-DM5.pdf,https://kind.krx.co.kr/external/dst/irReference/16064/2024_IR Book_20241118_KOR (공시)-DM5.pdf,49114ead29df72b7d49f325e190ab11a3cb695a92075200dfce21f5fd7248b6e,,2
322510,제이엘케이,2025-02-10,2025_IR Book_KOR_20250203 (JLK-CTL 수정)_공시用.pdf,https://kind.krx.co.kr/external/dst/irReference/16220/2025_IR Book_KOR_20250203 (JLK-CTL 수정)_공시用.pdf,6395df9ac76c9d13b551503387e38bb57cfcb41845f26f25e62cd2535b7a0934,,
322510,제이엘케이,2025-03-06,2025_IR Book_KOR_20250227_공시用.pdf,https://kind.krx.co.kr/external/dst/irReference/16386/2025_IR Book_KOR_20250227_공시用.pdf,a368095fed0e1564cb1bbd47e02f59d593d34a773485b4f6d9c5126b6dee552f,,
322510,제이엘케이,2025-05-12,2025_IR Book_KOR_20250502.pdf,https://kind.krx.co.kr/external/dst/irReference/16630/2025_IR Book_KOR_20250502.pdf,e2bc147d340044573df56c7e7b842ac1b1ae456d7f4a32a54bc6603eb28f416e,,
322510,제이엘케이,2026-02-26,2026_IR Book_KOR.pdf,https://kind.krx.co.kr/external/dst/irReference/18092/2026_IR Book_KOR.pdf,f2f8c7a8823e3cc979bcdda229a444e174ef073ccaf52701224a1a9daa77e093,,
322510,제이엘케이,2026-06-01,2026_IR Book_KOR_20260601.pdf,https://kind.krx.co.kr/external/dst/irReference/18695/2026_IR Book_KOR_20260601.pdf,a800cdd137b28ce408a7e2d2f7cd85937e7b8e95186c2f4c6da73f3dc60f0a70,,
323280,태성,2024-05-17,태성 IR Book_202405_v1.pdf,https://kind.krx.co.kr/external/dst/irReference/15121/태성 IR Book_202405_v1.pdf,375e52700b221738ea77e1bf61907a68c3adafd317dff24882fc506882af7066,24,"1,3,4,8,17,20,25"
323280,태성,2024-08-12,태성 IR Book_202408_v1.pdf,https://kind.krx.co.kr/external/dst/irReference/15503/태성 IR Book_202408_v1.pdf,85b43b187368ca687c92203f9f14886855307ce4e64c2257d429667072d56a26,25,"1,3,4,8,18,21,26"
323280,태성,2025-01-21,태성 IR Book_202501_v1.pdf,https://kind.krx.co.kr/external/dst/irReference/16186/태성 IR Book_202501_v1.pdf,02dfa8b5f0083d812d9b8b2d8b1e1bb7c32875a0d05f15c599ddbccb24d1b0ac,,"1,3,4,7,12,22"
323280,태성,2025-11-07,태성 IR BOOK_20251107.pdf,https://kind.krx.co.kr/external/dst/irReference/17598/태성 IR BOOK_20251107.pdf,6c9b71b76ba83ee0e36c24b70cb750f9b63013c954333e3abcca9852db15627a,,
323280,태성,2025-11-12,기업설명회(IR) 자료(2025.11.11).pdf,https://kind.krx.co.kr/external/dst/irReference/17630/기업설명회(IR) 자료(2025.11.11).pdf,45e9b4c6b1da28e17199dae0ec9f296cb71e90fdb7bba1a6d354cfb16addc812,,"3,4,7,19"
323280,태성,2026-03-09,기업설명회(IR) 자료(2026.03.09).pdf,https://kind.krx.co.kr/external/dst/irReference/18181/기업설명회(IR) 자료(2026.03.09).pdf,62ef63b2ada4889b696029338c89d45b28699a8872f487672c100da5453ec0f7,,"3,4,7,21"
323280,태성,2026-03-10,기업설명회(IR) 자료(2026.03.10).pdf,https://kind.krx.co.kr/external/dst/irReference/18190/기업설명회(IR) 자료(2026.03.10).pdf,62ef63b2ada4889b696029338c89d45b28699a8872f487672c100da5453ec0f7,,"3,4,7,21"
328130,루닛,2024-05-13,Lunit_IR Deck_EN_2023.pdf,https://kind.krx.co.kr/external/dst/irReference/15065/Lunit_IR Deck_EN_2023.pdf,690fe83e705ab5069bdc80c5891c2b6f1103c98bf3a440335640aa27bd4db9b8,,
328130,루닛,2024-10-16,Lunit_IR Deck_KR_2024.pdf,https://kind.krx.co.kr/external/dst/irReference/15793/Lunit_IR Deck_KR_2024.pdf,2d21553caadb971795fc59c1ec381baf2be1f3d17075a28d11e744a0be191453,,
328130,루닛,2026-02-25,Lunit_IR Deck_KR_2025.4Q_v1.pdf,https://kind.krx.co.kr/external/dst/irReference/18105/Lunit_IR Deck_KR_2025.4Q_v1.pdf,62df3c00d0b9eddfa90190fa53b3de519c17eb29b760564d25be20c72be86a2c,,
328130,루닛,2026-03-10,Lunit_IR-Deck_EN_2025.4Q.pdf,https://kind.krx.co.kr/external/dst/irReference/18187/Lunit_IR-Deck_EN_2025.4Q.pdf,bc0a1f5c4cf7aa5d9749744b8fb76e7bae20aba6f94ac6acfd4892e346133ad6,,
328130,루닛,2026-06-22,Lunit_IR-Deck_EN_2026.1Q.pdf,https://kind.krx.co.kr/external/dst/irReference/18814/Lunit_IR-Deck_EN_2026.1Q.pdf,b92489ffbb3e57b6d09b566c2a1470ba08f8bcf798bbd659a7fe5f852de58320,,
334970,프레스티지바이오로직스,2024-01-31,20240131_PBL_기업설명회_IR자료.pdf,https://kind.krx.co.kr/external/dst/irReference/14617/20240131_PBL_기업설명회_IR자료.pdf,748c4232b45b524f456f49ff6c63c5cb100c446fdd377741908b4994636e3daa,,
334970,프레스티지바이오로직스,2024-10-30,PBL_기업설명회 자료_20241030.pdf,https://kind.krx.co.kr/external/dst/irReference/15823/PBL_기업설명회 자료_20241030.pdf,84c51a4a8cebc0df83251c3889b381c8bc9e6fed61df5981de97eb60872dd64e,,1
338220,뷰노,2024-02-06,주식회사뷰노_IR BOOK_24.1Q_240205_vF.pdf,https://kind.krx.co.kr/external/dst/irReference/14636/주식회사뷰노_IR BOOK_24.1Q_240205_vF.pdf,3371837129053f77ab5b6e8ce9361dec211b4ecd527b966014ad04517bc24a5d,,
338220,뷰노,2024-02-19,뷰노_IR BOOK_2024_1Q_vF_유진투자증권.pdf,https://kind.krx.co.kr/external/dst/irReference/14715/뷰노_IR BOOK_2024_1Q_vF_유진투자증권.pdf,b1c651543adc8c986a58e659e17fb72b5ffc82ac831df43f9ccaa8e9cb339627,,
338220,뷰노,2024-03-11,(Eng) VUNO_IR BOOK_2024_1Q_Macquarie.pdf,https://kind.krx.co.kr/external/dst/irReference/14801/(Eng) VUNO_IR BOOK_2024_1Q_Macquarie.pdf,e92e48e61d7731eb45b0515b3d8e9fd3095ef13310c729636033f9412498b0e5,,
338220,뷰노,2024-04-08,VUNO_IR BOOK_2024_1Q_Morgan Stanley.pdf,https://kind.krx.co.kr/external/dst/irReference/14892/VUNO_IR BOOK_2024_1Q_Morgan Stanley.pdf,e7aed15bd017762b7996d3df2b1e7a4d9a89cebeebf7f4a32444512f406d0313,,
338220,뷰노,2024-05-31,뷰노_IR BOOK_2024_1Q_vfin.pdf,https://kind.krx.co.kr/external/dst/irReference/15221/뷰노_IR BOOK_2024_1Q_vfin.pdf,0e2fd09ff0c31b0b2250dbcaff7269be5208912a08109e71365ba8ce70f94aa8,,
338220,뷰노,2024-06-03,뷰노_IR BOOK_2024_키움증권 Corp Day_240603.pdf,https://kind.krx.co.kr/external/dst/irReference/15243/뷰노_IR BOOK_2024_키움증권 Corp Day_240603.pdf,c7da7311cd002f4d9273486a85ae2752e1223b9473a7d40ed2fe2c476f8d254f,,
338220,뷰노,2024-06-10,VUNO_IR BOOK_2024_1Q_Samsung Securities.pdf,https://kind.krx.co.kr/external/dst/irReference/15278/VUNO_IR BOOK_2024_1Q_Samsung Securities.pdf,def4d395c79aeab92798983eca6d3cc35834b1e6db9c50d7b2ea7d94612dae50,,
338220,뷰노,2024-06-10,뷰노_IR BOOK_2024.1Q(Kor Ver 삼성NDR).pdf,https://kind.krx.co.kr/external/dst/irReference/15278/뷰노_IR BOOK_2024.1Q(Kor Ver 삼성NDR).pdf,c7da7311cd002f4d9273486a85ae2752e1223b9473a7d40ed2fe2c476f8d254f,,
338220,뷰노,2024-07-23,뷰노_IR BOOK_2024_삼성증권 Corporate Day.pdf,https://kind.krx.co.kr/external/dst/irReference/15398/뷰노_IR BOOK_2024_삼성증권 Corporate Day.pdf,83e71fa898dfad388b4cca1d16fd9da69a1b1e12b9256ce7e18d6abbef636b37,,
338220,뷰노,2024-08-20,뷰노_IR BOOK_2024_2Q_vfin_미래에셋NDR.pdf,https://kind.krx.co.kr/external/dst/irReference/15559/뷰노_IR BOOK_2024_2Q_vfin_미래에셋NDR.pdf,fe9a3c275888e7421f7a36fed1ad195ad228b172dd60a1fe4f62123923bcf0c1,,
338220,뷰노,2024-09-03,뷰노_IR BOOK_2024_2Q_KB Korea Conference.pdf,https://kind.krx.co.kr/external/dst/irReference/15661/뷰노_IR BOOK_2024_2Q_KB Korea Conference.pdf,fe9a3c275888e7421f7a36fed1ad195ad228b172dd60a1fe4f62123923bcf0c1,,
338220,뷰노,2024-11-19,뷰노_IR BOOK_2024_3Q_Kiwoom NDR.pdf,https://kind.krx.co.kr/external/dst/irReference/15959/뷰노_IR BOOK_2024_3Q_Kiwoom NDR.pdf,1115fea0ee31cd7cba239930ba6c0d5f3ad314b7543685a9210dc09576a076e6,,
338220,뷰노,2024-11-26,뷰노_IR BOOK_2024_3Q_Final (KOR)_Hana.pdf,https://kind.krx.co.kr/external/dst/irReference/16034/뷰노_IR BOOK_2024_3Q_Final (KOR)_Hana.pdf,7aa1b05075dbc1e8cb4795723afd7b3a739afc4023d74876d1ac07618186f577,,
338220,뷰노,2024-11-28,뷰노_IR BOOK_2024_3Q_Final (KOR)_NH Corp.pdf,https://kind.krx.co.kr/external/dst/irReference/16066/뷰노_IR BOOK_2024_3Q_Final (KOR)_NH Corp.pdf,7aa1b05075dbc1e8cb4795723afd7b3a739afc4023d74876d1ac07618186f577,,
338220,뷰노,2024-11-29,VUNO_IR BOOK_2024_3Q_HSBC (ENG).pdf,https://kind.krx.co.kr/external/dst/irReference/16075/VUNO_IR BOOK_2024_3Q_HSBC (ENG).pdf,b861b88ddfe290ede97ef521e1ec8b8d10e30de61b14c3cbbe348081b6d15c88,,
338220,뷰노,2024-12-04,뷰노_IR BOOK_2024_3Q_Final (KOR)_미래에셋.pdf,https://kind.krx.co.kr/external/dst/irReference/16096/뷰노_IR BOOK_2024_3Q_Final (KOR)_미래에셋.pdf,0bc6700c5fb94f737b1c889756cd958b2be9db773859961cce25312cbb1e980b,,
338220,뷰노,2025-02-27,뷰노_IR BOOK_2024_4Q_vfin.pdf,https://kind.krx.co.kr/external/dst/irReference/16345/뷰노_IR BOOK_2024_4Q_vfin.pdf,38127bbcccce665e09632808bcd8545646ccf5e089d93e2ad937dcb6a8c13996,,
338220,뷰노,2025-03-05,뷰노_IR BOOK_2024_4Q_신영 NDR.pdf,https://kind.krx.co.kr/external/dst/irReference/16378/뷰노_IR BOOK_2024_4Q_신영 NDR.pdf,2fccfbbd94b893feb2a9390e0850cb32af039338151b433343b7f7e736b86365,,
347700,스피어,2026-07-27,KOR_Sphere_IR BOOK_NDR_20260724.pdf,https://kind.krx.co.kr/external/dst/irReference/18943/KOR_Sphere_IR BOOK_NDR_20260724.pdf,da8f444d1d1f99cd8f670145b175307ef1899afed057c81e0b24ba52ba98f502,,
347700,스피어,2026-08-26,4-2. ENG_IR Book_SPHERE_20260825_한국투자증권_c.pdf,https://kind.krx.co.kr/external/dst/irReference/19176/4-2. ENG_IR Book_SPHERE_20260825_한국투자증권_c.pdf,7ca14b6f1cb2c32ab2f5203ff4282a104438f16fd71a54f5f475ca5b6cd109ac,22,
347700,스피어,2026-08-27,ENG_IR Book_SPHERE_20260825_Citi증권_c.pdf,https://kind.krx.co.kr/external/dst/irReference/19185/ENG_IR Book_SPHERE_20260825_Citi증권_c.pdf,8d056ed25a1063b58f810043aae6c1353c76fe88a72b1abe924136b370d7adea,22,
347700,스피어,2026-09-03,ENG_IR Book_SPHERE_압축.pdf,https://kind.krx.co.kr/external/dst/irReference/19236/ENG_IR Book_SPHERE_압축.pdf,0e1c289c8c7422a151cda4003f5f3eec29f72a2c6686702881ccbe66bf5ea1e5,22,
347700,스피어,2026-09-08,IR Book_SPHERE_20260907_c.pdf,https://kind.krx.co.kr/external/dst/irReference/19271/IR Book_SPHERE_20260907_c.pdf,33ebf363af427dc619adbb3116cd31b99164b53a4ff3f60e33b42e2ed2360ac5,,
347700,스피어,2026-10-08,[스피어]제1차 코스닥 상장기업 탐방IR_261008_c.pdf,https://kind.krx.co.kr/external/dst/irReference/19407/[스피어]제1차 코스닥 상장기업 탐방IR_261008_c.pdf,74ba437db14e4043dd2450804c662cdd41fb5261ff11b4934f6a791d5d5abd6c,,
348210,넥스틴,2024-11-18,NEXTIN_IR_HongKong_F.pdf,https://kind.krx.co.kr/external/dst/irReference/15978/NEXTIN_IR_HongKong_F.pdf,4cf5c11c47610ce6b86aaf93a738ebb57d4b500d38be15ea7fa17477ce199304,,1
348210,넥스틴,2025-02-17,3. NEXTIN_IR자료_250217.pdf,https://kind.krx.co.kr/external/dst/irReference/16275/3. NEXTIN_IR자료_250217.pdf,cba4028764582a0bb3e38d0b010f8229488a92e2c295a7cd57481d1f5e8a3c6d,,
348210,넥스틴,2025-07-01,Nextin_IR_250701.pdf,https://kind.krx.co.kr/external/dst/irReference/16970/Nextin_IR_250701.pdf,da59a4903a58842b0d66f49845c69dcb1d36e00276f9fb5c409d74d20d4511c0,,
348210,넥스틴,2025-08-25,NDR 자료(안)_2025년 2분기F.pdf,https://kind.krx.co.kr/external/dst/irReference/17248/NDR 자료(안)_2025년 2분기F.pdf,ae77f0a0f9debdce458f62c1d62a0b6ecf616754b201c4d88cea7fc5ba93a8fb,,
348210,넥스틴,2025-09-11,(주)넥스틴_NDR자료 - 250911.pdf,https://kind.krx.co.kr/external/dst/irReference/17363/(주)넥스틴_NDR자료 - 250911.pdf,b56887e0714c6cbecdd84346694edb1822ba41e0cdfaf65cd8538d12412e3aa6,,
348210,넥스틴,2025-09-30,(주)넥스틴_IR - 250930.pdf,https://kind.krx.co.kr/external/dst/irReference/17464/(주)넥스틴_IR - 250930.pdf,3f432d49b9c24e052bf20de5006f80edb4dee89fc8ae5f53672b818fcbdd9e78,,
348210,넥스틴,2025-10-15,(주)넥스틴_IR - 251015.pdf,https://kind.krx.co.kr/external/dst/irReference/17477/(주)넥스틴_IR - 251015.pdf,a43e1f5d49e5a53313b947336f73878c9f48ebb591bb50dd6409f88b5086b6f4,,
348210,넥스틴,2025-11-27,(주)넥스틴_IR_자료_251127.pdf,https://kind.krx.co.kr/external/dst/irReference/17805/(주)넥스틴_IR_자료_251127.pdf,cb2d2f486b20a7634b17ba2aa1a439e3b41f9390f768c6170649590a10bd36ce,,
356860,티엘비,2025-03-05,티엘비 NDR.pdf,https://kind.krx.co.kr/external/dst/irReference/16371/티엘비 NDR.pdf,458da9d4eb5af3383d5c9cdb8c4190fbcc101daad6271b5d5c7d9b144384f2a8,,
356860,티엘비,2025-05-20,TLB IR 2025 Q1.pdf,https://kind.krx.co.kr/external/dst/irReference/16686/TLB IR 2025 Q1.pdf,aaf14e281d29706fb9dd2ef2a05aa20ffeca84ae8c4a8b42bc74f3e42bb3c60d,,
356860,티엘비,2025-08-27,TLB IR 2025 Q2.pdf,https://kind.krx.co.kr/external/dst/irReference/17258/TLB IR 2025 Q2.pdf,c0360d1c64a68ecf20c82c98bd2d268b83df7ed806f638d57b906faf785d01dd,7,
356860,티엘비,2025-11-18,TLB IR 2025 Q3(KR).pdf,https://kind.krx.co.kr/external/dst/irReference/17655/TLB IR 2025 Q3(KR).pdf,9c6ab8b937343fb00108a20067e9f9c9d3a322d1ba7739a300753110738af03a,,
356860,티엘비,2026-03-12,TLB 2025 Q4 NDR Factsheet.pdf,https://kind.krx.co.kr/external/dst/irReference/18189/TLB 2025 Q4 NDR Factsheet.pdf,4e155b822e7a219b705b4b350b7c25254d319adffd327473bfcfbf692e5e2a22,,
356860,티엘비,2026-04-15,TLB IR 2025 Q4(KR)_NDR用.pdf,https://kind.krx.co.kr/external/dst/irReference/18337/TLB IR 2025 Q4(KR)_NDR用.pdf,1abe2f19e4ac85c6c69451aabb89865c1221a87b941905e05dde17248c41d7c1,,
356860,티엘비,2026-07-20,TLB IR 2026 Q1(KR).pdf,https://kind.krx.co.kr/external/dst/irReference/18868/TLB IR 2026 Q1(KR).pdf,44c49221b780689f64742323e29c410f86be8fde019246bf877a6441ec745b27,,
356860,티엘비,2026-08-13,TLB IR 2026 잠정Q2(KR).pdf,https://kind.krx.co.kr/external/dst/irReference/19039/TLB IR 2026 잠정Q2(KR).pdf,8352c2b10140fa13303d551948f5589a9fe5ce6ec56bf3b370c8f2326a377858,"8,9,10",
376900,로킷헬스케어,2026-04-07,로킷헬스케어_IR_배포자료.pdf,https://kind.krx.co.kr/external/dst/irReference/18297/로킷헬스케어_IR_배포자료.pdf,2b50fb4e89e95c70da2032b59fb62654f55d7cb878398911b61a7b66fbf36de4,,1
378340,필에너지,2024-09-12,[필에너지] 기업설명회 발표자료.pdf,https://kind.krx.co.kr/external/dst/irReference/15722/[필에너지] 기업설명회 발표자료.pdf,1a5660526d544c7d22f81ce21cae7fec41a3e6288e716c1c534449e80291f6e6,,
378340,필에너지,2026-05-19,(주)필에너지_IRbook(통합).pdf,https://kind.krx.co.kr/external/dst/irReference/18557/(주)필에너지_IRbook(통합).pdf,9a84356ee7b07d1952ee5c7fa13d14707435327bfe17d8e9a48564f15790fa4d,,
380550,뉴로핏,2026-02-12,(수정)뉴로핏_IR book_KOR_vf.pdf,https://kind.krx.co.kr/external/dst/irReference/18026/(수정)뉴로핏_IR book_KOR_vf.pdf,bfa19df0d2c081b80c0644cce77afac4e39922306638e953a493b8eae8861438,,1
380550,뉴로핏,2026-03-05,(수정)뉴로핏_IR book_KOR_VFF.pdf,https://kind.krx.co.kr/external/dst/irReference/18151/(수정)뉴로핏_IR book_KOR_VFF.pdf,be9a88bdb40ca9c2bf4217045f02540103877c90a51ec536f99db6c97d3144a1,,1
383310,에코프로에이치엔,2024-02-07,에코프로_그룹사_23.4Q 실적발표자료_240207.pdf,https://kind.krx.co.kr/external/dst/irReference/14646/에코프로_그룹사_23.4Q 실적발표자료_240207.pdf,802d7e6683e3b4d6ae3e1a94e54f32a65aa96c7c952bb8e7f8736f08b9700f3a,,
383310,에코프로에이치엔,2024-05-03,에코프로_그룹사_24.1Q 실적발표자료_240503.pdf,https://kind.krx.co.kr/external/dst/irReference/14984/에코프로_그룹사_24.1Q 실적발표자료_240503.pdf,d12a2d082ad5cc1c58f403d181d8f0f3546a84ac6e0e3ee40501b7bdfaf5cff8,10,
383310,에코프로에이치엔,2024-07-31,에코프로_그룹사_24.2Q 실적발표자료(국문)_240731.pdf,https://kind.krx.co.kr/external/dst/irReference/15429/에코프로_그룹사_24.2Q 실적발표자료(국문)_240731.pdf,3c3427c41cb5c9a56013df3371b2d4726b1d5e5ff5489453c8aac7c3ac74bff8,10,
383310,에코프로에이치엔,2024-11-01,에코프로_그룹사_24.3Q 실적발표자료_241101_vf.pdf,https://kind.krx.co.kr/external/dst/irReference/15831/에코프로_그룹사_24.3Q 실적발표자료_241101_vf.pdf,ed0008b1c2fe3841c7f04e929c7b406b7aded684441f0f2b2c5c8d3c8861c3ce,,
383310,에코프로에이치엔,2024-11-08,2024 ECO Friendly Day.pdf,https://kind.krx.co.kr/external/dst/irReference/15905/2024 ECO Friendly Day.pdf,143279abda96617809bf7553b5ecafa91f8122cccb2994e39c900f3a01a32733,,"1,2,3,16,28,42,51"
383310,에코프로에이치엔,2025-02-11,에코프로_그룹사_24.4Q 실적발표자료_최종.pdf,https://kind.krx.co.kr/external/dst/irReference/16232/에코프로_그룹사_24.4Q 실적발표자료_최종.pdf,d4301d402507f9079d9e4a0b13d5f60efd8ee4288f9fd68c2f8b4a022733f31b,,19
383310,에코프로에이치엔,2025-04-30,에코프로_25.1Q 실적발표자료_250430_vF.pdf,https://kind.krx.co.kr/external/dst/irReference/16579/에코프로_25.1Q 실적발표자료_250430_vF.pdf,3fdf4ad053ea33d39a58e2a8171d8c1fcec9bc16e12ddf096f8453c64e18005a,,19
383310,에코프로에이치엔,2025-08-06,에코프로_25.2Q 실적발표자료_250806 (1).pdf,https://kind.krx.co.kr/external/dst/irReference/17093/에코프로_25.2Q 실적발표자료_250806 (1).pdf,8503725cc0ab587939a84e7052c46b80b84289da63b1f898c784b90e26e4827c,"6,10",20
383310,에코프로에이치엔,2025-11-05,에코프로_25.3Q 실적발표자료_251105.pdf,https://kind.krx.co.kr/external/dst/irReference/17556/에코프로_25.3Q 실적발표자료_251105.pdf,97303b6d464d29c84e86d61d32c3d2769e29dfd39099620e9a2dcca6e5eeaf7d,,19
383310,에코프로에이치엔,2026-02-05,에코프로_25.4Q_실적발표자료_260205.pdf,https://kind.krx.co.kr/external/dst/irReference/17989/에코프로_25.4Q_실적발표자료_260205.pdf,969f8b1f56ff430a780719c664a16a9855bc05a7db536d45b269dc1b7c46bd8b,6,19
383310,에코프로에이치엔,2026-04-29,에코프로_26.1Q_실적발표자료_260429_최종.pdf,https://kind.krx.co.kr/external/dst/irReference/18414/에코프로_26.1Q_실적발표자료_260429_최종.pdf,7999f2333da1b3cbf367f9324546cc7f2f3ad0e5b142a6905672f3f98937cd9f,6,18
383310,에코프로에이치엔,2026-05-19,에코프로HN IR Book (2026.03).pdf,https://kind.krx.co.kr/external/dst/irReference/18585/에코프로HN IR Book (2026.03).pdf,e7abfae28dcf1a3eb5ba2ebf62703c8895b076ef1dffa9dd8fc6b5196f7f990e,17,22
383310,에코프로에이치엔,2026-08-04,에코프로_26.2Q_실적발표자료_260804.pdf,https://kind.krx.co.kr/external/dst/irReference/18985/에코프로_26.2Q_실적발표자료_260804.pdf,1ee430ae647d997010bc2fc7cf976142f6f03b3f645ac25edbca64b5fdd27508,,18
383310,에코프로에이치엔,2026-09-11,EcoProHN IR_260911.pdf,https://kind.krx.co.kr/external/dst/irReference/19309/EcoProHN IR_260911.pdf,b37987177dea5f78df8cccf80530922ccf4b0b010d24443cc05b6cfc448d6ecf,,
383310,에코프로에이치엔,2026-09-30,EcoProHN IR_260930.pdf,https://kind.krx.co.kr/external/dst/irReference/19380/EcoProHN IR_260930.pdf,220cbf88de751c305d41215d3491f3581dc3474439f791056810a963f3e796ea,,
388050,지투파워,2024-04-23,240423 지투파워 실적발표(23년). FNL(최종).pdf,https://kind.krx.co.kr/external/dst/irReference/14936/240423 지투파워 실적발표(23년). FNL(최종).pdf,dc8b20f1d9cf2816a596bd34b2c2c99df11be8adb9ae0b9e9ae4cc5b0cebea86,,"2,3,4,5,6,7,10,11,12,13,14,15,16,17,18,19,21,22"
388050,지투파워,2024-05-23,240523 지투파워 실적발표(24년 1분기)_(최종).pdf,https://kind.krx.co.kr/external/dst/irReference/15178/240523 지투파워 실적발표(24년 1분기)_(최종).pdf,deee32a150371062ad556219daec256375ace40796665b0f6f77836a1db5b5f7,,"2,3,4,5,6,7,10,11,12,13,14,15,16,17,18,19,21,22"
388050,지투파워,2024-06-20,240620 지투파워 실적발표(24년 1분기)_(최종).pdf,https://kind.krx.co.kr/external/dst/irReference/15316/240620 지투파워 실적발표(24년 1분기)_(최종).pdf,edfb754fd37ae73f6cbc28356208617aec6cda1a1c9e69f19b463e8483e951b1,,"2,3,4,5,6,7,10,11,12,13,14,15,16,17,18,19,21,22"
388050,지투파워,2024-10-07,지투파워 IR자료_2024.10.04.pdf,https://kind.krx.co.kr/external/dst/irReference/15773/지투파워 IR자료_2024.10.04.pdf,6197a9cfca7bb31df2759d2feab73d1c16257bb1f80c75a99211f8c523474609,,"2,3,4,8,9,10,13,14,15,17,22,23,25,26"
388050,지투파워,2025-05-20,지투파워 IR자료_2025.05.20.pdf,https://kind.krx.co.kr/external/dst/irReference/16747/지투파워 IR자료_2025.05.20.pdf,5b15e19265a91da1402881df9cc77d2471db67d9201f1b8a32ba910c3985b7fe,5,"2,3,4,9,10,15,16,18,23,24,26,27"
388050,지투파워,2025-06-25,2025 신제품신기술발표회 IR 자료_250625(최종).pdf,https://kind.krx.co.kr/external/dst/irReference/16943/2025 신제품신기술발표회 IR 자료_250625(최종).pdf,107e46104cc1b999c996e6b2560ed88a523ae285aa8d4a49cb2528cf00419b4b,"4,5,6","2,3"
388050,지투파워,2025-08-18,지투파워 IR자료_2025.08.18.pdf,https://kind.krx.co.kr/external/dst/irReference/17168/지투파워 IR자료_2025.08.18.pdf,bac30f99790073caff2dd623edbbe4d30ce0311440f28652eef766fa35d04f10,5,"2,3,4,9,10,15,16,18,23,24,26"
388050,지투파워,2025-11-17,지투파워 IR자료_2025.11.17.pdf,https://kind.krx.co.kr/external/dst/irReference/17653/지투파워 IR자료_2025.11.17.pdf,59352a433525235681be1ec3f6666f27f6a9905271b4db80865150d69bdbb14c,5,"2,3,4,9,10,15,16,18,22,23,25,26"
388050,지투파워,2026-02-26,지투파워 IR자료_2026.02.25.pdf,https://kind.krx.co.kr/external/dst/irReference/18129/지투파워 IR자료_2026.02.25.pdf,5b109226b98260433164d7ed2b0599984bf9337edca18efa436d3233d063a725,5,"2,3,4,9,10,15,16,18,22,23,25,26"
388050,지투파워,2026-05-19,지투파워 IR자료_2026.05.18.pdf,https://kind.krx.co.kr/external/dst/irReference/18579/지투파워 IR자료_2026.05.18.pdf,e1ccb850cd32591147d28536d92d6ef9cc53c034e2e8dc13121e3cde5f90d9a7,5,"2,3,4,9,10,15,16,18,22,23,25,26"
388050,지투파워,2026-06-24,지투파워 IR자료_2026.06.24.pdf,https://kind.krx.co.kr/external/dst/irReference/18846/지투파워 IR자료_2026.06.24.pdf,c32b4974036d24ec54813f219181387e329a390782401806b5ef8e5636e90f86,5,"2,3,4,12,13,17,18,24,25,31,32,34,35"
388050,지투파워,2026-08-26,지투파워 IR자료_2026.08.26.pdf,https://kind.krx.co.kr/external/dst/irReference/19175/지투파워 IR자료_2026.08.26.pdf,e7ea8f6e0b4b4df657c80d3300444f48392719ca6221dbc859866592cd7b4ae4,5,"2,3,4,12,13,17,18,24,25,31,32,34,35"
388720,유일로보틱스,2024-09-25,IR Book_2024.09_KRX.pdf,https://kind.krx.co.kr/external/dst/irReference/15754/IR Book_2024.09_KRX.pdf,8b0d188a5434ef21f32f307784a7eb6213031f07bb88ff432dd748048179bafa,,
388720,유일로보틱스,2024-11-19,IR Book_2024.11_KRX.pdf,https://kind.krx.co.kr/external/dst/irReference/15985/IR Book_2024.11_KRX.pdf,4c2511ac145e687333d474c6e870a6833f85e73a96b83a1f8f2552d64aa8eb36,,
388720,유일로보틱스,2025-05-15,IR Book_2025.05_KRX.pdf,https://kind.krx.co.kr/external/dst/irReference/16703/IR Book_2025.05_KRX.pdf,4e3739d347da45fe0e398b62657981b3f17b51bed560d642d23a06ba5fdcdd96,,"1,2,3,4,5,8,18,19"
388720,유일로보틱스,2025-09-03,유일로보틱스 IR Book_2025.09_KRX.pdf,https://kind.krx.co.kr/external/dst/irReference/17331/유일로보틱스 IR Book_2025.09_KRX.pdf,16b9a6451e2c4fb0c5959d00b9081a7306a8c1cfbe921d81e11c4d0cd2a6b7e8,,"1,2,3,4,5,8,17,18"
388720,유일로보틱스,2026-09-28,2026.09.28_IR BOOK_공시.pdf,https://kind.krx.co.kr/external/dst/irReference/19366/2026.09.28_IR BOOK_공시.pdf,3ea371c69669d4d73ade6df2aaa600198fb0211d25d80116e7c9e4075dbdcf99,,
388790,라이콤,2026-05-27,[IR MED]라이콤 IR BOOK(2026)_20260527.pdf,https://kind.krx.co.kr/external/dst/irReference/18648/[IR MED]라이콤 IR BOOK(2026)_20260527.pdf,ec04297d9b750247656d505d74bab86a925f1d97a4d3c740427e9eae82d781e8,13,
389020,자람테크놀로지,2024-07-30,240726 자람테크놀로지 2024.1H IR Book-V2.pdf,https://kind.krx.co.kr/external/dst/irReference/15424/240726 자람테크놀로지 2024.1H IR Book-V2.pdf,dd7fd395ddfeeef25e8f16191b098a988155f61a289488540ab4dac87ba48cf7,,1
389020,자람테크놀로지,2025-12-09,251209 자람테크놀로지 2025.4Q IR Book.소용량.pdf,https://kind.krx.co.kr/external/dst/irReference/17881/251209 자람테크놀로지 2025.4Q IR Book.소용량.pdf,c6e0bf7732d708757650cae12fc7fbfacb290c4894d2470978ed2148efc734ef,,1
389260,대명에너지,2026-06-24,{대명에너지} 2026년 1Q IR자료.pdf,https://kind.krx.co.kr/external/dst/irReference/18834/{대명에너지} 2026년 1Q IR자료.pdf,c95729a011950b79703547a1ebc136a0559eb10ba1be214a962f66e272e0eb95,,
389470,인벤티지랩,2024-11-18,Investor Relations_(주)인벤티지랩_20241111_거래소.pdf,https://kind.krx.co.kr/external/dst/irReference/15973/Investor Relations_(주)인벤티지랩_20241111_거래소.pdf,74749a494afa16182747700318ff68ef0b2219f4224027ae7afd6ebe521dd994,,
389470,인벤티지랩,2025-04-23,Investor Relations_(주)인벤티지랩_20250422-거래소.pdf,https://kind.krx.co.kr/external/dst/irReference/16539/Investor Relations_(주)인벤티지랩_20250422-거래소.pdf,c88cf1e8bf397ade05a02e638e4ea9447d5c937abf96b2aae0be6242d4e82aa1,,
389470,인벤티지랩,2026-04-09,Investor Relations_(주)인벤티지랩_20260410.pdf,https://kind.krx.co.kr/external/dst/irReference/18329/Investor Relations_(주)인벤티지랩_20260410.pdf,58536c6f303d975a0a6dc22e09f49d94f1d9303b43b3b27d0b5f5471e7d51ac6,,1
389470,인벤티지랩,2026-09-16,Inventage Lab. Inc_IR Book_2026.09.15.pdf,https://kind.krx.co.kr/external/dst/irReference/19340/Inventage Lab. Inc_IR Book_2026.09.15.pdf,1ebd6001282c2e1ed77d6a8064c511190f3e5915184e273141c3ab1bb097646b,,1
389500,에스비비테크,2026-07-08,에스비비테크.pdf,https://kind.krx.co.kr/external/dst/irReference/18910/에스비비테크.pdf,b2b7dc472aec41fcfb9367a49035a2d171ad76a171c496162fd4f87834e6d839,,
394800,쓰리빌리언,2025-06-10,3billion-1Q-25.pdf,https://kind.krx.co.kr/external/dst/irReference/16871/3billion-1Q-25.pdf,da3973dfc7847cd4862ad082a292f017e747d2df9c8481ec416f9386e2f45821,,
394800,쓰리빌리언,2025-09-02,IR_3billion_2Q-25_vF.pdf,https://kind.krx.co.kr/external/dst/irReference/17327/IR_3billion_2Q-25_vF.pdf,df1618f0b4e4c0772cbd7e198d006619d8a79649b44996a1e4af6f76ef1d6309,,
394800,쓰리빌리언,2026-10-02,3billion-IR book_2Q26_IR협의회 발표본_261001_vF.pdf,https://kind.krx.co.kr/external/dst/irReference/19385/3billion-IR book_2Q26_IR협의회 발표본_261001_vF.pdf,712465a156e7ee8aa6a520549f373903f631810f5f878e3dc76d82eec4581d1d,,
396300,HT로보틱스,2024-05-23,세아메카닉스_IR발표자료__0522.pdf,https://kind.krx.co.kr/external/dst/irReference/15175/세아메카닉스_IR발표자료__0522.pdf,ce1b0abcacb7485b96681e34b77ec8827671b20509b90cf150fb8fd50ba7d13a,,
396300,HT로보틱스,2024-06-27,세아메카닉스_IR자료.pdf,https://kind.krx.co.kr/external/dst/irReference/15338/세아메카닉스_IR자료.pdf,df2260d2a53e9f6c2931b74e8235ea56cd4f89dd5bed3c4a2e0f0802fb001203,,
396300,HT로보틱스,2025-04-24,세아메카닉스_IR자료(25.04.24).pdf,https://kind.krx.co.kr/external/dst/irReference/16543/세아메카닉스_IR자료(25.04.24).pdf,d54f9cb0bc86308d2fd9ea49e35bd8d44743952fadd679e40337fa5e82e7b900,"22,25",
396300,HT로보틱스,2025-05-13,세아메카닉스_IR자료(25.05.13).pdf,https://kind.krx.co.kr/external/dst/irReference/16648/세아메카닉스_IR자료(25.05.13).pdf,0518450646cf90c36c8ae243ab97452493f417b4b6bc9281e8ef1232cfb3848e,"22,25",
396300,HT로보틱스,2025-07-02,세아메카닉스_IR자료(25.07.02).pdf,https://kind.krx.co.kr/external/dst/irReference/16986/세아메카닉스_IR자료(25.07.02).pdf,0518450646cf90c36c8ae243ab97452493f417b4b6bc9281e8ef1232cfb3848e,"22,25",
396300,HT로보틱스,2026-02-11,IR자료.pdf,https://kind.krx.co.kr/external/dst/irReference/18037/IR자료.pdf,b13084005dea60f42948325e8d22c240a9f9aa8f51229b38e8ea5ab55b743557,,
399720,가온칩스,2024-09-04,Q2'24_GAONCHIPS_IR_Book_0830.pdf,https://kind.krx.co.kr/external/dst/irReference/15663/Q2'24_GAONCHIPS_IR_Book_0830.pdf,642ff4e0275a25ce56614a2de5da6b7f25c611362996866aaba462255273f3e7,,
399720,가온칩스,2024-11-28,Q3'24_GAONCHIPS_IR_Book.pdf,https://kind.krx.co.kr/external/dst/irReference/15980/Q3'24_GAONCHIPS_IR_Book.pdf,f88778ec6fd2cb4d2ea17383663757033dbc4a17a0559a0907cb4e830a39565d,,
399720,가온칩스,2025-08-20,GAONCHIPS_IR_AUG'25.pdf,https://kind.krx.co.kr/external/dst/irReference/17210/GAONCHIPS_IR_AUG'25.pdf,c014fc51de45b9f2a1622404173b5926747f36f57c2b08718785798cde978a6d,,
417840,저스템,2024-03-28,저스템_2024년_IR_Book.pdf,https://kind.krx.co.kr/external/dst/irReference/14871/저스템_2024년_IR_Book.pdf,4400fd1e03d956f21a18edb008777eb689a0f44eefe0a0ecb7a4335017ee4020,,
417840,저스템,2025-03-19,저스템_2025년_IR_Book.pdf,https://kind.krx.co.kr/external/dst/irReference/16427/저스템_2025년_IR_Book.pdf,fc305197232c76bbe1132d3f22ffd022999b9850ba6955988e8c1ff73594f99f,23,
417840,저스템,2025-05-28,[저스템] 2025년 1분기 IR Book.pdf,https://kind.krx.co.kr/external/dst/irReference/16804/[저스템] 2025년 1분기 IR Book.pdf,b6414b4bc5f757c7a0022bbbbae425fa49d0f3ec115205e7672951bbe1d70869,"13,23",
417840,저스템,2025-09-10,250905_저스템_2025 2Q_IR BOOK.pdf,https://kind.krx.co.kr/external/dst/irReference/17348/250905_저스템_2025 2Q_IR BOOK.pdf,2c222b6adffa224b3fe1d7f307dd835be10be9ba1c7767ac54f8508424d0798a,"13,23",
417840,저스템,2025-11-18,251114_저스템_2025 3Q_IR BOOK.pdf,https://kind.krx.co.kr/external/dst/irReference/17666/251114_저스템_2025 3Q_IR BOOK.pdf,292750c149c6ed38ba6d7ad706b975d7815f52c7078705ad6179420a8fcd677f,"10,11",
418550,제이오,2024-10-25,JEIO_IR_KOR_FY24 기업설명회.pdf,https://kind.krx.co.kr/external/dst/irReference/15810/JEIO_IR_KOR_FY24 기업설명회.pdf,4d75628c7403b74dd8681383c7aa9f475d9d3f26f8e9f19fe46cd6adb0a865fd,,
418550,제이오,2025-09-10,JEIO_IR_FY25_기업설명회용_250910.pdf,https://kind.krx.co.kr/external/dst/irReference/17344/JEIO_IR_FY25_기업설명회용_250910.pdf,470d4a97eeadbfdab56bc8f2a99b836bf439f6161c47f9a63cb77b32c788b53d,,
419050,삼기에너지솔루션즈,2026-09-30,260930_IR Book_삼기에너지솔루션즈.pdf,https://kind.krx.co.kr/external/dst/irReference/19359/260930_IR Book_삼기에너지솔루션즈.pdf,5c8bea90a5dd163fc0da6131c239a5e5fe9da9f93871d856cc0761990e2f1aaa,,"1,2,4,5,8,9,11,12,13,15,16,17,18"
440110,파두,2024-02-26,4Q23 Company Presentation_240223_ENG.pdf,https://kind.krx.co.kr/external/dst/irReference/14763/4Q23 Company Presentation_240223_ENG.pdf,84e7988e286b6ffd5e511f08c5e519c5e54c5dd01a2018bc6bd7e0b4e1feeef7,,
440110,파두,2024-02-26,4Q23 Company Presentation_240223_KOR.pdf,https://kind.krx.co.kr/external/dst/irReference/14763/4Q23 Company Presentation_240223_KOR.pdf,5c332a897812db5be36fe0ac492d45cba659d58526db05f37a253891b8a35509,,
440110,파두,2025-05-28,1Q25 IR Book_KOR_website.pdf,https://kind.krx.co.kr/external/dst/irReference/16816/1Q25 IR Book_KOR_website.pdf,3a22c6b1f105cc40f1dfb540415780292002433cecc2474e5e95bba1c7893e4e,,
440110,파두,2025-10-13,2Q25 IR Book_ENG.pdf,https://kind.krx.co.kr/external/dst/irReference/17466/2Q25 IR Book_ENG.pdf,be0ca0b3dce4e4b5d4675816454742d74c29d34a917385502570f14dcb2d0c71,,
440110,파두,2025-10-13,2Q25 IR Book_KOR.pdf,https://kind.krx.co.kr/external/dst/irReference/17466/2Q25 IR Book_KOR.pdf,20e740d4a64bd21f71b72ff6ea80fda0eb76e21e891857b0639c2cd1fc63a1c6,,
440110,파두,2025-11-17,3Q25 IR Book_ENG.pdf,https://kind.krx.co.kr/external/dst/irReference/17689/3Q25 IR Book_ENG.pdf,a66abc9640540bedcb39608f889cc16b618a75925787890010753140af5e71fa,,
440110,파두,2025-11-27,3Q25 Financials_KOR.pdf,https://kind.krx.co.kr/external/dst/irReference/17690/3Q25 Financials_KOR.pdf,de4f30450d08297da90fe8a695dbba1d235194665a9fc87858f9ea9df4bb9338,,
440110,파두,2026-03-17,4Q25 IR Book_ENG_NDR.pdf,https://kind.krx.co.kr/external/dst/irReference/18174/4Q25 IR Book_ENG_NDR.pdf,f7af8e539146d7cba5125ad6ef431ecb36e4b26cb8f6ed6bfc1445140d2814f5,,
440110,파두,2026-03-17,4Q25 IR Book_KOR_NDR.pdf,https://kind.krx.co.kr/external/dst/irReference/18174/4Q25 IR Book_KOR_NDR.pdf,c94e6aa0ef7e7de13e8c6aab9c810962e5f53a65f9bc27ed6b01990f70a7e501,,
440110,파두,2026-06-16,1Q26 IR Book_ENG_260512.pdf,https://kind.krx.co.kr/external/dst/irReference/18750/1Q26 IR Book_ENG_260512.pdf,630d6d4e600be20763e9c15bfaee8d8ba4ad76b4b8f8a30fae9146d837e6d84b,,
440110,파두,2026-06-16,1Q26 IR Book_KOR_260512.pdf,https://kind.krx.co.kr/external/dst/irReference/18750/1Q26 IR Book_KOR_260512.pdf,df8bac1d075524f45cf9a000fd5f699dd15defb94fb572769dd3c577dcfba333,,
440110,파두,2026-09-07,2Q26 IR Book_ENG_260813_D.pdf,https://kind.krx.co.kr/external/dst/irReference/19248/2Q26 IR Book_ENG_260813_D.pdf,7a3b1158f47c20c6eb05012d4dee39251d1bf980e164b73d4c3f74e351045c7d,,
440110,파두,2026-09-07,2Q26 IR Book_KOR_260813_D.pdf,https://kind.krx.co.kr/external/dst/irReference/19248/2Q26 IR Book_KOR_260813_D.pdf,56336ddc89306fb9b59a6fae7fc85395ba741ca99e0df340d3d2449b81c2b204,,
445090,에이직랜드,2024-03-12,에이직랜드_IR_Book_FN (KOR).pdf,https://kind.krx.co.kr/external/dst/irReference/14802/에이직랜드_IR_Book_FN (KOR).pdf,8e19429a65b56e2f3f6b9952010923a01d130a7c2bdc06de92ef60fe0e25e6a6,"3,10","1,2,21,22"
445090,에이직랜드,2024-09-03,에이직랜드_IR_Book_FN (KOR)_v8.0_FN.pdf,https://kind.krx.co.kr/external/dst/irReference/15659/에이직랜드_IR_Book_FN (KOR)_v8.0_FN.pdf,88f918559ff31f7a187ee1355dff824ce4e17df5193716de44cc3fb20187c9e6,"4,7",
445090,에이직랜드,2024-11-26,에이직랜드_IR_Book_24.3Q.pdf,https://kind.krx.co.kr/external/dst/irReference/16052/에이직랜드_IR_Book_24.3Q.pdf,aa2f96328c37b343a361d40d6a381bcc63bc27ea25da01947b14b5648c369710,,
445090,에이직랜드,2025-03-18,ASICLAND_IR_Book_2024Y_KOR_Full_공시.pdf,https://kind.krx.co.kr/external/dst/irReference/16426/ASICLAND_IR_Book_2024Y_KOR_Full_공시.pdf,31eec1caeb2d4ebe0edb055d0ea5e72c8ed1b9743de120778b4603cf8bdd204d,4,
445090,에이직랜드,2026-06-12,ASICLAND_IR_Book_2026.pdf,https://kind.krx.co.kr/external/dst/irReference/18776/ASICLAND_IR_Book_2026.pdf,a8100635796be0ad68d064da34f766dcf5ff7fe89e3a8e920ff648512fb6c771,,
445090,에이직랜드,2026-09-10,ASICLAND_IR_1H26_KOR_260831_FN.pdf,https://kind.krx.co.kr/external/dst/irReference/19277/ASICLAND_IR_1H26_KOR_260831_FN.pdf,b5a23f95a68490342832ac6d862619a1d9ba8ad1af430491405f349f32fd3733,,
445680,큐리옥스바이오시스템즈,2024-04-30,Curiox IR Deck 20240430 v3.0 (1).pdf,https://kind.krx.co.kr/external/dst/irReference/14969/Curiox IR Deck 20240430 v3.0 (1).pdf,e8613d53dc0eef9d7576dabf3734188fa95660a807de323f56e11565ce305b3e,,"1,2,3,4,5,6,8,9,10,11,12,14,15,16,18,19"
445680,큐리옥스바이오시스템즈,2025-09-17,!Curiox IR Deck 2025.09.17_Renewal_vF.pdf,https://kind.krx.co.kr/external/dst/irReference/17409/!Curiox IR Deck 2025.09.17_Renewal_vF.pdf,c13c9fb0ed3327d95afecf3369863f06f8f501fc681c2e22807ee68288e764e8,,
448280,에코아이,2024-05-22,240521 에코아이 1Q24실적발표자료_공시.pdf,https://kind.krx.co.kr/external/dst/irReference/15166/240521 에코아이 1Q24실적발표자료_공시.pdf,d40613428ebd07eb5ec5ef164d6b62036b04490befb94ce43744b5860dddec15,,"1,2,3,4,5,6,7,8,9,10,11,12,13,14,15,16,17"
448280,에코아이,2025-04-24,에코아이 '24 온기 실적발표자료.pdf,https://kind.krx.co.kr/external/dst/irReference/16548/에코아이 '24 온기 실적발표자료.pdf,c7d12c09ca06dff51d4aebf53a2a49a7916c30786b06383b0751bd8961210852,,"1,2,3,4,5,6,7,8,9,10,12,13,14,16,17,18,19"
452190,한빛레이저,2026-05-19,2026년_2분기_IR_자료_한빛레이저.pdf,https://kind.krx.co.kr/external/dst/irReference/18588/2026년_2분기_IR_자료_한빛레이저.pdf,e2d1dfe64550c18b084965bc9bb62da331134cbff0d472c236ca0315c924b677,,
452450,피아이이,2025-11-28,피아이이 IR Book (3Q 기준).pdf,https://kind.krx.co.kr/external/dst/irReference/17822/피아이이 IR Book (3Q 기준).pdf,d40ca4f513d004cf821341170a1be508ee2a17fd218bbd8930d16f1cad4a66c5,,
452450,피아이이,2026-05-07,PIE IR Deck_2026.05 (공시용).pdf,https://kind.krx.co.kr/external/dst/irReference/18443/PIE IR Deck_2026.05 (공시용).pdf,106463e4bdf2a713896fe58096d8ae802aba9de202ae746adc7234a37dbf6719,,
456010,아이씨티케이,2024-12-11,ICTK IR Book(20241210).pdf,https://kind.krx.co.kr/external/dst/irReference/16125/ICTK IR Book(20241210).pdf,813e2c8aac72a713f1ed0cbe095538fdc9e9d5501768f6c372c068a43ff1daa5,,
456010,아이씨티케이,2025-11-24,ICTK IR Book_2511_vf(251124).pdf,https://kind.krx.co.kr/external/dst/irReference/17743/ICTK IR Book_2511_vf(251124).pdf,3c3d1f601905cd08874148af59d8d6d6c96ac1422654c8c4198f215f8bf7c060,,
456010,아이씨티케이,2025-12-05,ICTK IR Book_2512_vf(251205).pdf,https://kind.krx.co.kr/external/dst/irReference/17865/ICTK IR Book_2512_vf(251205).pdf,dcd0950af3261688afb485bb406d74a1b51d67ba778b04d3f5f1b34ecef42e82,,
456010,아이씨티케이,2026-02-04,ICTK IR Book_260204.pdf,https://kind.krx.co.kr/external/dst/irReference/17981/ICTK IR Book_260204.pdf,f7ed3fd20e129bbea6ad03442a236699a2bacfcbb836298ed36c90a89ed34b39,,
457550,우진엔텍,2024-08-21,우진엔텍_2024 2Q IR Book.pdf,https://kind.krx.co.kr/external/dst/irReference/15567/우진엔텍_2024 2Q IR Book.pdf,c8e7bd6a76e121c31e594cedce5b2ec1ee6c3b93a8f68026fe857b6a9e97bd2e,"22,23",
457550,우진엔텍,2025-06-24,우진엔텍_2025 1Q IR Book.pdf,https://kind.krx.co.kr/external/dst/irReference/16932/우진엔텍_2025 1Q IR Book.pdf,e14f45b0201b4c819a191e700aa4ebc77e2e399f29501e75755a30b30666e094,"22,23",
460930,현대힘스,2024-04-25,현대힘스 2024년 1분기 기업설명회.pdf,https://kind.krx.co.kr/external/dst/irReference/14952/현대힘스 2024년 1분기 기업설명회.pdf,6f81019e00a8f497cc12fd61e73af88fb0e38500da7f136ceb9c1e41d0f6f55f,12,"1,2"
460930,현대힘스,2024-11-20,현대힘스_2024.11_기업설명회 IR용1.pdf,https://kind.krx.co.kr/external/dst/irReference/15996/현대힘스_2024.11_기업설명회 IR용1.pdf,2712caf17004fbb8fced1492d056bdfdf4acf10edf350bdb135886526f2f265e,,"1,2,3,4,5,8,10,14,15,17,18,19"
460930,현대힘스,2025-03-20,현대힘스 기업설명회_신한프리미어포럼 - 250320 - 1.pdf,https://kind.krx.co.kr/external/dst/irReference/16444/현대힘스 기업설명회_신한프리미어포럼 - 250320 - 1.pdf,6dc2f957546d511290b941dce6677db62308478a44b44d00e6ef7d270bf4f5cc,,"1,2,3,4,5,6,9,12,13,15,17,18,20,23,24,25"
460930,현대힘스,2026-03-04,2026 현대힘스 기업설명회.pdf,https://kind.krx.co.kr/external/dst/irReference/18150/2026 현대힘스 기업설명회.pdf,1b300fec72b2351b9e25ef741f61152f4cde75ef4fb4836af5538a77a8b3fa6a,,"1,2,3,4,5,6,11,13"
462350,이노스페이스,2024-08-13,이노스페이스 IR자료_사업장탐방_홈페이지.pdf,https://kind.krx.co.kr/external/dst/irReference/15508/이노스페이스 IR자료_사업장탐방_홈페이지.pdf,25bf7c0cf96c594befbb01a80247227ee2eef00746f5569194da87a9bdd09b8a,,
462350,이노스페이스,2024-09-11,[이노스페이스] 2024 IR Presentation_한화Corporate day.pdf,https://kind.krx.co.kr/external/dst/irReference/15725/[이노스페이스] 2024 IR Presentation_한화Corporate day.pdf,e1b248d1f0f56b577453fa0908b45c45792a2750f374fb15d926f280401fe18b,,
462350,이노스페이스,2024-12-17,이노스페이스 기업설명회_241217.pdf,https://kind.krx.co.kr/external/dst/irReference/16152/이노스페이스 기업설명회_241217.pdf,814eee345295e3a41b13f615354e2cd3ead16453887c79320bcab870e9508a54,,
462350,이노스페이스,2025-08-25,이노스페이스 기업설명회 자료_vf.pdf,https://kind.krx.co.kr/external/dst/irReference/17249/이노스페이스 기업설명회 자료_vf.pdf,06a7e2b8486056e4683a5ed2fa5f3286c5715ab865d582dae791f286d72fa3a1,,
462350,이노스페이스,2026-03-18,기업설명회 자료(첫상업발사 원인분석)_홈페이지 용량축소.pdf,https://kind.krx.co.kr/external/dst/irReference/18232/기업설명회 자료(첫상업발사 원인분석)_홈페이지 용량축소.pdf,ea042e471041454936587d4ca946934ec96ed9ef54de8b576ce71f9e9ae41cdd,,
462350,이노스페이스,2026-04-14,[이노스페이스] 기업설명회 자료_260414.pdf,https://kind.krx.co.kr/external/dst/irReference/18342/[이노스페이스] 기업설명회 자료_260414.pdf,df3afce92f2387e3f4a82cf408161b255fa1ff15192851288e49d9c5ec239ec6,,
462350,이노스페이스,2026-09-30,260930_기업설명회 자료_이노스페이스.pdf,https://kind.krx.co.kr/external/dst/irReference/19377/260930_기업설명회 자료_이노스페이스.pdf,73d4b942e08fded7105f6868c8a0f96725cb77350e2371e83f70f612f3731aaf,,
474170,루미르,2024-11-28,Lumir IR Book_20241125.pdf,https://kind.krx.co.kr/external/dst/irReference/16083/Lumir IR Book_20241125.pdf,5007049141ae202a05d6db0768fd420e7a3001561253e34029161ff6aa531eaa,,"1,2,3,5,6,7,8,9,10,11,12,13,14,15,16,17,18,19,20,21,22,23,24,26,27,28,29"
474170,루미르,2025-03-07,(루미르) 2024년 연간 실적발표.pdf,https://kind.krx.co.kr/external/dst/irReference/16385/(루미르) 2024년 연간 실적발표.pdf,2989fb4134f5a081914d639fcad02d7cee53f439eebb7c623de7f1bed3266ddb,,"1,2,3,4,6,7,8,9,10,11,12"
474170,루미르,2025-03-19,(루미르) NDR 자료_250319.pdf,https://kind.krx.co.kr/external/dst/irReference/16434/(루미르) NDR 자료_250319.pdf,9d5df08dc48ed329ca923649539693657386d867935ddecd20d34327195cc159,,"1,2,3,4,6,7,8,9,10,11,12,13,14,15,16,17,18,19,20,21,22,23,24"
474170,루미르,2025-09-09,(루미르) 2Q25_실적발표자료.pdf,https://kind.krx.co.kr/external/dst/irReference/17354/(루미르) 2Q25_실적발표자료.pdf,e2c1dd0496b87f94347e258487cf3c94594f2d81e8a09d9f1580ebc0fe8d9d01,,"1,2,3,4,6,7,8,10,11,12,13,14,15,16,17"
474170,루미르,2025-12-01,(루미르) 3Q25_실적발표자료.pdf,https://kind.krx.co.kr/external/dst/irReference/17823/(루미르) 3Q25_실적발표자료.pdf,bbb871eaa2923e0899c9d379c0798eafdf45b478981ddf6832eb161ea6c451cc,,
474170,루미르,2026-04-08,2026.04. NDR 자료.pdf,https://kind.krx.co.kr/external/dst/irReference/18327/2026.04. NDR 자료.pdf,8447eb7da04b8bf23797545f8654e282de1acd9d57a58fdf62f77c3f33446f5c,,
474170,루미르,2026-04-22,2026.04. NDR 자료_1.pdf,https://kind.krx.co.kr/external/dst/irReference/18367/2026.04. NDR 자료_1.pdf,8447eb7da04b8bf23797545f8654e282de1acd9d57a58fdf62f77c3f33446f5c,,
474170,루미르,2026-06-04,1Q26_실적발표자료_20260515A.pdf,https://kind.krx.co.kr/external/dst/irReference/18701/1Q26_실적발표자료_20260515A.pdf,878c693b7b8ff53949b25367c9eda62e67196a109875a7295daa1a37a2b96490,,
475230,엔알비,2025-12-19,NRB IR_251219.pdf,https://kind.krx.co.kr/external/dst/irReference/17917/NRB IR_251219.pdf,b5c3f47611322bebeecbd97120166a17f37cc4ee0e815969997131e734c12379,"10,28",
475400,씨메스로보틱스,2025-01-16,250116 씨메스 IR북_국문 vF - 배포.pdf,https://kind.krx.co.kr/external/dst/irReference/16179/250116 씨메스 IR북_국문 vF - 배포.pdf,13545926ab7504b2d63be76fd08456d5daa6b16d9c4a38859ba580a2495e931a,,
475400,씨메스로보틱스,2025-05-16,250516_SGIC 2025_씨메스_국문.pdf,https://kind.krx.co.kr/external/dst/irReference/16711/250516_SGIC 2025_씨메스_국문.pdf,065b941140ddeda3f30b436bb5c8833555431e8cc35642f107ab9bf3657687e0,,
475400,씨메스로보틱스,2025-05-21,250521_BofA_2025 KOREA CONF_씨메스_국문.pdf,https://kind.krx.co.kr/external/dst/irReference/16753/250521_BofA_2025 KOREA CONF_씨메스_국문.pdf,065b941140ddeda3f30b436bb5c8833555431e8cc35642f107ab9bf3657687e0,,
475400,씨메스로보틱스,2025-05-23,250523_NH_THE C FORUM_씨메스_국문.pdf,https://kind.krx.co.kr/external/dst/irReference/16785/250523_NH_THE C FORUM_씨메스_국문.pdf,065b941140ddeda3f30b436bb5c8833555431e8cc35642f107ab9bf3657687e0,,
475400,씨메스로보틱스,2025-09-26,250926_IR발표_신한투자 Corp day.pdf,https://kind.krx.co.kr/external/dst/irReference/17452/250926_IR발표_신한투자 Corp day.pdf,49f0c786929516c538f953dce24c2c9295881b3ca63e5f29be2fd44b65c109d4,,
475400,씨메스로보틱스,2025-10-24,251024_IR발표_삼성증권 Korea SME's Scaleup Day.pdf,https://kind.krx.co.kr/external/dst/irReference/17506/251024_IR발표_삼성증권 Korea SME's Scaleup Day.pdf,9a63a38ee626cbbbd7839a40ce099bea5b7872eeddb05e7e50a3a206395d9ed1,,
475960,토모큐브,2025-05-26,250522_Tomocube_IR_Presentation_1Q25.pdf,https://kind.krx.co.kr/external/dst/irReference/16795/250522_Tomocube_IR_Presentation_1Q25.pdf,e3616636e272cdde84f249a0b748e96268d970cb41a7dc2c885ade01d3282b34,,40
475960,토모큐브,2025-08-25,250822_Tomocube_IR_Presentation_2Q25.pdf,https://kind.krx.co.kr/external/dst/irReference/17241/250822_Tomocube_IR_Presentation_2Q25.pdf,9a6ae70cb8b608e5e8eaf4874d2c51baa3cfe9960f466e6cef76b6e5e9892e3d,,40
475960,토모큐브,2025-11-24,251121_Tomocube_IR_Presentation_3Q25_vf.pdf,https://kind.krx.co.kr/external/dst/irReference/17747/251121_Tomocube_IR_Presentation_3Q25_vf.pdf,bffd041a7c62042df59a5adc9043eedb3097e24bcd9bde9eb43dcd62aa8bd3d3,,40
475960,토모큐브,2026-03-31,260323_Tomocube_IR_Presentation_4Q25_vf.pdf,https://kind.krx.co.kr/external/dst/irReference/18264/260323_Tomocube_IR_Presentation_4Q25_vf.pdf,f71bb32351f12c700a75b17aaac0aa2b35aeddeb1d7054b9a7483b64b50e8eea,,39
475960,토모큐브,2026-05-20,260515_Tomocube_IR_Presentation_1Q26_vf.pdf,https://kind.krx.co.kr/external/dst/irReference/18591/260515_Tomocube_IR_Presentation_1Q26_vf.pdf,03179b0865d0683906f3986725a1849bf0bff025dcf316ccbae39153ea26e85d,34,39
475960,토모큐브,2026-08-24,260818_Tomocube_IR_Presentation_2Q26_v8.pdf,https://kind.krx.co.kr/external/dst/irReference/19136/260818_Tomocube_IR_Presentation_2Q26_v8.pdf,95284a8309c8e6024a51eaa80bb9764392cd27a5a14c686806850d4e0eb8e43e,33,38
