code,기업명,분류,분류 근거,최신 보고기간,금액 범위,단위,수주잔고,분기 신규수주,잔고 QoQ,최신 세 항목,추가 조사,근거
000020,동화약품,review,원문에서 수주기업 여부를 확정하지 못함,2026-06,,,,,,False,원문·기업 IR 추가 조사,https://dart.fss.or.kr/dsaf001/main.do?rcpNo=20261002000407
000050,경방,review,원문에서 수주기업 여부를 확정하지 못함,2026-06,,,,,,False,원문·기업 IR 추가 조사,https://dart.fss.or.kr/dsaf001/main.do?rcpNo=20260814001991
000080,하이트진로,review,원문에서 수주기업 여부를 확정하지 못함,2026-06,,,,,,False,원문·기업 IR 추가 조사,https://dart.fss.or.kr/dsaf001/main.do?rcpNo=20260813000855
000100,유한양행,confirmed,정기보고서·공식 IR 수주 수치 확인,2026-06,회사 공시 합계,백만USD,333.4,,79.63362068965516,False,신규수주 직접값 미확보: 원문표·그림·기업 IR 추가 조사 필요,https://dart.fss.or.kr/dsaf001/main.do?rcpNo=20260814002038
000120,CJ대한통운,review,원문에서 수주기업 여부를 확정하지 못함,2026-06,,,,,,False,원문·기업 IR 추가 조사,https://dart.fss.or.kr/dsaf001/main.do?rcpNo=20260814003838
000150,두산,confirmed,정기보고서·공식 IR 수주 수치 확인,2026-06,주요계약(전체 회사 아님),억원,105618.64,,3.3668550821484455,False,신규수주 직접값 미확보: 원문표·그림·기업 IR 추가 조사 필요,https://dart.fss.or.kr/dsaf001/main.do?rcpNo=20260814004047
000210,DL,confirmed,정기보고서·공식 IR 수주 수치 확인,2026-06,회사 공시 합계,억원,120294.47,,,False,신규수주 직접값 미확보: 원문표·그림·기업 IR 추가 조사 필요 / QoQ 미확보: 같은 범위·통화의 연속 분기 잔고 필요,https://dart.fss.or.kr/dsaf001/main.do?rcpNo=20260814003266
000250,삼천당제약,review,원문에서 수주기업 여부를 확정하지 못함,2026-06,,,,,,False,원문·기업 IR 추가 조사,https://dart.fss.or.kr/dsaf001/main.do?rcpNo=20260814003598
000270,기아,review,원문에서 수주기업 여부를 확정하지 못함,2026-06,,,,,,False,원문·기업 IR 추가 조사,https://dart.fss.or.kr/dsaf001/main.do?rcpNo=20260916000427
000390,SP삼화,review,원문에서 수주기업 여부를 확정하지 못함,2026-06,,,,,,False,원문·기업 IR 추가 조사,https://dart.fss.or.kr/dsaf001/main.do?rcpNo=20260814001499
000430,대원강업,review,원문에서 수주기업 여부를 확정하지 못함,2026-06,,,,,,False,원문·기업 IR 추가 조사,https://dart.fss.or.kr/dsaf001/main.do?rcpNo=20260814001532
000480,시알홀딩스,review,원문에서 수주기업 여부를 확정하지 못함,2026-06,,,,,,False,원문·기업 IR 추가 조사,https://dart.fss.or.kr/dsaf001/main.do?rcpNo=20261006000307
000490,대동,review,원문에서 수주기업 여부를 확정하지 못함,2026-06,,,,,,False,원문·기업 IR 추가 조사,https://dart.fss.or.kr/dsaf001/main.do?rcpNo=20260814001489
000500,가온전선,confirmed,정기보고서·공식 IR 수주 수치 확인,2026-06,회사 공시 합계,억원,5978.24,,125.29725003674406,False,신규수주 직접값 미확보: 원문표·그림·기업 IR 추가 조사 필요,https://dart.fss.or.kr/dsaf001/main.do?rcpNo=20260814000919
000520,삼일제약,review,원문에서 수주기업 여부를 확정하지 못함,2026-06,,,,,,False,원문·기업 IR 추가 조사,https://dart.fss.or.kr/dsaf001/main.do?rcpNo=20260814001835
000650,천일고속,review,원문에서 수주기업 여부를 확정하지 못함,2026-06,,,,,,False,원문·기업 IR 추가 조사,https://dart.fss.or.kr/dsaf001/main.do?rcpNo=20260929000214
000660,SK하이닉스,review,원문에서 수주기업 여부를 확정하지 못함,2026-06,,,,,,False,원문·기업 IR 추가 조사,https://dart.fss.or.kr/dsaf001/main.do?rcpNo=20260814003509
000670,영풍,confirmed,정기보고서·공식 IR 수주 수치 확인,2026-06,"[지배회사의 내용 : 제련부문]  판매 방법에는 크게 현금판매, Local 판매 (L/C 또는 구매승인서 방식) 및 직수출로판매하고 있습니다. 운송 조건은 당사 공장 상차도 판매를 원칙으로 하고 있으며, 도착도 판매일 경우 운임등 부대비용을 가산하여 판매하고 있습니다. / 회사 공시 합계",억원,4264.69,,199.65289732365562,False,신규수주 직접값 미확보: 원문표·그림·기업 IR 추가 조사 필요,https://dart.fss.or.kr/dsaf001/main.do?rcpNo=20260814002751
000680,LS네트웍스,confirmed,정기보고서·공식 IR 수주 수치 확인,2026-06,공시 항목 합산(표 범위),억원,131.67,,0,False,신규수주 직접값 미확보: 원문표·그림·기업 IR 추가 조사 필요,https://dart.fss.or.kr/dsaf001/main.do?rcpNo=20260814003314
000700,유수홀딩스,review,원문에서 수주기업 여부를 확정하지 못함,2026-06,,,,,,False,원문·기업 IR 추가 조사,https://dart.fss.or.kr/dsaf001/main.do?rcpNo=20260814003193
000720,현대건설,confirmed,정기보고서·공식 IR 수주 수치 확인,2026-06,공식 IR 연결(2026년 표시 기준),억원,1039831,188609,12.628826617650724,True,,https://dart.fss.or.kr/dsaf001/main.do?rcpNo=20260814003360
000860,강남제비스코,review,원문에서 수주기업 여부를 확정하지 못함,2026-06,,,,,,False,원문·기업 IR 추가 조사,https://dart.fss.or.kr/dsaf001/main.do?rcpNo=20260814004095
000880,한화,confirmed,정기보고서·공식 IR 수주 수치 확인,2026-06,회사 공시 합계,억원,1373707.67,,-2.313398103092812,False,신규수주 직접값 미확보: 원문표·그림·기업 IR 추가 조사 필요,https://dart.fss.or.kr/dsaf001/main.do?rcpNo=20260831001249
000970,한국주철관공업,confirmed,정기보고서·공식 IR 수주 수치 확인,2026-06,[엔프라니(주)] / 회사 공시 합계,억원,218.62,,53.546846467200446,False,신규수주 직접값 미확보: 원문표·그림·기업 IR 추가 조사 필요,https://dart.fss.or.kr/dsaf001/main.do?rcpNo=20260814000843
000990,DB하이텍,review,원문에서 수주기업 여부를 확정하지 못함,2026-06,,,,,,False,원문·기업 IR 추가 조사,https://dart.fss.or.kr/dsaf001/main.do?rcpNo=20260814003091
001060,JW중외제약,review,원문에서 수주기업 여부를 확정하지 못함,2026-06,,,,,,False,원문·기업 IR 추가 조사,https://dart.fss.or.kr/dsaf001/main.do?rcpNo=20260814004216
001080,만호제강,review,원문에서 수주기업 여부를 확정하지 못함,2026-06,,,,,,False,원문·기업 IR 추가 조사,https://dart.fss.or.kr/dsaf001/main.do?rcpNo=20260910000496
001120,LX인터내셔널,review,원문에서 수주기업 여부를 확정하지 못함,2026-06,,,,,,False,원문·기업 IR 추가 조사,https://dart.fss.or.kr/dsaf001/main.do?rcpNo=20260814001146
001130,대한제분,review,원문에서 수주기업 여부를 확정하지 못함,2026-06,,,,,,False,원문·기업 IR 추가 조사,https://dart.fss.or.kr/dsaf001/main.do?rcpNo=20260814002054
001210,금호전기,confirmed,정기보고서·공식 IR 수주 수치 확인,2026-06,회사 공시 합계,억원,7.12,,,False,최신 정기보고서 기간의 수치 미확보 / 신규수주 직접값 미확보: 원문표·그림·기업 IR 추가 조사 필요 / QoQ 미확보: 같은 범위·통화의 연속 분기 잔고 필요,https://dart.fss.or.kr/dsaf001/main.do?rcpNo=20260318001105
001250,GS글로벌,confirmed,정기보고서·공식 IR 수주 수치 확인,2026-06,회사 공시 합계,억원,10.64,,-86.32214937652655,False,신규수주 직접값 미확보: 원문표·그림·기업 IR 추가 조사 필요,https://dart.fss.or.kr/dsaf001/main.do?rcpNo=20260813000856
001340,PKC,confirmed,정기보고서·공식 IR 수주 수치 확인,2026-06,회사 공시 합계,억원,3725.57,,,False,최신 정기보고서 기간의 수치 미확보 / 신규수주 직접값 미확보: 원문표·그림·기업 IR 추가 조사 필요 / QoQ 미확보: 같은 범위·통화의 연속 분기 잔고 필요,https://dart.fss.or.kr/dsaf001/main.do?rcpNo=20250318001326
001360,삼성제약,review,원문에서 수주기업 여부를 확정하지 못함,2026-06,,,,,,False,원문·기업 IR 추가 조사,https://dart.fss.or.kr/dsaf001/main.do?rcpNo=20260814003546
001390,KG케미칼,confirmed,정기보고서·공식 IR 수주 수치 확인,2026-06,[바이오에너지부문] / 회사 공시 합계,억원,286.59,,,False,신규수주 직접값 미확보: 원문표·그림·기업 IR 추가 조사 필요 / QoQ 미확보: 같은 범위·통화의 연속 분기 잔고 필요,https://dart.fss.or.kr/dsaf001/main.do?rcpNo=20260814004254
001430,세아베스틸지주,review,원문에서 수주기업 여부를 확정하지 못함,2026-06,,,,,,False,원문·기업 IR 추가 조사,https://dart.fss.or.kr/dsaf001/main.do?rcpNo=20260814003802
001440,대한전선,confirmed,정기보고서·공식 IR 수주 수치 확인,2026-06,시장환경과 고객 Needs 변화에 대응한 신제품의 신속한 개발과 상용화 / 회사 공시 합계,억원,40629.35,,6.156551411502331,False,신규수주 직접값 미확보: 원문표·그림·기업 IR 추가 조사 필요,https://dart.fss.or.kr/dsaf001/main.do?rcpNo=20260814003722
001460,BYC,review,원문에서 수주기업 여부를 확정하지 못함,2026-06,,,,,,False,원문·기업 IR 추가 조사,https://dart.fss.or.kr/dsaf001/main.do?rcpNo=20260814002984
001520,동양,confirmed,정기보고서·공식 IR 수주 수치 확인,2026-06,회사 공시 합계,억원,807.32,,42.5302778856679,False,신규수주 직접값 미확보: 원문표·그림·기업 IR 추가 조사 필요,https://dart.fss.or.kr/dsaf001/main.do?rcpNo=20260814003559
001530,디아이동일,confirmed,정기보고서·공식 IR 수주 수치 확인,2026-06,회사 공시 합계,억원,48.19,,,False,최신 정기보고서 기간의 수치 미확보 / 신규수주 직접값 미확보: 원문표·그림·기업 IR 추가 조사 필요 / QoQ 미확보: 같은 범위·통화의 연속 분기 잔고 필요,https://dart.fss.or.kr/dsaf001/main.do?rcpNo=20250331004012
001540,안국약품,review,원문에서 수주기업 여부를 확정하지 못함,2026-06,,,,,,False,원문·기업 IR 추가 조사,https://dart.fss.or.kr/dsaf001/main.do?rcpNo=20260814002566
001630,종근당홀딩스,review,원문에서 수주기업 여부를 확정하지 못함,2026-06,,,,,,False,원문·기업 IR 추가 조사,https://dart.fss.or.kr/dsaf001/main.do?rcpNo=20260814003989
001680,대상,review,원문에서 수주기업 여부를 확정하지 못함,2026-06,,,,,,False,원문·기업 IR 추가 조사,https://dart.fss.or.kr/dsaf001/main.do?rcpNo=20260911000415
001740,SK네트웍스,review,원문에서 수주기업 여부를 확정하지 못함,2026-06,,,,,,False,원문·기업 IR 추가 조사,https://dart.fss.or.kr/dsaf001/main.do?rcpNo=20260814002753
001780,알루코,confirmed,정기보고서·공식 IR 수주 수치 확인,2026-06,회사 공시 합계,억원,1167.17,,31.259207611250428,False,신규수주 직접값 미확보: 원문표·그림·기업 IR 추가 조사 필요,https://dart.fss.or.kr/dsaf001/main.do?rcpNo=20260814003458
001790,대한제당,review,원문에서 수주기업 여부를 확정하지 못함,2026-06,,,,,,False,원문·기업 IR 추가 조사,https://dart.fss.or.kr/dsaf001/main.do?rcpNo=20260814002640
001820,삼화콘덴서공업,confirmed,정기보고서·공식 IR 수주 수치 확인,2026-06,회사 공시 합계,억원,18.52,,8.94117647058823,False,신규수주 직접값 미확보: 원문표·그림·기업 IR 추가 조사 필요,https://dart.fss.or.kr/dsaf001/main.do?rcpNo=20260814002905
001940,KISCO홀딩스,review,원문에서 수주기업 여부를 확정하지 못함,2026-06,,,,,,False,원문·기업 IR 추가 조사,https://dart.fss.or.kr/dsaf001/main.do?rcpNo=20260814003247
002030,아세아,review,원문에서 수주기업 여부를 확정하지 못함,2026-06,,,,,,False,원문·기업 IR 추가 조사,https://dart.fss.or.kr/dsaf001/main.do?rcpNo=20260814002416
002100,경농,confirmed,정기보고서·공식 IR 수주 수치 확인,2026-06,회사 공시 단일행,억원,463.01,,-48.619526377699366,False,신규수주 직접값 미확보: 원문표·그림·기업 IR 추가 조사 필요,https://dart.fss.or.kr/dsaf001/main.do?rcpNo=20260814003124
002150,도화엔지니어링,confirmed,정기보고서·공식 IR 수주 수치 확인,2026-06,사업별 현황 / 회사 공시 합계,억원,19494.13,,2.7030088398599217,False,신규수주 직접값 미확보: 원문표·그림·기업 IR 추가 조사 필요,https://dart.fss.or.kr/dsaf001/main.do?rcpNo=20260813001545
002170,SYTS,review,원문에서 수주기업 여부를 확정하지 못함,2026-06,,,,,,False,원문·기업 IR 추가 조사,https://dart.fss.or.kr/dsaf001/main.do?rcpNo=20260814003890
002210,동성제약,review,원문에서 수주기업 여부를 확정하지 못함,2026-06,,,,,,False,원문·기업 IR 추가 조사,https://dart.fss.or.kr/dsaf001/main.do?rcpNo=20260818000136
002230,피에스텍,review,원문에서 수주기업 여부를 확정하지 못함,2026-06,,,,,,False,원문·기업 IR 추가 조사,https://dart.fss.or.kr/dsaf001/main.do?rcpNo=20260814001435
002240,고려제강,review,원문에서 수주기업 여부를 확정하지 못함,2026-06,,,,,,False,원문·기업 IR 추가 조사,https://dart.fss.or.kr/dsaf001/main.do?rcpNo=20260929000540
002310,아세아제지,review,원문에서 수주기업 여부를 확정하지 못함,2026-06,,,,,,False,원문·기업 IR 추가 조사,https://dart.fss.or.kr/dsaf001/main.do?rcpNo=20260814002019
002320,한진,review,원문에서 수주기업 여부를 확정하지 못함,2026-06,,,,,,False,원문·기업 IR 추가 조사,https://dart.fss.or.kr/dsaf001/main.do?rcpNo=20260825000423
002350,넥센타이어,confirmed,정기보고서·공식 IR 수주 수치 확인,2026-06,[비타이어부문_금형] / 회사 공시 합계,억원,8477.82,,-4.594054726228181,False,신규수주 직접값 미확보: 원문표·그림·기업 IR 추가 조사 필요,https://dart.fss.or.kr/dsaf001/main.do?rcpNo=20260814003268
002380,케이씨씨,confirmed,정기보고서·공식 IR 수주 수치 확인,2026-06,회사 공시 합계,억원,6277.58,,2.044438953738803,False,신규수주 직접값 미확보: 원문표·그림·기업 IR 추가 조사 필요,https://dart.fss.or.kr/dsaf001/main.do?rcpNo=20260814001150
002390,한독,review,원문에서 수주기업 여부를 확정하지 못함,2026-06,,,,,,False,원문·기업 IR 추가 조사,https://dart.fss.or.kr/dsaf001/main.do?rcpNo=20260814002570
002420,우양피앤엘,review,원문에서 수주기업 여부를 확정하지 못함,2026-06,,,,,,False,원문·기업 IR 추가 조사,https://dart.fss.or.kr/dsaf001/main.do?rcpNo=20260814003492
002450,삼익악기,review,원문에서 수주기업 여부를 확정하지 못함,2026-06,,,,,,False,원문·기업 IR 추가 조사,https://dart.fss.or.kr/dsaf001/main.do?rcpNo=20260814003197
002460,HS화성,confirmed,정기보고서·공식 IR 수주 수치 확인,2026-06,- HS화성(주) / 회사 공시 합계,억원,25622.89,,14.308243228714268,False,신규수주 직접값 미확보: 원문표·그림·기업 IR 추가 조사 필요,https://dart.fss.or.kr/dsaf001/main.do?rcpNo=20260814003892
002620,제일파마홀딩스,review,원문에서 수주기업 여부를 확정하지 못함,2026-06,,,,,,False,원문·기업 IR 추가 조사,https://dart.fss.or.kr/dsaf001/main.do?rcpNo=20260814003877
002710,TCC스틸,review,원문에서 수주기업 여부를 확정하지 못함,2026-06,,,,,,False,원문·기업 IR 추가 조사,https://dart.fss.or.kr/dsaf001/main.do?rcpNo=20260814002946
002780,진흥기업,confirmed,단일판매·공급계약 공시 확인 (전체 수주량은 별도 조사),2026-06,,,,,,False,원문·기업 IR 추가 조사,https://dart.fss.or.kr/dsaf001/main.do?rcpNo=20260922800158
002790,아모레퍼시픽홀딩스,review,원문에서 수주기업 여부를 확정하지 못함,2026-06,,,,,,False,원문·기업 IR 추가 조사,https://dart.fss.or.kr/dsaf001/main.do?rcpNo=20260814002574
002810,삼영무역,review,원문에서 수주기업 여부를 확정하지 못함,2026-06,,,,,,False,원문·기업 IR 추가 조사,https://dart.fss.or.kr/dsaf001/main.do?rcpNo=20260814001609
002840,미원상사,review,원문에서 수주기업 여부를 확정하지 못함,2026-06,,,,,,False,원문·기업 IR 추가 조사,https://dart.fss.or.kr/dsaf001/main.do?rcpNo=20260814002457
002900,TYM,review,원문에서 수주기업 여부를 확정하지 못함,2026-06,,,,,,False,원문·기업 IR 추가 조사,https://dart.fss.or.kr/dsaf001/main.do?rcpNo=20260813000570
002960,한국쉘석유,review,원문에서 수주기업 여부를 확정하지 못함,2026-06,,,,,,False,원문·기업 IR 추가 조사,https://dart.fss.or.kr/dsaf001/main.do?rcpNo=20260814003708
002990,금호건설,confirmed,정기보고서·공식 IR 수주 수치 확인,2026-06,회사 공시 합계,억원,94718.48,,-1.056752154572893,False,신규수주 직접값 미확보: 원문표·그림·기업 IR 추가 조사 필요,https://dart.fss.or.kr/dsaf001/main.do?rcpNo=20260813000466
003000,부광약품,review,원문에서 수주기업 여부를 확정하지 못함,2026-06,,,,,,False,원문·기업 IR 추가 조사,https://dart.fss.or.kr/dsaf001/main.do?rcpNo=20260813001667
003010,혜인,confirmed,정기보고서·공식 IR 수주 수치 확인,2026-06,회사 공시 합계,억원,240.9,,-59.29368029739776,False,최신 정기보고서 기간의 수치 미확보 / 신규수주 직접값 미확보: 원문표·그림·기업 IR 추가 조사 필요,https://dart.fss.or.kr/dsaf001/main.do?rcpNo=20250804000178
003070,코오롱글로벌,confirmed,정기보고서·공식 IR 수주 수치 확인,2026-06,회사 공시 합계,억원,118495.67,,3.1395162205654303,False,신규수주 직접값 미확보: 원문표·그림·기업 IR 추가 조사 필요,https://dart.fss.or.kr/dsaf001/main.do?rcpNo=20260814003744
003090,대웅,review,원문에서 수주기업 여부를 확정하지 못함,2026-06,,,,,,False,원문·기업 IR 추가 조사,https://dart.fss.or.kr/dsaf001/main.do?rcpNo=20260814002579
003100,선광,review,원문에서 수주기업 여부를 확정하지 못함,2026-06,,,,,,False,원문·기업 IR 추가 조사,https://dart.fss.or.kr/dsaf001/main.do?rcpNo=20260814001951
003120,일성아이에스,review,원문에서 수주기업 여부를 확정하지 못함,2026-06,,,,,,False,원문·기업 IR 추가 조사,https://dart.fss.or.kr/dsaf001/main.do?rcpNo=20260814002387
003160,디아이,confirmed,정기보고서·공식 IR 수주 수치 확인,2026-06,회사 공시 합계,억원,2614.81,,13.561486178367455,False,신규수주 직접값 미확보: 원문표·그림·기업 IR 추가 조사 필요,https://dart.fss.or.kr/dsaf001/main.do?rcpNo=20260814001182
003200,일신방직,review,원문에서 수주기업 여부를 확정하지 못함,2026-06,,,,,,False,원문·기업 IR 추가 조사,https://dart.fss.or.kr/dsaf001/main.do?rcpNo=20260814001880
003220,대원제약,review,원문에서 수주기업 여부를 확정하지 못함,2026-06,,,,,,False,원문·기업 IR 추가 조사,https://dart.fss.or.kr/dsaf001/main.do?rcpNo=20260807000516
003230,삼양식품,review,원문에서 수주기업 여부를 확정하지 못함,2026-06,,,,,,False,원문·기업 IR 추가 조사,https://dart.fss.or.kr/dsaf001/main.do?rcpNo=20260814003053
003240,태광산업,review,원문에서 수주기업 여부를 확정하지 못함,2026-06,,,,,,False,원문·기업 IR 추가 조사,https://dart.fss.or.kr/dsaf001/main.do?rcpNo=20260814003951
003280,흥아해운,review,원문에서 수주기업 여부를 확정하지 못함,2026-06,,,,,,False,원문·기업 IR 추가 조사,https://dart.fss.or.kr/dsaf001/main.do?rcpNo=20260814001236
003300,한일홀딩스,confirmed,정기보고서·공식 IR 수주 수치 확인,2026-06,회사 공시 합계,억원,1830.71,,2.7397875289720375,False,신규수주 직접값 미확보: 원문표·그림·기업 IR 추가 조사 필요,https://dart.fss.or.kr/dsaf001/main.do?rcpNo=20260814003713
003350,한국화장품제조,review,원문에서 수주기업 여부를 확정하지 못함,2026-06,,,,,,False,원문·기업 IR 추가 조사,https://dart.fss.or.kr/dsaf001/main.do?rcpNo=20260813000496
003480,한진중공업홀딩스,review,원문에서 수주기업 여부를 확정하지 못함,2026-06,,,,,,False,원문·기업 IR 추가 조사,https://dart.fss.or.kr/dsaf001/main.do?rcpNo=20260814000355
003490,대한항공,confirmed,정기보고서·공식 IR 수주 수치 확인,2026-06,회사 공시 합계,억원,1108,,-19.12408759124088,False,신규수주 직접값 미확보: 원문표·그림·기업 IR 추가 조사 필요,https://dart.fss.or.kr/dsaf001/main.do?rcpNo=20260814002803
003520,영진약품,confirmed,단일판매·공급계약 공시 확인 (전체 수주량은 별도 조사),2026-06,,,,,,False,원문·기업 IR 추가 조사,https://dart.fss.or.kr/dsaf001/main.do?rcpNo=20261008800579
003570,SNT다이내믹스,confirmed,수주 내역 비공개 명시,2026-06,,,,,,False,원문·기업 IR 추가 조사,https://dart.fss.or.kr/dsaf001/main.do?rcpNo=20260812000083
003580,HLB글로벌,confirmed,수주 내역 비공개 명시,2026-06,,,,,,False,원문·기업 IR 추가 조사,https://dart.fss.or.kr/dsaf001/main.do?rcpNo=20260813001504
003610,방림,review,원문에서 수주기업 여부를 확정하지 못함,2026-06,,,,,,False,원문·기업 IR 추가 조사,https://dart.fss.or.kr/dsaf001/main.do?rcpNo=20260814000394
003620,KG모빌리티,review,원문에서 수주기업 여부를 확정하지 못함,2026-06,,,,,,False,원문·기업 IR 추가 조사,https://dart.fss.or.kr/dsaf001/main.do?rcpNo=20260814001969
003650,미창석유공업,review,원문에서 수주기업 여부를 확정하지 못함,2026-06,,,,,,False,원문·기업 IR 추가 조사,https://dart.fss.or.kr/dsaf001/main.do?rcpNo=20260814002032
003670,포스코퓨처엠,confirmed,정기보고서·공식 IR 수주 수치 확인,2026-06,회사 공시 합계,억원,259.58,,-28.15388873512318,False,신규수주 직접값 미확보: 원문표·그림·기업 IR 추가 조사 필요,https://dart.fss.or.kr/dsaf001/main.do?rcpNo=20260902000346
003720,삼영,confirmed,정기보고서·공식 IR 수주 수치 확인,2026-06,회사 공시 합계,억원,354.4,,43.29034084017302,False,신규수주 직접값 미확보: 원문표·그림·기업 IR 추가 조사 필요,https://dart.fss.or.kr/dsaf001/main.do?rcpNo=20260813000317
003800,에이스침대,review,원문에서 수주기업 여부를 확정하지 못함,2026-06,,,,,,False,원문·기업 IR 추가 조사,https://dart.fss.or.kr/dsaf001/main.do?rcpNo=20260811000429
003830,대한화섬,review,원문에서 수주기업 여부를 확정하지 못함,2026-06,,,,,,False,원문·기업 IR 추가 조사,https://dart.fss.or.kr/dsaf001/main.do?rcpNo=20260814003996
003850,보령,confirmed,단일판매·공급계약 공시 확인 (전체 수주량은 별도 조사),2026-06,,,,,,False,원문·기업 IR 추가 조사,https://dart.fss.or.kr/dsaf001/main.do?rcpNo=20260922800103
003920,남양유업,review,원문에서 수주기업 여부를 확정하지 못함,2026-06,,,,,,False,원문·기업 IR 추가 조사,https://dart.fss.or.kr/dsaf001/main.do?rcpNo=20260814003731
003960,사조대림,review,원문에서 수주기업 여부를 확정하지 못함,2026-06,,,,,,False,원문·기업 IR 추가 조사,https://dart.fss.or.kr/dsaf001/main.do?rcpNo=20260814003430
004000,롯데정밀화학,review,원문에서 수주기업 여부를 확정하지 못함,2026-06,,,,,,False,원문·기업 IR 추가 조사,https://dart.fss.or.kr/dsaf001/main.do?rcpNo=20260814002262
004020,현대제철,review,원문에서 수주기업 여부를 확정하지 못함,2026-06,,,,,,False,원문·기업 IR 추가 조사,https://dart.fss.or.kr/dsaf001/main.do?rcpNo=20260814003379
004080,신흥,review,원문에서 수주기업 여부를 확정하지 못함,2026-06,,,,,,False,원문·기업 IR 추가 조사,https://dart.fss.or.kr/dsaf001/main.do?rcpNo=20260814001972
004090,한국석유공업,review,원문에서 수주기업 여부를 확정하지 못함,2026-06,,,,,,False,원문·기업 IR 추가 조사,https://dart.fss.or.kr/dsaf001/main.do?rcpNo=20260814002961
004100,태양금속공업,confirmed,수주 내역 비공개 명시,2026-06,,,,,,False,원문·기업 IR 추가 조사,https://dart.fss.or.kr/dsaf001/main.do?rcpNo=20260814003845
004170,신세계,review,원문에서 수주기업 여부를 확정하지 못함,2026-06,,,,,,False,원문·기업 IR 추가 조사,https://dart.fss.or.kr/dsaf001/main.do?rcpNo=20260814003432
004250,엔피씨,review,원문에서 수주기업 여부를 확정하지 못함,2026-06,,,,,,False,원문·기업 IR 추가 조사,https://dart.fss.or.kr/dsaf001/main.do?rcpNo=20260814003535
004310,현대약품,review,원문에서 수주기업 여부를 확정하지 못함,2026-05,,,,,,False,원문·기업 IR 추가 조사,https://dart.fss.or.kr/dsaf001/main.do?rcpNo=20260715000511
004360,세방,review,원문에서 수주기업 여부를 확정하지 못함,2026-06,,,,,,False,원문·기업 IR 추가 조사,https://dart.fss.or.kr/dsaf001/main.do?rcpNo=20260814002634
004370,농심,review,원문에서 수주기업 여부를 확정하지 못함,2026-06,,,,,,False,원문·기업 IR 추가 조사,https://dart.fss.or.kr/dsaf001/main.do?rcpNo=20260814000362
004380,삼익THK,review,원문에서 수주기업 여부를 확정하지 못함,2026-06,,,,,,False,원문·기업 IR 추가 조사,https://dart.fss.or.kr/dsaf001/main.do?rcpNo=20260814001601
004430,송원산업,review,원문에서 수주기업 여부를 확정하지 못함,2026-06,,,,,,False,원문·기업 IR 추가 조사,https://dart.fss.or.kr/dsaf001/main.do?rcpNo=20260813000597
004490,세방전지,review,원문에서 수주기업 여부를 확정하지 못함,2026-06,,,,,,False,원문·기업 IR 추가 조사,https://dart.fss.or.kr/dsaf001/main.do?rcpNo=20260814002510
004560,현대비앤지스틸,review,원문에서 수주기업 여부를 확정하지 못함,2026-06,,,,,,False,원문·기업 IR 추가 조사,https://dart.fss.or.kr/dsaf001/main.do?rcpNo=20260814002882
004690,삼천리,confirmed,정기보고서·공식 IR 수주 수치 확인,2026-06,회사 공시 합계,억원,1568.12,,-16.478740459438303,False,신규수주 직접값 미확보: 원문표·그림·기업 IR 추가 조사 필요,https://dart.fss.or.kr/dsaf001/main.do?rcpNo=20260813001184
004700,조광피혁,review,원문에서 수주기업 여부를 확정하지 못함,2026-06,,,,,,False,원문·기업 IR 추가 조사,https://dart.fss.or.kr/dsaf001/main.do?rcpNo=20260814001094
004710,한솔테크닉스,review,원문에서 수주기업 여부를 확정하지 못함,2026-06,,,,,,False,원문·기업 IR 추가 조사,https://dart.fss.or.kr/dsaf001/main.do?rcpNo=20260813001607
004960,한신공영,confirmed,정기보고서·공식 IR 수주 수치 확인,2026-06,회사 공시 합계 / 표 품목: 건축 · 기타 · 토목,억원,21229.37,,2.428243822158449,False,신규수주 직접값 미확보: 원문표·그림·기업 IR 추가 조사 필요,https://dart.fss.or.kr/dsaf001/main.do?rcpNo=20260814000688
004970,신라교역,review,원문에서 수주기업 여부를 확정하지 못함,2026-06,,,,,,False,원문·기업 IR 추가 조사,https://dart.fss.or.kr/dsaf001/main.do?rcpNo=20260814002067
004980,성신양회,review,원문에서 수주기업 여부를 확정하지 못함,2026-06,,,,,,False,원문·기업 IR 추가 조사,https://dart.fss.or.kr/dsaf001/main.do?rcpNo=20260814003208
005010,휴스틸,review,원문에서 수주기업 여부를 확정하지 못함,2026-06,,,,,,False,원문·기업 IR 추가 조사,https://dart.fss.or.kr/dsaf001/main.do?rcpNo=20260814004246
005070,코스모신소재,confirmed,정기보고서·공식 IR 수주 수치 확인,2026-06,회사 공시 합계,억원,1117,,-17.07498144023757,False,최신 정기보고서 기간의 수치 미확보 / 신규수주 직접값 미확보: 원문표·그림·기업 IR 추가 조사 필요,https://dart.fss.or.kr/dsaf001/main.do?rcpNo=20250514000429
005090,SGC에너지,confirmed,정기보고서·공식 IR 수주 수치 확인,2026-06,회사 공시 합계,억원,21937.55,,-10.126189711454003,False,신규수주 직접값 미확보: 원문표·그림·기업 IR 추가 조사 필요,https://dart.fss.or.kr/dsaf001/main.do?rcpNo=20260814001158
005160,동국산업,confirmed,정기보고서·공식 IR 수주 수치 확인,2026-06,[철강사업부문] / 회사 공시 합계,억원,957.39,,45.63722656606528,False,신규수주 직접값 미확보: 원문표·그림·기업 IR 추가 조사 필요,https://dart.fss.or.kr/dsaf001/main.do?rcpNo=20260814003589
005180,빙그레,review,원문에서 수주기업 여부를 확정하지 못함,2026-06,,,,,,False,원문·기업 IR 추가 조사,https://dart.fss.or.kr/dsaf001/main.do?rcpNo=20260814000452
005250,녹십자홀딩스,review,원문에서 수주기업 여부를 확정하지 못함,2026-06,,,,,,False,원문·기업 IR 추가 조사,https://dart.fss.or.kr/dsaf001/main.do?rcpNo=20260814003916
005290,동진쎄미켐,review,원문에서 수주기업 여부를 확정하지 못함,2026-06,,,,,,False,원문·기업 IR 추가 조사,https://dart.fss.or.kr/dsaf001/main.do?rcpNo=20260814002890
005300,롯데칠성음료,review,원문에서 수주기업 여부를 확정하지 못함,2026-06,,,,,,False,원문·기업 IR 추가 조사,https://dart.fss.or.kr/dsaf001/main.do?rcpNo=20260813000529
005380,현대자동차,confirmed,정기보고서·공식 IR 수주 수치 확인,2026-06,공시 항목 합산(표 범위),억원,127711.9,,7.628942122093263,False,신규수주 직접값 미확보: 원문표·그림·기업 IR 추가 조사 필요,https://dart.fss.or.kr/dsaf001/main.do?rcpNo=20260814003521
005420,코스모화학,confirmed,정기보고서·공식 IR 수주 수치 확인,2026-06,회사 공시 합계,억원,1117,,-17.07498144023757,False,최신 정기보고서 기간의 수치 미확보 / 신규수주 직접값 미확보: 원문표·그림·기업 IR 추가 조사 필요,https://dart.fss.or.kr/dsaf001/main.do?rcpNo=20250515000461
005430,한국공항,confirmed,원문 수주표: 수주잔고,2026-06,,,,,,False,원문·기업 IR 추가 조사,https://dart.fss.or.kr/dsaf001/main.do?rcpNo=20260814003106
005490,POSCO홀딩스,confirmed,정기보고서·공식 IR 수주 수치 확인,2026-06,[인프라(건설부문)] / 회사 공시 합계,억원,514246.1,,6.513506159996685,False,신규수주 직접값 미확보: 원문표·그림·기업 IR 추가 조사 필요,https://dart.fss.or.kr/dsaf001/main.do?rcpNo=20260814000957
005500,삼진제약,review,원문에서 수주기업 여부를 확정하지 못함,2026-06,,,,,,False,원문·기업 IR 추가 조사,https://dart.fss.or.kr/dsaf001/main.do?rcpNo=20260814003494
005610,삼립,review,원문에서 수주기업 여부를 확정하지 못함,2026-06,,,,,,False,원문·기업 IR 추가 조사,https://dart.fss.or.kr/dsaf001/main.do?rcpNo=20260814001053
005680,삼영전자공업,review,원문에서 수주기업 여부를 확정하지 못함,2026-06,,,,,,False,원문·기업 IR 추가 조사,https://dart.fss.or.kr/dsaf001/main.do?rcpNo=20260814002910
005690,파미셀,review,원문에서 수주기업 여부를 확정하지 못함,2026-06,,,,,,False,원문·기업 IR 추가 조사,https://dart.fss.or.kr/dsaf001/main.do?rcpNo=20260812000044
005710,대원산업,review,원문에서 수주기업 여부를 확정하지 못함,2026-06,,,,,,False,원문·기업 IR 추가 조사,https://dart.fss.or.kr/dsaf001/main.do?rcpNo=20260814002698
005720,넥센,confirmed,정기보고서·공식 IR 수주 수치 확인,2026-06,공시 항목 합산(표 범위),억원,8821.68,,-49.97411284756975,False,신규수주 직접값 미확보: 원문표·그림·기업 IR 추가 조사 필요,https://dart.fss.or.kr/dsaf001/main.do?rcpNo=20260814002676
005800,신영와코루,review,원문에서 수주기업 여부를 확정하지 못함,2026-06,,,,,,False,원문·기업 IR 추가 조사,https://dart.fss.or.kr/dsaf001/main.do?rcpNo=20260814003953
005850,에스엘,review,원문에서 수주기업 여부를 확정하지 못함,2026-06,,,,,,False,원문·기업 IR 추가 조사,https://dart.fss.or.kr/dsaf001/main.do?rcpNo=20260814002776
005880,대한해운,confirmed,단일판매·공급계약 공시 확인 (전체 수주량은 별도 조사),2026-06,,,,,,False,원문·기업 IR 추가 조사,https://dart.fss.or.kr/dsaf001/main.do?rcpNo=20261001800028
005930,삼성전자,review,원문에서 수주기업 여부를 확정하지 못함,2026-06,,,,,,False,원문·기업 IR 추가 조사,https://dart.fss.or.kr/dsaf001/main.do?rcpNo=20260814003699
005950,이수화학,confirmed,정기보고서·공식 IR 수주 수치 확인,2026-06,회사 공시 합계,억원,12639.2,,1.9407883328480757,False,신규수주 직접값 미확보: 원문표·그림·기업 IR 추가 조사 필요,https://dart.fss.or.kr/dsaf001/main.do?rcpNo=20260814002941
005960,동부건설,confirmed,정기보고서·공식 IR 수주 수치 확인,2026-06,회사 공시 합계 / 표 품목: 관급 · 민간,억원,137233.69,,3.8790354610616307,False,신규수주 직접값 미확보: 원문표·그림·기업 IR 추가 조사 필요,https://dart.fss.or.kr/dsaf001/main.do?rcpNo=20260813001475
005990,매일홀딩스,review,원문에서 수주기업 여부를 확정하지 못함,2026-06,,,,,,False,원문·기업 IR 추가 조사,https://dart.fss.or.kr/dsaf001/main.do?rcpNo=20260814003196
006060,화승인더스트리,review,원문에서 수주기업 여부를 확정하지 못함,2026-06,,,,,,False,원문·기업 IR 추가 조사,https://dart.fss.or.kr/dsaf001/main.do?rcpNo=20260813000737
006110,삼아알미늄,review,원문에서 수주기업 여부를 확정하지 못함,2026-06,,,,,,False,원문·기업 IR 추가 조사,https://dart.fss.or.kr/dsaf001/main.do?rcpNo=20260814003238
006280,녹십자,review,원문에서 수주기업 여부를 확정하지 못함,2026-06,,,,,,False,원문·기업 IR 추가 조사,https://dart.fss.or.kr/dsaf001/main.do?rcpNo=20260814003840
006340,대원전선,confirmed,정기보고서·공식 IR 수주 수치 확인,2026-06,회사 공시 합계,억원,582.12,,8.226894974622123,False,신규수주 직접값 미확보: 원문표·그림·기업 IR 추가 조사 필요,https://dart.fss.or.kr/dsaf001/main.do?rcpNo=20260812000613
006360,GS건설,confirmed,정기보고서·공식 IR 수주 수치 확인,2026-06,[국내공사] / 회사 공시 합계,억원,485361.68,,2.8021407916787977,False,신규수주 직접값 미확보: 원문표·그림·기업 IR 추가 조사 필요,https://dart.fss.or.kr/dsaf001/main.do?rcpNo=20260814002722
006380,카프로,review,원문에서 수주기업 여부를 확정하지 못함,2026-06,,,,,,False,원문·기업 IR 추가 조사,https://dart.fss.or.kr/dsaf001/main.do?rcpNo=20260814001536
006400,삼성SDI,review,원문에서 수주기업 여부를 확정하지 못함,2026-06,,,,,,False,원문·기업 IR 추가 조사,https://dart.fss.or.kr/dsaf001/main.do?rcpNo=20260814003578
006620,동구바이오제약,review,원문에서 수주기업 여부를 확정하지 못함,2026-06,,,,,,False,원문·기업 IR 추가 조사,https://dart.fss.or.kr/dsaf001/main.do?rcpNo=20260812000820
006650,대한유화,review,원문에서 수주기업 여부를 확정하지 못함,2026-06,,,,,,False,원문·기업 IR 추가 조사,https://dart.fss.or.kr/dsaf001/main.do?rcpNo=20260814003256
006660,삼성공조,review,원문에서 수주기업 여부를 확정하지 못함,2026-06,,,,,,False,원문·기업 IR 추가 조사,https://dart.fss.or.kr/dsaf001/main.do?rcpNo=20260814004110
006730,서부T&D,review,원문에서 수주기업 여부를 확정하지 못함,2026-06,,,,,,False,원문·기업 IR 추가 조사,https://dart.fss.or.kr/dsaf001/main.do?rcpNo=20260814001754
006910,보성파워텍,review,원문에서 수주기업 여부를 확정하지 못함,2026-06,,,,,,False,원문·기업 IR 추가 조사,https://dart.fss.or.kr/dsaf001/main.do?rcpNo=20261001000611
007070,GS리테일,review,원문에서 수주기업 여부를 확정하지 못함,2026-06,,,,,,False,원문·기업 IR 추가 조사,https://dart.fss.or.kr/dsaf001/main.do?rcpNo=20260814000859
007160,사조산업,review,원문에서 수주기업 여부를 확정하지 못함,2026-06,,,,,,False,원문·기업 IR 추가 조사,https://dart.fss.or.kr/dsaf001/main.do?rcpNo=20260814002156
007310,오뚜기,review,원문에서 수주기업 여부를 확정하지 못함,2026-06,,,,,,False,원문·기업 IR 추가 조사,https://dart.fss.or.kr/dsaf001/main.do?rcpNo=20260814001966
007340,DN오토모티브,review,원문에서 수주기업 여부를 확정하지 못함,2026-06,,,,,,False,원문·기업 IR 추가 조사,https://dart.fss.or.kr/dsaf001/main.do?rcpNo=20260814001265
007390,네이처셀,review,원문에서 수주기업 여부를 확정하지 못함,2026-06,,,,,,False,원문·기업 IR 추가 조사,https://dart.fss.or.kr/dsaf001/main.do?rcpNo=20260814003934
007570,일양약품,review,원문에서 수주기업 여부를 확정하지 못함,2026-06,,,,,,False,원문·기업 IR 추가 조사,https://dart.fss.or.kr/dsaf001/main.do?rcpNo=20260814003721
007660,이수페타시스,confirmed,정기보고서·공식 IR 수주 수치 확인,2026-06,회사 공시 합계,억원,6221.8,,8.442281648752136,False,신규수주 직접값 미확보: 원문표·그림·기업 IR 추가 조사 필요,https://dart.fss.or.kr/dsaf001/main.do?rcpNo=20260814002283
007690,국도화학,review,원문에서 수주기업 여부를 확정하지 못함,2026-06,,,,,,False,원문·기업 IR 추가 조사,https://dart.fss.or.kr/dsaf001/main.do?rcpNo=20260814003172
007810,코리아써키트,confirmed,정기보고서·공식 IR 수주 수치 확인,2026-06,회사 공시 합계,억원,4266.39,,171.30565836163152,False,신규수주 직접값 미확보: 원문표·그림·기업 IR 추가 조사 필요,https://dart.fss.or.kr/dsaf001/main.do?rcpNo=20260814002394
008040,사조동아원,review,원문에서 수주기업 여부를 확정하지 못함,2026-06,,,,,,False,원문·기업 IR 추가 조사,https://dart.fss.or.kr/dsaf001/main.do?rcpNo=20260930000510
008260,NI스틸,review,원문에서 수주기업 여부를 확정하지 못함,2026-06,,,,,,False,원문·기업 IR 추가 조사,https://dart.fss.or.kr/dsaf001/main.do?rcpNo=20260814002679
008350,남선알미늄,confirmed,정기보고서·공식 IR 수주 수치 확인,2026-06,회사 공시 합계,억원,154.32,,-58.88199088753298,False,최신 정기보고서 기간의 수치 미확보 / 신규수주 직접값 미확보: 원문표·그림·기업 IR 추가 조사 필요,https://dart.fss.or.kr/dsaf001/main.do?rcpNo=20250515001841
008490,서흥,review,원문에서 수주기업 여부를 확정하지 못함,2026-06,,,,,,False,원문·기업 IR 추가 조사,https://dart.fss.or.kr/dsaf001/main.do?rcpNo=20260813001642
008730,율촌화학,review,원문에서 수주기업 여부를 확정하지 못함,2026-06,,,,,,False,원문·기업 IR 추가 조사,https://dart.fss.or.kr/dsaf001/main.do?rcpNo=20260814003083
008770,호텔신라,review,원문에서 수주기업 여부를 확정하지 못함,2026-06,,,,,,False,원문·기업 IR 추가 조사,https://dart.fss.or.kr/dsaf001/main.do?rcpNo=20260814001955
008830,대동기어,confirmed,원문 수주표: 수주잔고,2026-06,,,,,,False,원문·기업 IR 추가 조사,https://dart.fss.or.kr/dsaf001/main.do?rcpNo=20260814001141
008970,KBI동양철관,confirmed,정기보고서·공식 IR 수주 수치 확인,2026-06,회사 공시 단일행,억원,1660,,-9.43807965084561,False,신규수주 직접값 미확보: 원문표·그림·기업 IR 추가 조사 필요,https://dart.fss.or.kr/dsaf001/main.do?rcpNo=20260930000528
009070,케이씨티시,review,원문에서 수주기업 여부를 확정하지 못함,2026-06,,,,,,False,원문·기업 IR 추가 조사,https://dart.fss.or.kr/dsaf001/main.do?rcpNo=20260814003993
009150,삼성전기,confirmed,단일판매·공급계약 공시 확인 (전체 수주량은 별도 조사),2026-06,,,,,,False,원문·기업 IR 추가 조사,https://dart.fss.or.kr/dsaf001/main.do?rcpNo=20261006800130
009160,SIMPAC,confirmed,정기보고서·공식 IR 수주 수치 확인,2026-06,공시 공개 항목: 프레스,억원,2177.45,,18.54454981979725,False,신규수주 직접값 미확보: 원문표·그림·기업 IR 추가 조사 필요,https://dart.fss.or.kr/dsaf001/main.do?rcpNo=20260814003619
009240,한샘,confirmed,정기보고서·공식 IR 수주 수치 확인,2026-06,회사 공시 합계,억원,2177.38,,-8.244346866018827,False,신규수주 직접값 미확보: 원문표·그림·기업 IR 추가 조사 필요,https://dart.fss.or.kr/dsaf001/main.do?rcpNo=20260813001668
009270,신원,confirmed,정기보고서·공식 IR 수주 수치 확인,2026-06,회사 공시 합계,백만USD,228.035,,8.748110314701151,False,신규수주 직접값 미확보: 원문표·그림·기업 IR 추가 조사 필요,https://dart.fss.or.kr/dsaf001/main.do?rcpNo=20260814002817
009290,광동제약,review,원문에서 수주기업 여부를 확정하지 못함,2026-06,,,,,,False,원문·기업 IR 추가 조사,https://dart.fss.or.kr/dsaf001/main.do?rcpNo=20260814002902
009410,태영건설,confirmed,단일판매·공급계약 공시 확인 (전체 수주량은 별도 조사),2026-06,,,,,,False,원문·기업 IR 추가 조사,https://dart.fss.or.kr/dsaf001/main.do?rcpNo=20261002800792
009420,한올바이오파마,review,원문에서 수주기업 여부를 확정하지 못함,2026-06,,,,,,False,원문·기업 IR 추가 조사,https://dart.fss.or.kr/dsaf001/main.do?rcpNo=20260814003675
009450,경동나비엔,review,원문에서 수주기업 여부를 확정하지 못함,2026-06,,,,,,False,원문·기업 IR 추가 조사,https://dart.fss.or.kr/dsaf001/main.do?rcpNo=20260814003740
009470,삼화전기,confirmed,정기보고서·공식 IR 수주 수치 확인,2026-06,삼화전기주식회사 / 회사 공시 합계,억원,389.72,,23.54414328736727,False,신규수주 직접값 미확보: 원문표·그림·기업 IR 추가 조사 필요,https://dart.fss.or.kr/dsaf001/main.do?rcpNo=20260814002002
009520,포스코엠텍,review,원문에서 수주기업 여부를 확정하지 못함,2026-06,,,,,,False,원문·기업 IR 추가 조사,https://dart.fss.or.kr/dsaf001/main.do?rcpNo=20260814000665
009580,무림P&P,review,원문에서 수주기업 여부를 확정하지 못함,2026-06,,,,,,False,원문·기업 IR 추가 조사,https://dart.fss.or.kr/dsaf001/main.do?rcpNo=20260814003402
009680,모토닉,review,원문에서 수주기업 여부를 확정하지 못함,2026-06,,,,,,False,원문·기업 IR 추가 조사,https://dart.fss.or.kr/dsaf001/main.do?rcpNo=20260814001080
009780,엠에스씨,review,원문에서 수주기업 여부를 확정하지 못함,2026-06,,,,,,False,원문·기업 IR 추가 조사,https://dart.fss.or.kr/dsaf001/main.do?rcpNo=20260814001282
009830,한화솔루션,review,원문에서 수주기업 여부를 확정하지 못함,2026-06,,,,,,False,원문·기업 IR 추가 조사,https://dart.fss.or.kr/dsaf001/main.do?rcpNo=20260814003076
009900,명신산업,review,원문에서 수주기업 여부를 확정하지 못함,2026-06,,,,,,False,원문·기업 IR 추가 조사,https://dart.fss.or.kr/dsaf001/main.do?rcpNo=20260813001431
010100,한국무브넥스,confirmed,원문 수주표: 수주잔고,2026-06,,,,,,False,원문·기업 IR 추가 조사,https://dart.fss.or.kr/dsaf001/main.do?rcpNo=20260814001488
010120,엘에스일렉트릭,confirmed,정기보고서·공식 IR 수주 수치 확인,2026-06,[LS ELECTRIC] / 회사 공시 합계,억원,69998,21519,24.054940186087737,True,,https://dart.fss.or.kr/dsaf001/main.do?rcpNo=20260814003088
010130,고려아연,confirmed,정기보고서·공식 IR 수주 수치 확인,2026-06,회사 공시 합계 / 표 품목: 아연 · 연,억원,18059.4,,-38.07066214469176,False,신규수주 직접값 미확보: 원문표·그림·기업 IR 추가 조사 필요,https://dart.fss.or.kr/dsaf001/main.do?rcpNo=20260814003958
010140,삼성중공업,confirmed,정기보고서·공식 IR 수주 수치 확인,2026-06,공식 IR 인도 기준 전체,백만USD,35900,,20.06688963210703,False,신규수주 직접값 미확보: 원문표·그림·기업 IR 추가 조사 필요,https://dart.fss.or.kr/dsaf001/main.do?rcpNo=20260814003496
010170,대한광통신,confirmed,정기보고서·공식 IR 수주 수치 확인,2026-06,회사 공시 합계,억원,1269.42,,52.42246316775332,False,신규수주 직접값 미확보: 원문표·그림·기업 IR 추가 조사 필요,https://dart.fss.or.kr/dsaf001/main.do?rcpNo=20260814002121
010580,에스엠벡셀,confirmed,수주 내역 비공개 명시,2026-06,,,,,,False,원문·기업 IR 추가 조사,https://dart.fss.or.kr/dsaf001/main.do?rcpNo=20260814002786
010690,화신,review,원문에서 수주기업 여부를 확정하지 못함,2026-06,,,,,,False,원문·기업 IR 추가 조사,https://dart.fss.or.kr/dsaf001/main.do?rcpNo=20260814001974
010780,아이에스동서,confirmed,정기보고서·공식 IR 수주 수치 확인,2026-06,회사 공시 합계,억원,19901.61,,1.9218133445318974,False,신규수주 직접값 미확보: 원문표·그림·기업 IR 추가 조사 필요,https://dart.fss.or.kr/dsaf001/main.do?rcpNo=20260812000770
010820,퍼스텍,confirmed,정기보고서·공식 IR 수주 수치 확인,2026-06,회사 공시 단일행,억원,9440.8,,-5.3965492707934715,False,신규수주 직접값 미확보: 원문표·그림·기업 IR 추가 조사 필요,https://dart.fss.or.kr/dsaf001/main.do?rcpNo=20260814002664
010950,S-Oil,confirmed,원문 수주표: 수주잔고,2026-06,,,,,,False,원문·기업 IR 추가 조사,https://dart.fss.or.kr/dsaf001/main.do?rcpNo=20260814000827
011040,경동제약,review,원문에서 수주기업 여부를 확정하지 못함,2026-06,,,,,,False,원문·기업 IR 추가 조사,https://dart.fss.or.kr/dsaf001/main.do?rcpNo=20260814003626
011070,LG이노텍,review,원문에서 수주기업 여부를 확정하지 못함,2026-06,,,,,,False,원문·기업 IR 추가 조사,https://dart.fss.or.kr/dsaf001/main.do?rcpNo=20260814001879
011170,롯데케미칼,review,원문에서 수주기업 여부를 확정하지 못함,2026-06,,,,,,False,원문·기업 IR 추가 조사,https://dart.fss.or.kr/dsaf001/main.do?rcpNo=20260814004167
011200,HMM,review,원문에서 수주기업 여부를 확정하지 못함,2026-06,,,,,,False,원문·기업 IR 추가 조사,https://dart.fss.or.kr/dsaf001/main.do?rcpNo=20260813001042
011210,현대위아,confirmed,정기보고서·공식 IR 수주 수치 확인,2026-06,회사 공시 단일행,억원,13965.19,,-2.274766169404896,False,신규수주 직접값 미확보: 원문표·그림·기업 IR 추가 조사 필요,https://dart.fss.or.kr/dsaf001/main.do?rcpNo=20260814002618
011280,태림포장,review,원문에서 수주기업 여부를 확정하지 못함,2026-06,,,,,,False,원문·기업 IR 추가 조사,https://dart.fss.or.kr/dsaf001/main.do?rcpNo=20260814003299
011500,한농화성,review,원문에서 수주기업 여부를 확정하지 못함,2026-06,,,,,,False,원문·기업 IR 추가 조사,https://dart.fss.or.kr/dsaf001/main.do?rcpNo=20260814002881
011560,세보엠이씨,confirmed,정기보고서·공식 IR 수주 수치 확인,2026-06,주요계약(전체 회사 아님),억원,4002.15,,,False,최신 정기보고서 기간의 수치 미확보 / 신규수주 직접값 미확보: 원문표·그림·기업 IR 추가 조사 필요 / QoQ 미확보: 같은 범위·통화의 연속 분기 잔고 필요,https://dart.fss.or.kr/dsaf001/main.do?rcpNo=20260515000437
011690,와이투솔루션,review,원문에서 수주기업 여부를 확정하지 못함,2026-06,,,,,,False,원문·기업 IR 추가 조사,https://dart.fss.or.kr/dsaf001/main.do?rcpNo=20260814002383
011760,현대코퍼레이션,confirmed,정기보고서·공식 IR 수주 수치 확인,2026-06,주요계약(전체 회사 아님),백만USD,437.579,,-23.98008377185287,False,신규수주 직접값 미확보: 원문표·그림·기업 IR 추가 조사 필요,https://dart.fss.or.kr/dsaf001/main.do?rcpNo=20260813001727
011780,금호석유화학,review,원문에서 수주기업 여부를 확정하지 못함,2026-06,,,,,,False,원문·기업 IR 추가 조사,https://dart.fss.or.kr/dsaf001/main.do?rcpNo=20260814002302
011790,SKC,not_applicable,원문에서 수주사업 비해당 명시,2026-06,,,,,,False,원문·기업 IR 추가 조사,https://dart.fss.or.kr/dsaf001/main.do?rcpNo=20260814003336
011930,신성이엔지,confirmed,정기보고서·공식 IR 수주 수치 확인,2026-06,*별도 재무제표 기준 / 회사 공시 합계,억원,1175.32,,,False,신규수주 직접값 미확보: 원문표·그림·기업 IR 추가 조사 필요 / QoQ 미확보: 같은 범위·통화의 연속 분기 잔고 필요,https://dart.fss.or.kr/dsaf001/main.do?rcpNo=20260821000469
012030,DB,confirmed,정기보고서·공식 IR 수주 수치 확인,2026-06,회사 공시 합계,억원,4221.4,,-2.298238711319933,False,신규수주 직접값 미확보: 원문표·그림·기업 IR 추가 조사 필요,https://dart.fss.or.kr/dsaf001/main.do?rcpNo=20260814002948
012200,계양전기,review,원문에서 수주기업 여부를 확정하지 못함,2026-06,,,,,,False,원문·기업 IR 추가 조사,https://dart.fss.or.kr/dsaf001/main.do?rcpNo=20260814004026
012330,현대모비스,review,원문에서 수주기업 여부를 확정하지 못함,2026-06,,,,,,False,원문·기업 IR 추가 조사,https://dart.fss.or.kr/dsaf001/main.do?rcpNo=20260814004065
012450,한화에어로스페이스,confirmed,정기보고서·공식 IR 수주 수치 확인,2026-06,회사 공시 합계,억원,1149182.38,,-2.716703938569398,False,신규수주 직접값 미확보: 원문표·그림·기업 IR 추가 조사 필요,https://dart.fss.or.kr/dsaf001/main.do?rcpNo=20260814003198
012610,경인양행,review,원문에서 수주기업 여부를 확정하지 못함,2026-06,,,,,,False,원문·기업 IR 추가 조사,https://dart.fss.or.kr/dsaf001/main.do?rcpNo=20260814000397
012750,에스원,confirmed,단일판매·공급계약 공시 확인 (전체 수주량은 별도 조사),2026-06,,,,,,False,원문·기업 IR 추가 조사,https://dart.fss.or.kr/dsaf001/main.do?rcpNo=20260929800544
012800,대창,review,원문에서 수주기업 여부를 확정하지 못함,2026-06,,,,,,False,원문·기업 IR 추가 조사,https://dart.fss.or.kr/dsaf001/main.do?rcpNo=20260814000652
012860,모베이스전자,review,원문에서 수주기업 여부를 확정하지 못함,2026-06,,,,,,False,원문·기업 IR 추가 조사,https://dart.fss.or.kr/dsaf001/main.do?rcpNo=20260813000525
013030,하이록코리아,review,원문에서 수주기업 여부를 확정하지 못함,2026-06,,,,,,False,원문·기업 IR 추가 조사,https://dart.fss.or.kr/dsaf001/main.do?rcpNo=20260814002225
013120,동원개발,confirmed,정기보고서·공식 IR 수주 수치 확인,2026-06,회사 공시 합계,억원,22746.8,,9.25078479514636,False,신규수주 직접값 미확보: 원문표·그림·기업 IR 추가 조사 필요,https://dart.fss.or.kr/dsaf001/main.do?rcpNo=20260814001366
013310,아진산업,review,원문에서 수주기업 여부를 확정하지 못함,2026-06,,,,,,False,원문·기업 IR 추가 조사,https://dart.fss.or.kr/dsaf001/main.do?rcpNo=20260814002944
013520,화승코퍼레이션,confirmed,원문 수주표: 수주잔고,2026-06,,,,,,False,원문·기업 IR 추가 조사,https://dart.fss.or.kr/dsaf001/main.do?rcpNo=20260814003275
013580,계룡건설산업,confirmed,정기보고서·공식 IR 수주 수치 확인,2026-06,[지배회사 현황]■ 계룡건설산업㈜ / 회사 공시 합계,억원,137987.4,,3.531403491817864,False,신규수주 직접값 미확보: 원문표·그림·기업 IR 추가 조사 필요,https://dart.fss.or.kr/dsaf001/main.do?rcpNo=20260814002364
013700,까뮤이앤씨,confirmed,정기보고서·공식 IR 수주 수치 확인,2026-06,[까뮤이앤씨] / 회사 공시 합계,억원,3741.8,,-2.1590484184323078,False,신규수주 직접값 미확보: 원문표·그림·기업 IR 추가 조사 필요,https://dart.fss.or.kr/dsaf001/main.do?rcpNo=20260814002074
013890,지누스,review,원문에서 수주기업 여부를 확정하지 못함,2026-06,,,,,,False,원문·기업 IR 추가 조사,https://dart.fss.or.kr/dsaf001/main.do?rcpNo=20260813001752
013990,아가방컴퍼니,review,원문에서 수주기업 여부를 확정하지 못함,2026-06,,,,,,False,원문·기업 IR 추가 조사,https://dart.fss.or.kr/dsaf001/main.do?rcpNo=20260814002469
014280,금강공업,confirmed,정기보고서·공식 IR 수주 수치 확인,2026-06,회사 공시 합계,억원,371.68,,-0.46596325852926723,False,신규수주 직접값 미확보: 원문표·그림·기업 IR 추가 조사 필요,https://dart.fss.or.kr/dsaf001/main.do?rcpNo=20260814000814
014530,극동유화,review,원문에서 수주기업 여부를 확정하지 못함,2026-06,,,,,,False,원문·기업 IR 추가 조사,https://dart.fss.or.kr/dsaf001/main.do?rcpNo=20260814001776
014580,태경비케이,review,원문에서 수주기업 여부를 확정하지 못함,2026-06,,,,,,False,원문·기업 IR 추가 조사,https://dart.fss.or.kr/dsaf001/main.do?rcpNo=20260813001724
014620,성광벤드,review,원문에서 수주기업 여부를 확정하지 못함,2026-06,,,,,,False,원문·기업 IR 추가 조사,https://dart.fss.or.kr/dsaf001/main.do?rcpNo=20260814002129
014680,한솔케미칼,review,원문에서 수주기업 여부를 확정하지 못함,2026-06,,,,,,False,원문·기업 IR 추가 조사,https://dart.fss.or.kr/dsaf001/main.do?rcpNo=20260813001414
014710,사조씨푸드,review,원문에서 수주기업 여부를 확정하지 못함,2026-06,,,,,,False,원문·기업 IR 추가 조사,https://dart.fss.or.kr/dsaf001/main.do?rcpNo=20260814003123
014790,HL D&I,confirmed,정기보고서·공식 IR 수주 수치 확인,2026-06,회사 공시 합계,억원,58618.81,,-2.620948416794122,False,신규수주 직접값 미확보: 원문표·그림·기업 IR 추가 조사 필요,https://dart.fss.or.kr/dsaf001/main.do?rcpNo=20260813001577
014820,동원시스템즈,review,원문에서 수주기업 여부를 확정하지 못함,2026-06,,,,,,False,원문·기업 IR 추가 조사,https://dart.fss.or.kr/dsaf001/main.do?rcpNo=20260813001261
014830,유니드,review,원문에서 수주기업 여부를 확정하지 못함,2026-06,,,,,,False,원문·기업 IR 추가 조사,https://dart.fss.or.kr/dsaf001/main.do?rcpNo=20260813001550
014940,오리엔탈정공,confirmed,정기보고서·공식 IR 수주 수치 확인,2026-06,[단위:백만원] / 회사 공시 합계,억원,2908.34,,-5.317611209500983,False,신규수주 직접값 미확보: 원문표·그림·기업 IR 추가 조사 필요,https://dart.fss.or.kr/dsaf001/main.do?rcpNo=20260814000120
015230,대창단조,confirmed,정기보고서·공식 IR 수주 수치 확인,2026-06,회사 공시 합계,억원,378.43,,4.889270766928133,False,신규수주 직접값 미확보: 원문표·그림·기업 IR 추가 조사 필요,https://dart.fss.or.kr/dsaf001/main.do?rcpNo=20260814000441
015360,INVENI,confirmed,정기보고서·공식 IR 수주 수치 확인,2026-06,회사 공시 단일행,억원,828.09,,8.405770539875368,False,최신 정기보고서 기간의 수치 미확보 / 신규수주 직접값 미확보: 원문표·그림·기업 IR 추가 조사 필요,https://dart.fss.or.kr/dsaf001/main.do?rcpNo=20240814004353
015590,DKME,confirmed,정기보고서·공식 IR 수주 수치 확인,2026-06,회사 공시 합계,억원,276,,-30.303030303030297,False,신규수주 직접값 미확보: 원문표·그림·기업 IR 추가 조사 필요,https://dart.fss.or.kr/dsaf001/main.do?rcpNo=20261007000316
015750,성우하이텍,review,원문에서 수주기업 여부를 확정하지 못함,2026-06,,,,,,False,원문·기업 IR 추가 조사,https://dart.fss.or.kr/dsaf001/main.do?rcpNo=20260929000494
015760,한국전력공사,confirmed,정기보고서·공식 IR 수주 수치 확인,2026-06,[원자력발전부문] / 공시 공개 항목: 루마니아 삼중수소제거설비 건설 계약,억원,2388,,-0.7481296758104716,False,신규수주 직접값 미확보: 원문표·그림·기업 IR 추가 조사 필요,https://dart.fss.or.kr/dsaf001/main.do?rcpNo=20260814002198
015890,태경산업,review,원문에서 수주기업 여부를 확정하지 못함,2026-06,,,,,,False,원문·기업 IR 추가 조사,https://dart.fss.or.kr/dsaf001/main.do?rcpNo=20260814000379
016380,KG스틸,confirmed,정기보고서·공식 IR 수주 수치 확인,2026-06,[판재부문] / 회사 공시 합계,억원,89.84,,-25.856235041676978,False,신규수주 직접값 미확보: 원문표·그림·기업 IR 추가 조사 필요,https://dart.fss.or.kr/dsaf001/main.do?rcpNo=20260814004122
016450,한세예스24홀딩스,review,원문에서 수주기업 여부를 확정하지 못함,2026-06,,,,,,False,원문·기업 IR 추가 조사,https://dart.fss.or.kr/dsaf001/main.do?rcpNo=20260814004172
016580,환인제약,review,원문에서 수주기업 여부를 확정하지 못함,2026-06,,,,,,False,원문·기업 IR 추가 조사,https://dart.fss.or.kr/dsaf001/main.do?rcpNo=20260813001151
016590,신대양제지,review,원문에서 수주기업 여부를 확정하지 못함,2026-06,,,,,,False,원문·기업 IR 추가 조사,https://dart.fss.or.kr/dsaf001/main.do?rcpNo=20260814003538
016710,대성홀딩스,review,원문에서 수주기업 여부를 확정하지 못함,2026-06,,,,,,False,원문·기업 IR 추가 조사,https://dart.fss.or.kr/dsaf001/main.do?rcpNo=20260814002555
016740,두올,review,원문에서 수주기업 여부를 확정하지 못함,2026-06,,,,,,False,원문·기업 IR 추가 조사,https://dart.fss.or.kr/dsaf001/main.do?rcpNo=20260813001559
016800,퍼시스,review,원문에서 수주기업 여부를 확정하지 못함,2026-06,,,,,,False,원문·기업 IR 추가 조사,https://dart.fss.or.kr/dsaf001/main.do?rcpNo=20260814002853
017390,서울도시가스,review,원문에서 수주기업 여부를 확정하지 못함,2026-06,,,,,,False,원문·기업 IR 추가 조사,https://dart.fss.or.kr/dsaf001/main.do?rcpNo=20260814001913
017510,세명전기,confirmed,정기보고서·공식 IR 수주 수치 확인,2026-06,회사 공시 합계,억원,155.28,,-33.21577566556277,False,신규수주 직접값 미확보: 원문표·그림·기업 IR 추가 조사 필요,https://dart.fss.or.kr/dsaf001/main.do?rcpNo=20260812000276
017550,수산세보틱스,confirmed,정기보고서·공식 IR 수주 수치 확인,2026-06,회사 공시 합계,억원,128.94,,-49.785808863618655,False,신규수주 직접값 미확보: 원문표·그림·기업 IR 추가 조사 필요,https://dart.fss.or.kr/dsaf001/main.do?rcpNo=20260814003497
017670,SK텔레콤,review,원문에서 수주기업 여부를 확정하지 못함,2026-06,,,,,,False,원문·기업 IR 추가 조사,https://dart.fss.or.kr/dsaf001/main.do?rcpNo=20260813001728
017800,현대엘리베이터,confirmed,정기보고서·공식 IR 수주 수치 확인,2026-06,회사 공시 합계,억원,20394.36,,-8.985320716876332,False,신규수주 직접값 미확보: 원문표·그림·기업 IR 추가 조사 필요,https://dart.fss.or.kr/dsaf001/main.do?rcpNo=20260814003691
017810,풀무원,review,원문에서 수주기업 여부를 확정하지 못함,2026-06,,,,,,False,원문·기업 IR 추가 조사,https://dart.fss.or.kr/dsaf001/main.do?rcpNo=20260814001407
017860,DS단석,review,원문에서 수주기업 여부를 확정하지 못함,2026-06,,,,,,False,원문·기업 IR 추가 조사,https://dart.fss.or.kr/dsaf001/main.do?rcpNo=20260814003776
017890,한국알콜,review,원문에서 수주기업 여부를 확정하지 못함,2026-06,,,,,,False,원문·기업 IR 추가 조사,https://dart.fss.or.kr/dsaf001/main.do?rcpNo=20260813001649
017900,광전자,review,원문에서 수주기업 여부를 확정하지 못함,2026-06,,,,,,False,원문·기업 IR 추가 조사,https://dart.fss.or.kr/dsaf001/main.do?rcpNo=20260814001564
017940,E1,review,원문에서 수주기업 여부를 확정하지 못함,2026-06,,,,,,False,원문·기업 IR 추가 조사,https://dart.fss.or.kr/dsaf001/main.do?rcpNo=20260814004295
017960,한국카본,confirmed,정기보고서·공식 IR 수주 수치 확인,2026-06,내수부문 / 회사 공시 합계,백만USD,1161.108,,-3.5980887462690236,False,신규수주 직접값 미확보: 원문표·그림·기업 IR 추가 조사 필요,https://dart.fss.or.kr/dsaf001/main.do?rcpNo=20260814000604
018000,유니슨,confirmed,정기보고서·공식 IR 수주 수치 확인,2026-06,회사 공시 합계,억원,1022.91,,-2.680100468089963,False,신규수주 직접값 미확보: 원문표·그림·기업 IR 추가 조사 필요,https://dart.fss.or.kr/dsaf001/main.do?rcpNo=20260814004133
018120,진로발효,review,원문에서 수주기업 여부를 확정하지 못함,2026-06,,,,,,False,원문·기업 IR 추가 조사,https://dart.fss.or.kr/dsaf001/main.do?rcpNo=20260814003227
018250,애경산업,review,원문에서 수주기업 여부를 확정하지 못함,2026-06,,,,,,False,원문·기업 IR 추가 조사,https://dart.fss.or.kr/dsaf001/main.do?rcpNo=20260814004155
018260,삼성에스디에스,confirmed,정기보고서·공식 IR 수주 수치 확인,2026-06,회사 공시 합계,억원,15660,,10.087873462214404,False,신규수주 직접값 미확보: 원문표·그림·기업 IR 추가 조사 필요,https://dart.fss.or.kr/dsaf001/main.do?rcpNo=20260814003604
018290,브이티,confirmed,정기보고서·공식 IR 수주 수치 확인,2026-06,"[국/내외음반기획,생산,홍보,공연,매니지먼트등의사업] / 회사 공시 합계",억원,289.98,,0,False,최신 정기보고서 기간의 수치 미확보 / 신규수주 직접값 미확보: 원문표·그림·기업 IR 추가 조사 필요,https://dart.fss.or.kr/dsaf001/main.do?rcpNo=20240812001019
018310,삼목에스폼,confirmed,정기보고서·공식 IR 수주 수치 확인,2026-06,회사 공시 합계,억원,496.81,,-5.080244554833779,False,신규수주 직접값 미확보: 원문표·그림·기업 IR 추가 조사 필요,https://dart.fss.or.kr/dsaf001/main.do?rcpNo=20260814002300
018470,조일알미늄,review,원문에서 수주기업 여부를 확정하지 못함,2026-06,,,,,,False,원문·기업 IR 추가 조사,https://dart.fss.or.kr/dsaf001/main.do?rcpNo=20260814001037
018670,SK가스,review,원문에서 수주기업 여부를 확정하지 못함,2026-06,,,,,,False,원문·기업 IR 추가 조사,https://dart.fss.or.kr/dsaf001/main.do?rcpNo=20260813001641
018880,한온시스템,review,원문에서 수주기업 여부를 확정하지 못함,2026-06,,,,,,False,원문·기업 IR 추가 조사,https://dart.fss.or.kr/dsaf001/main.do?rcpNo=20260813001074
019010,베뉴지,review,원문에서 수주기업 여부를 확정하지 못함,2026-06,,,,,,False,원문·기업 IR 추가 조사,https://dart.fss.or.kr/dsaf001/main.do?rcpNo=20260928000331
019170,신풍제약,review,원문에서 수주기업 여부를 확정하지 못함,2026-06,,,,,,False,원문·기업 IR 추가 조사,https://dart.fss.or.kr/dsaf001/main.do?rcpNo=20260814003040
019180,티에이치엔,review,원문에서 수주기업 여부를 확정하지 못함,2026-06,,,,,,False,원문·기업 IR 추가 조사,https://dart.fss.or.kr/dsaf001/main.do?rcpNo=20260814002540
019210,와이지-원,review,원문에서 수주기업 여부를 확정하지 못함,2026-06,,,,,,False,원문·기업 IR 추가 조사,https://dart.fss.or.kr/dsaf001/main.do?rcpNo=20260814002362
020000,한섬,review,원문에서 수주기업 여부를 확정하지 못함,2026-06,,,,,,False,원문·기업 IR 추가 조사,https://dart.fss.or.kr/dsaf001/main.do?rcpNo=20260814003340
020120,키다리스튜디오,review,원문에서 수주기업 여부를 확정하지 못함,2026-06,,,,,,False,원문·기업 IR 추가 조사,https://dart.fss.or.kr/dsaf001/main.do?rcpNo=20260814001675
020150,롯데에너지머티리얼즈,confirmed,정기보고서·공식 IR 수주 수치 확인,2026-06,주요계약(전체 회사 아님),억원,1704.99,,-1.916804252406068,False,신규수주 직접값 미확보: 원문표·그림·기업 IR 추가 조사 필요,https://dart.fss.or.kr/dsaf001/main.do?rcpNo=20260814000373
020560,아시아나항공,confirmed,정기보고서·공식 IR 수주 수치 확인,2026-06,아시아나아이디티㈜ / 회사 공시 합계,억원,1108,,-19.12408759124088,False,신규수주 직접값 미확보: 원문표·그림·기업 IR 추가 조사 필요,https://dart.fss.or.kr/dsaf001/main.do?rcpNo=20260813001561
021240,코웨이,review,원문에서 수주기업 여부를 확정하지 못함,2026-06,,,,,,False,원문·기업 IR 추가 조사,https://dart.fss.or.kr/dsaf001/main.do?rcpNo=20260814002001
021320,KCC건설,confirmed,단일판매·공급계약 공시 확인 (전체 수주량은 별도 조사),2026-06,,,,,,False,원문·기업 IR 추가 조사,https://dart.fss.or.kr/dsaf001/main.do?rcpNo=20261008900243
021820,세원정공,review,원문에서 수주기업 여부를 확정하지 못함,2026-06,,,,,,False,원문·기업 IR 추가 조사,https://dart.fss.or.kr/dsaf001/main.do?rcpNo=20260922000499
022100,포스코DX,confirmed,정기보고서·공식 IR 수주 수치 확인,2026-06,회사 공시 합계,억원,9566.76,,-0.3667993476345388,False,신규수주 직접값 미확보: 원문표·그림·기업 IR 추가 조사 필요,https://dart.fss.or.kr/dsaf001/main.do?rcpNo=20260814000366
023160,태광,review,원문에서 수주기업 여부를 확정하지 못함,2026-06,,,,,,False,원문·기업 IR 추가 조사,https://dart.fss.or.kr/dsaf001/main.do?rcpNo=20261001000037
023410,유진기업,review,원문에서 수주기업 여부를 확정하지 못함,2026-06,,,,,,False,원문·기업 IR 추가 조사,https://dart.fss.or.kr/dsaf001/main.do?rcpNo=20260814003236
023450,동남합성,review,원문에서 수주기업 여부를 확정하지 못함,2026-06,,,,,,False,원문·기업 IR 추가 조사,https://dart.fss.or.kr/dsaf001/main.do?rcpNo=20260812000350
023530,롯데쇼핑,review,원문에서 수주기업 여부를 확정하지 못함,2026-06,,,,,,False,원문·기업 IR 추가 조사,https://dart.fss.or.kr/dsaf001/main.do?rcpNo=20260814003975
023590,다우기술,confirmed,정기보고서·공식 IR 수주 수치 확인,2026-06,회사 공시 합계,억원,98.46,,-30.977917981072565,False,신규수주 직접값 미확보: 원문표·그림·기업 IR 추가 조사 필요,https://dart.fss.or.kr/dsaf001/main.do?rcpNo=20260814003900
023600,삼보판지,review,원문에서 수주기업 여부를 확정하지 못함,2026-06,,,,,,False,원문·기업 IR 추가 조사,https://dart.fss.or.kr/dsaf001/main.do?rcpNo=20260814001549
023910,대한약품,review,원문에서 수주기업 여부를 확정하지 못함,2026-06,,,,,,False,원문·기업 IR 추가 조사,https://dart.fss.or.kr/dsaf001/main.do?rcpNo=20260814001616
024060,흥구석유,review,원문에서 수주기업 여부를 확정하지 못함,2026-06,,,,,,False,원문·기업 IR 추가 조사,https://dart.fss.or.kr/dsaf001/main.do?rcpNo=20260814000842
024090,디씨엠,review,원문에서 수주기업 여부를 확정하지 못함,2026-06,,,,,,False,원문·기업 IR 추가 조사,https://dart.fss.or.kr/dsaf001/main.do?rcpNo=20261002000275
024800,유성티엔에스,review,원문에서 수주기업 여부를 확정하지 못함,2026-06,,,,,,False,원문·기업 IR 추가 조사,https://dart.fss.or.kr/dsaf001/main.do?rcpNo=20260814003609
024840,KBI메탈,review,원문에서 수주기업 여부를 확정하지 못함,2026-06,,,,,,False,원문·기업 IR 추가 조사,https://dart.fss.or.kr/dsaf001/main.do?rcpNo=20260930000079
024850,HLB이노베이션,confirmed,정기보고서·공식 IR 수주 수치 확인,2026-06,회사 공시 합계,억원,27.36,,-42.11973767717369,False,신규수주 직접값 미확보: 원문표·그림·기업 IR 추가 조사 필요,https://dart.fss.or.kr/dsaf001/main.do?rcpNo=20260813001458
025000,KPX케미칼,review,원문에서 수주기업 여부를 확정하지 못함,2026-06,,,,,,False,원문·기업 IR 추가 조사,https://dart.fss.or.kr/dsaf001/main.do?rcpNo=20260814003139
025320,시노펙스,confirmed,정기보고서·공식 IR 수주 수치 확인,2026-06,회사 공시 합계,억원,0.32,,,False,최신 정기보고서 기간의 수치 미확보 / 신규수주 직접값 미확보: 원문표·그림·기업 IR 추가 조사 필요 / QoQ 미확보: 같은 범위·통화의 연속 분기 잔고 필요,https://dart.fss.or.kr/dsaf001/main.do?rcpNo=20250814003198
025540,한국단자공업,review,원문에서 수주기업 여부를 확정하지 못함,2026-06,,,,,,False,원문·기업 IR 추가 조사,https://dart.fss.or.kr/dsaf001/main.do?rcpNo=20260814002398
025560,미래산업,confirmed,정기보고서·공식 IR 수주 수치 확인,2026-06,회사 공시 합계,억원,7.64,,,False,최신 정기보고서 기간의 수치 미확보 / 신규수주 직접값 미확보: 원문표·그림·기업 IR 추가 조사 필요 / QoQ 미확보: 같은 범위·통화의 연속 분기 잔고 필요,https://dart.fss.or.kr/dsaf001/main.do?rcpNo=20250514001176
025620,차AI헬스케어,review,원문에서 수주기업 여부를 확정하지 못함,2026-06,,,,,,False,원문·기업 IR 추가 조사,https://dart.fss.or.kr/dsaf001/main.do?rcpNo=20260812000798
025770,한국정보통신,review,원문에서 수주기업 여부를 확정하지 못함,2026-06,,,,,,False,원문·기업 IR 추가 조사,https://dart.fss.or.kr/dsaf001/main.do?rcpNo=20260814002440
025820,이구산업,confirmed,정기보고서·공식 IR 수주 수치 확인,2026-06,회사 공시 합계,억원,569.08,,58.69935023285648,False,신규수주 직접값 미확보: 원문표·그림·기업 IR 추가 조사 필요,https://dart.fss.or.kr/dsaf001/main.do?rcpNo=20260930000239
025860,남해화학,confirmed,정기보고서·공식 IR 수주 수치 확인,2026-06,회사 공시 합계,억원,1445.08,,-32.10933315793925,False,신규수주 직접값 미확보: 원문표·그림·기업 IR 추가 조사 필요,https://dart.fss.or.kr/dsaf001/main.do?rcpNo=20260814001191
025900,동화기업,review,원문에서 수주기업 여부를 확정하지 못함,2026-06,,,,,,False,원문·기업 IR 추가 조사,https://dart.fss.or.kr/dsaf001/main.do?rcpNo=20260814003127
025980,아난티,review,원문에서 수주기업 여부를 확정하지 못함,2026-06,,,,,,False,원문·기업 IR 추가 조사,https://dart.fss.or.kr/dsaf001/main.do?rcpNo=20260814001509
026960,동서,review,원문에서 수주기업 여부를 확정하지 못함,2026-06,,,,,,False,원문·기업 IR 추가 조사,https://dart.fss.or.kr/dsaf001/main.do?rcpNo=20260813001175
027710,팜스토리,review,원문에서 수주기업 여부를 확정하지 못함,2026-06,,,,,,False,원문·기업 IR 추가 조사,https://dart.fss.or.kr/dsaf001/main.do?rcpNo=20261002000645
027970,한국제지,review,원문에서 수주기업 여부를 확정하지 못함,2026-06,,,,,,False,원문·기업 IR 추가 조사,https://dart.fss.or.kr/dsaf001/main.do?rcpNo=20260814001693
028050,삼성E&A,confirmed,정기보고서·공식 IR 수주 수치 확인,2026-06,공식 IR 전체 사업부문,억원,226756,30065,9.949233163787286,True,,https://dart.fss.or.kr/dsaf001/main.do?rcpNo=20260814003428
028100,동아지질,confirmed,정기보고서·공식 IR 수주 수치 확인,2026-06,회사 공시 합계,억원,8000.87,,0.3778816297086207,False,신규수주 직접값 미확보: 원문표·그림·기업 IR 추가 조사 필요,https://dart.fss.or.kr/dsaf001/main.do?rcpNo=20260814003080
028260,삼성물산,confirmed,정기보고서·공식 IR 수주 수치 확인,2026-06,회사 공시 합계,억원,342454.77,,7.939165709479656,False,신규수주 직접값 미확보: 원문표·그림·기업 IR 추가 조사 필요,https://dart.fss.or.kr/dsaf001/main.do?rcpNo=20260814002969
028300,HLB,confirmed,정기보고서·공식 IR 수주 수치 확인,2026-06,회사 공시 합계,억원,176.13,,10.634422110552766,False,신규수주 직접값 미확보: 원문표·그림·기업 IR 추가 조사 필요,https://dart.fss.or.kr/dsaf001/main.do?rcpNo=20260814002713
028670,팬오션,confirmed,단일판매·공급계약 공시 확인 (전체 수주량은 별도 조사),2026-06,,,,,,False,원문·기업 IR 추가 조사,https://dart.fss.or.kr/dsaf001/main.do?rcpNo=20261001800378
029460,케이씨,review,원문에서 수주기업 여부를 확정하지 못함,2026-06,,,,,,False,원문·기업 IR 추가 조사,https://dart.fss.or.kr/dsaf001/main.do?rcpNo=20260814003629
029530,신도리코,review,원문에서 수주기업 여부를 확정하지 못함,2026-06,,,,,,False,원문·기업 IR 추가 조사,https://dart.fss.or.kr/dsaf001/main.do?rcpNo=20260814001143
030000,제일기획,review,원문에서 수주기업 여부를 확정하지 못함,2026-06,,,,,,False,원문·기업 IR 추가 조사,https://dart.fss.or.kr/dsaf001/main.do?rcpNo=20260814003310
030190,NICE평가정보,confirmed,정기보고서·공식 IR 수주 수치 확인,2026-06,공시 항목 합산(표 범위),억원,243.21,,28.900784396862413,False,신규수주 직접값 미확보: 원문표·그림·기업 IR 추가 조사 필요,https://dart.fss.or.kr/dsaf001/main.do?rcpNo=20260813000967
030200,케이티,confirmed,정기보고서·공식 IR 수주 수치 확인,2026-06,[1] / 회사 공시 합계,억원,4754.58,,35.55621446858981,False,신규수주 직접값 미확보: 원문표·그림·기업 IR 추가 조사 필요,https://dart.fss.or.kr/dsaf001/main.do?rcpNo=20260814003463
030520,한컴,review,원문에서 수주기업 여부를 확정하지 못함,2026-06,,,,,,False,원문·기업 IR 추가 조사,https://dart.fss.or.kr/dsaf001/main.do?rcpNo=20260814000727
030530,원익홀딩스,confirmed,정기보고서·공식 IR 수주 수치 확인,2026-06,회사 공시 합계 / 표 품목: 반도체 장비,억원,4489.12,,0.11552340129439287,False,신규수주 직접값 미확보: 원문표·그림·기업 IR 추가 조사 필요,https://dart.fss.or.kr/dsaf001/main.do?rcpNo=20260814003849
031330,에스에이엠티,review,원문에서 수주기업 여부를 확정하지 못함,2026-06,,,,,,False,원문·기업 IR 추가 조사,https://dart.fss.or.kr/dsaf001/main.do?rcpNo=20260814002896
031430,신세계인터내셔날,review,원문에서 수주기업 여부를 확정하지 못함,2026-06,,,,,,False,원문·기업 IR 추가 조사,https://dart.fss.or.kr/dsaf001/main.do?rcpNo=20260814003714
031980,피에스케이홀딩스,review,원문에서 수주기업 여부를 확정하지 못함,2026-06,,,,,,False,원문·기업 IR 추가 조사,https://dart.fss.or.kr/dsaf001/main.do?rcpNo=20260814000743
032190,다우데이타,confirmed,정기보고서·공식 IR 수주 수치 확인,2026-06,회사 공시 합계,억원,98.46,,-30.977917981072565,False,신규수주 직접값 미확보: 원문표·그림·기업 IR 추가 조사 필요,https://dart.fss.or.kr/dsaf001/main.do?rcpNo=20260814004039
032350,롯데관광개발,review,원문에서 수주기업 여부를 확정하지 못함,2026-06,,,,,,False,원문·기업 IR 추가 조사,https://dart.fss.or.kr/dsaf001/main.do?rcpNo=20260813001149
032500,케이엠더블유,confirmed,수주 내역 비공개 명시,2026-06,,,,,,False,원문·기업 IR 추가 조사,https://dart.fss.or.kr/dsaf001/main.do?rcpNo=20260814003461
032580,피델릭스,confirmed,정기보고서·공식 IR 수주 수치 확인,2026-06,회사 공시 합계,억원,946.03,,90.47839568316351,False,신규수주 직접값 미확보: 원문표·그림·기업 IR 추가 조사 필요,https://dart.fss.or.kr/dsaf001/main.do?rcpNo=20260930000121
032620,GC메디아이,review,원문에서 수주기업 여부를 확정하지 못함,2026-06,,,,,,False,원문·기업 IR 추가 조사,https://dart.fss.or.kr/dsaf001/main.do?rcpNo=20260814001927
032640,LG유플러스,confirmed,정기보고서·공식 IR 수주 수치 확인,2026-06,회사 공시 합계,억원,701.52,,,False,최신 정기보고서 기간의 수치 미확보 / 신규수주 직접값 미확보: 원문표·그림·기업 IR 추가 조사 필요 / QoQ 미확보: 같은 범위·통화의 연속 분기 잔고 필요,https://dart.fss.or.kr/dsaf001/main.do?rcpNo=20250317000701
032820,우리기술,confirmed,정기보고서·공식 IR 수주 수치 확인,2026-06,공시 진행기준 수주계약 / 국내계약,억원,840.3,125.85000000000001,8.985499727633517,True,,https://dart.fss.or.kr/dsaf001/main.do?rcpNo=20260814003825
032940,원익,review,원문에서 수주기업 여부를 확정하지 못함,2026-06,,,,,,False,원문·기업 IR 추가 조사,https://dart.fss.or.kr/dsaf001/main.do?rcpNo=20260814002865
033100,제룡전기,confirmed,정기보고서·공식 IR 수주 수치 확인,2026-06,회사 공시 합계,억원,1415.8,,-7.615610991119148,False,신규수주 직접값 미확보: 원문표·그림·기업 IR 추가 조사 필요,https://dart.fss.or.kr/dsaf001/main.do?rcpNo=20260813001320
033160,엠케이전자,review,원문에서 수주기업 여부를 확정하지 못함,2026-06,,,,,,False,원문·기업 IR 추가 조사,https://dart.fss.or.kr/dsaf001/main.do?rcpNo=20260813000602
033240,자화전자,review,원문에서 수주기업 여부를 확정하지 못함,2026-06,,,,,,False,원문·기업 IR 추가 조사,https://dart.fss.or.kr/dsaf001/main.do?rcpNo=20261007000214
033270,유나이티드,confirmed,정기보고서·공식 IR 수주 수치 확인,2026-06,회사 공시 합계,백만USD,25.05884,,-2.8178127760159044,False,신규수주 직접값 미확보: 원문표·그림·기업 IR 추가 조사 필요,https://dart.fss.or.kr/dsaf001/main.do?rcpNo=20260814004008
033500,동성화인텍,confirmed,정기보고서·공식 IR 수주 수치 확인,2026-06,회사 공시 합계,억원,20410.85,,-1.700780196493934,False,신규수주 직접값 미확보: 원문표·그림·기업 IR 추가 조사 필요,https://dart.fss.or.kr/dsaf001/main.do?rcpNo=20260814002437
033530,SJG세종,review,원문에서 수주기업 여부를 확정하지 못함,2026-06,,,,,,False,원문·기업 IR 추가 조사,https://dart.fss.or.kr/dsaf001/main.do?rcpNo=20260814002335
033560,블루콤,review,수주기업 여부 확인 필요: 정기보고서 수주 절과 공식 IR 조사 대상,,,,,,,False,원문·기업 IR 추가 조사,
033640,네패스,review,원문에서 수주기업 여부를 확정하지 못함,2026-06,,,,,,False,원문·기업 IR 추가 조사,https://dart.fss.or.kr/dsaf001/main.do?rcpNo=20260814003718
033780,케이티앤지,review,원문에서 수주기업 여부를 확정하지 못함,2026-06,,,,,,False,원문·기업 IR 추가 조사,https://dart.fss.or.kr/dsaf001/main.do?rcpNo=20260814004174
033790,피노,review,원문에서 수주기업 여부를 확정하지 못함,2026-06,,,,,,False,원문·기업 IR 추가 조사,https://dart.fss.or.kr/dsaf001/main.do?rcpNo=20260814001415
033920,무학,review,원문에서 수주기업 여부를 확정하지 못함,2026-06,,,,,,False,원문·기업 IR 추가 조사,https://dart.fss.or.kr/dsaf001/main.do?rcpNo=20261002000381
034020,두산에너빌리티,confirmed,정기보고서·공식 IR 수주 수치 확인,2026-06,공식 IR 에너빌리티 부문,억원,263509,43368,8.676501519769374,True,,https://www.doosanenerbility.com/kr/investment/ir/down/535
034120,SBS,review,원문에서 수주기업 여부를 확정하지 못함,2026-06,,,,,,False,원문·기업 IR 추가 조사,https://dart.fss.or.kr/dsaf001/main.do?rcpNo=20260814003339
034220,LG디스플레이,review,원문에서 수주기업 여부를 확정하지 못함,2026-06,,,,,,False,원문·기업 IR 추가 조사,https://dart.fss.or.kr/dsaf001/main.do?rcpNo=20260814001005
034230,파라다이스,review,원문에서 수주기업 여부를 확정하지 못함,2026-06,,,,,,False,원문·기업 IR 추가 조사,https://dart.fss.or.kr/dsaf001/main.do?rcpNo=20260814002485
034310,NICE,confirmed,정기보고서·공식 IR 수주 수치 확인,2026-06,회사 공시 합계,억원,243.21,,28.900784396862413,False,신규수주 직접값 미확보: 원문표·그림·기업 IR 추가 조사 필요,https://dart.fss.or.kr/dsaf001/main.do?rcpNo=20260814003772
034590,인천도시가스,review,원문에서 수주기업 여부를 확정하지 못함,2026-06,,,,,,False,원문·기업 IR 추가 조사,https://dart.fss.or.kr/dsaf001/main.do?rcpNo=20260814002241
034950,한국기업평가,review,원문에서 수주기업 여부를 확정하지 못함,2026-06,,,,,,False,원문·기업 IR 추가 조사,https://dart.fss.or.kr/dsaf001/main.do?rcpNo=20260814002245
035000,HS애드,review,원문에서 수주기업 여부를 확정하지 못함,2026-06,,,,,,False,원문·기업 IR 추가 조사,https://dart.fss.or.kr/dsaf001/main.do?rcpNo=20260813001553
035080,그래디언트,review,원문에서 수주기업 여부를 확정하지 못함,2026-06,,,,,,False,원문·기업 IR 추가 조사,https://dart.fss.or.kr/dsaf001/main.do?rcpNo=20260814003188
035150,백산,confirmed,정기보고서·공식 IR 수주 수치 확인,2026-06,회사 공시 합계,억원,304.03,,-2.856503818257361,False,신규수주 직접값 미확보: 원문표·그림·기업 IR 추가 조사 필요,https://dart.fss.or.kr/dsaf001/main.do?rcpNo=20260813001166
035250,강원랜드,review,원문에서 수주기업 여부를 확정하지 못함,2026-06,,,,,,False,원문·기업 IR 추가 조사,https://dart.fss.or.kr/dsaf001/main.do?rcpNo=20260814003905
035420,NAVER,review,원문에서 수주기업 여부를 확정하지 못함,2026-06,,,,,,False,원문·기업 IR 추가 조사,https://dart.fss.or.kr/dsaf001/main.do?rcpNo=20260814002266
035510,신세계I&C,confirmed,정기보고서·공식 IR 수주 수치 확인,2026-06,회사 공시 합계,억원,1136.53,,79.51257265605255,False,신규수주 직접값 미확보: 원문표·그림·기업 IR 추가 조사 필요,https://dart.fss.or.kr/dsaf001/main.do?rcpNo=20260814003752
035600,KG이니시스,review,원문에서 수주기업 여부를 확정하지 못함,2026-06,,,,,,False,원문·기업 IR 추가 조사,https://dart.fss.or.kr/dsaf001/main.do?rcpNo=20260813001614
035610,솔본,review,원문에서 수주기업 여부를 확정하지 못함,2026-06,,,,,,False,원문·기업 IR 추가 조사,https://dart.fss.or.kr/dsaf001/main.do?rcpNo=20260814003092
035720,카카오,review,원문에서 수주기업 여부를 확정하지 못함,2026-06,,,,,,False,원문·기업 IR 추가 조사,https://dart.fss.or.kr/dsaf001/main.do?rcpNo=20260819000055
035760,CJ ENM,not_applicable,원문에서 수주사업 비해당 명시,2026-06,,,,,,False,원문·기업 IR 추가 조사,https://dart.fss.or.kr/dsaf001/main.do?rcpNo=20260814002422
035810,이지홀딩스,review,원문에서 수주기업 여부를 확정하지 못함,2026-06,,,,,,False,원문·기업 IR 추가 조사,https://dart.fss.or.kr/dsaf001/main.do?rcpNo=20260814003352
035890,서희건설,confirmed,정기보고서·공식 IR 수주 수치 확인,2026-06,회사 공시 합계,억원,18626.52,,9.632189739735297,False,신규수주 직접값 미확보: 원문표·그림·기업 IR 추가 조사 필요,https://dart.fss.or.kr/dsaf001/main.do?rcpNo=20260814002224
035900,JYP Ent.,review,원문에서 수주기업 여부를 확정하지 못함,2026-06,,,,,,False,원문·기업 IR 추가 조사,https://dart.fss.or.kr/dsaf001/main.do?rcpNo=20260814003204
036010,아비코전자,review,원문에서 수주기업 여부를 확정하지 못함,2026-06,,,,,,False,원문·기업 IR 추가 조사,https://dart.fss.or.kr/dsaf001/main.do?rcpNo=20260814000424
036030,케이티알파,review,원문에서 수주기업 여부를 확정하지 못함,2026-06,,,,,,False,원문·기업 IR 추가 조사,https://dart.fss.or.kr/dsaf001/main.do?rcpNo=20260814002293
036170,에이치엠넥스,confirmed,정기보고서·공식 IR 수주 수치 확인,2026-06,회사 공시 합계,억원,2.1,,-11.392405063291145,False,신규수주 직접값 미확보: 원문표·그림·기업 IR 추가 조사 필요,https://dart.fss.or.kr/dsaf001/main.do?rcpNo=20260814002472
036190,금화피에스시,confirmed,정기보고서·공식 IR 수주 수치 확인,2026-06,주요계약(전체 회사 아님),억원,1309.73,,-7.615856669253018,False,신규수주 직접값 미확보: 원문표·그림·기업 IR 추가 조사 필요,https://dart.fss.or.kr/dsaf001/main.do?rcpNo=20260813001555
036200,유니셈,confirmed,정기보고서·공식 IR 수주 수치 확인,2026-06,회사 공시 합계,억원,1111.73,,125.9705679092646,False,신규수주 직접값 미확보: 원문표·그림·기업 IR 추가 조사 필요,https://dart.fss.or.kr/dsaf001/main.do?rcpNo=20260814000905
036220,오상헬스케어,review,원문에서 수주기업 여부를 확정하지 못함,2026-06,,,,,,False,원문·기업 IR 추가 조사,https://dart.fss.or.kr/dsaf001/main.do?rcpNo=20260814004185
036460,한국가스공사,confirmed,정기보고서·공식 IR 수주 수치 확인,2026-06,[기타사업부문] / 회사 공시 합계,억원,8972.81,,94.2498825556751,False,신규수주 직접값 미확보: 원문표·그림·기업 IR 추가 조사 필요,https://dart.fss.or.kr/dsaf001/main.do?rcpNo=20260819000378
036540,SFA반도체,review,원문에서 수주기업 여부를 확정하지 못함,2026-06,,,,,,False,원문·기업 IR 추가 조사,https://dart.fss.or.kr/dsaf001/main.do?rcpNo=20260812000313
036560,KZ정밀,confirmed,정기보고서·공식 IR 수주 수치 확인,2026-06,회사 공시 합계,억원,425.8,,-20.515213739033044,False,신규수주 직접값 미확보: 원문표·그림·기업 IR 추가 조사 필요,https://dart.fss.or.kr/dsaf001/main.do?rcpNo=20260814001897
036570,NC,review,원문에서 수주기업 여부를 확정하지 못함,2026-06,,,,,,False,원문·기업 IR 추가 조사,https://dart.fss.or.kr/dsaf001/main.do?rcpNo=20260814003764
036580,팜스코,review,원문에서 수주기업 여부를 확정하지 못함,2026-06,,,,,,False,원문·기업 IR 추가 조사,https://dart.fss.or.kr/dsaf001/main.do?rcpNo=20260812000646
036620,감성코퍼레이션,review,원문에서 수주기업 여부를 확정하지 못함,2026-06,,,,,,False,원문·기업 IR 추가 조사,https://dart.fss.or.kr/dsaf001/main.do?rcpNo=20260814001414
036630,세종텔레콤,review,원문에서 수주기업 여부를 확정하지 못함,2026-06,,,,,,False,원문·기업 IR 추가 조사,https://dart.fss.or.kr/dsaf001/main.do?rcpNo=20260814003926
036710,심텍홀딩스,confirmed,정기보고서·공식 IR 수주 수치 확인,2026-06,[지주회사사업부문] / 회사 공시 합계,백만USD,392.355,,18.67644256508445,False,신규수주 직접값 미확보: 원문표·그림·기업 IR 추가 조사 필요,https://dart.fss.or.kr/dsaf001/main.do?rcpNo=20260814003489
036800,나이스정보통신,review,원문에서 수주기업 여부를 확정하지 못함,2026-06,,,,,,False,원문·기업 IR 추가 조사,https://dart.fss.or.kr/dsaf001/main.do?rcpNo=20260814003500
036810,에프에스티,review,원문에서 수주기업 여부를 확정하지 못함,2026-06,,,,,,False,원문·기업 IR 추가 조사,https://dart.fss.or.kr/dsaf001/main.do?rcpNo=20260814001563
036830,솔브레인홀딩스,review,원문에서 수주기업 여부를 확정하지 못함,2026-06,,,,,,False,원문·기업 IR 추가 조사,https://dart.fss.or.kr/dsaf001/main.do?rcpNo=20260814003804
036890,진성티이씨,review,원문에서 수주기업 여부를 확정하지 못함,2026-06,,,,,,False,원문·기업 IR 추가 조사,https://dart.fss.or.kr/dsaf001/main.do?rcpNo=20260814003377
036930,주성엔지니어링,confirmed,정기보고서·공식 IR 수주 수치 확인,2026-06,회사 공시 합계,억원,2336.35,,212.94034128961394,False,신규수주 직접값 미확보: 원문표·그림·기업 IR 추가 조사 필요,https://dart.fss.or.kr/dsaf001/main.do?rcpNo=20260814002613
037030,파워넷,review,원문에서 수주기업 여부를 확정하지 못함,2026-06,,,,,,False,원문·기업 IR 추가 조사,https://dart.fss.or.kr/dsaf001/main.do?rcpNo=20260814003510
037070,파세코,review,원문에서 수주기업 여부를 확정하지 못함,2026-06,,,,,,False,원문·기업 IR 추가 조사,https://dart.fss.or.kr/dsaf001/main.do?rcpNo=20260813000881
037270,YG PLUS,review,원문에서 수주기업 여부를 확정하지 못함,2026-06,,,,,,False,원문·기업 IR 추가 조사,https://dart.fss.or.kr/dsaf001/main.do?rcpNo=20260814003232
037350,성도이엔지,confirmed,정기보고서·공식 IR 수주 수치 확인,2026-06,회사 공시 합계,억원,4856.85,,-15.017978530747211,False,신규수주 직접값 미확보: 원문표·그림·기업 IR 추가 조사 필요,https://dart.fss.or.kr/dsaf001/main.do?rcpNo=20260814002171
037460,삼지전자,confirmed,정기보고서·공식 IR 수주 수치 확인,2026-06,회사 공시 합계,억원,4001.58,,,False,신규수주 직접값 미확보: 원문표·그림·기업 IR 추가 조사 필요 / QoQ 미확보: 같은 범위·통화의 연속 분기 잔고 필요,https://dart.fss.or.kr/dsaf001/main.do?rcpNo=20260814003131
037560,LG헬로비전,review,원문에서 수주기업 여부를 확정하지 못함,2026-06,,,,,,False,원문·기업 IR 추가 조사,https://dart.fss.or.kr/dsaf001/main.do?rcpNo=20260814002200
037710,광주신세계,review,원문에서 수주기업 여부를 확정하지 못함,2026-06,,,,,,False,원문·기업 IR 추가 조사,https://dart.fss.or.kr/dsaf001/main.do?rcpNo=20260814003717
038290,마크로젠,confirmed,정기보고서·공식 IR 수주 수치 확인,2026-06,회사 공시 합계,억원,149.84,,-19.71710244320617,False,신규수주 직접값 미확보: 원문표·그림·기업 IR 추가 조사 필요,https://dart.fss.or.kr/dsaf001/main.do?rcpNo=20260814003702
038390,레드캡투어,review,원문에서 수주기업 여부를 확정하지 못함,2026-06,,,,,,False,원문·기업 IR 추가 조사,https://dart.fss.or.kr/dsaf001/main.do?rcpNo=20260814000951
038500,삼표시멘트,review,원문에서 수주기업 여부를 확정하지 못함,2026-06,,,,,,False,원문·기업 IR 추가 조사,https://dart.fss.or.kr/dsaf001/main.do?rcpNo=20260814003591
038540,상상인,confirmed,정기보고서·공식 IR 수주 수치 확인,2026-06,포털 서비스 제공을 통한 고객만족 / 회사 공시 합계,억원,276.64,,-7.174015166767333,False,신규수주 직접값 미확보: 원문표·그림·기업 IR 추가 조사 필요,https://dart.fss.or.kr/dsaf001/main.do?rcpNo=20260814003913
039030,이오테크닉스,review,원문에서 수주기업 여부를 확정하지 못함,2026-06,,,,,,False,원문·기업 IR 추가 조사,https://dart.fss.or.kr/dsaf001/main.do?rcpNo=20260814001118
039130,하나투어,review,원문에서 수주기업 여부를 확정하지 못함,2026-06,,,,,,False,원문·기업 IR 추가 조사,https://dart.fss.or.kr/dsaf001/main.do?rcpNo=20260814004029
039200,오스코텍,review,원문에서 수주기업 여부를 확정하지 못함,2026-06,,,,,,False,원문·기업 IR 추가 조사,https://dart.fss.or.kr/dsaf001/main.do?rcpNo=20260814003016
039340,한국경제TV,review,원문에서 수주기업 여부를 확정하지 못함,2026-06,,,,,,False,원문·기업 IR 추가 조사,https://dart.fss.or.kr/dsaf001/main.do?rcpNo=20260814000357
039440,에스티아이,confirmed,정기보고서·공식 IR 수주 수치 확인,2026-06,회사 공시 합계,억원,2143.5,,-8.382949440723541,False,신규수주 직접값 미확보: 원문표·그림·기업 IR 추가 조사 필요,https://dart.fss.or.kr/dsaf001/main.do?rcpNo=20260814001073
039560,다산네트웍스,confirmed,수주 내역 비공개 명시,2026-06,,,,,,False,원문·기업 IR 추가 조사,https://dart.fss.or.kr/dsaf001/main.do?rcpNo=20260814002813
039570,HDC랩스,confirmed,정기보고서·공식 IR 수주 수치 확인,2026-06,회사 공시 합계,억원,4951.19,,-16.020319894160153,False,신규수주 직접값 미확보: 원문표·그림·기업 IR 추가 조사 필요,https://dart.fss.or.kr/dsaf001/main.do?rcpNo=20260814004044
039830,오로라,review,원문에서 수주기업 여부를 확정하지 못함,2026-06,,,,,,False,원문·기업 IR 추가 조사,https://dart.fss.or.kr/dsaf001/main.do?rcpNo=20260814002692
039840,디오,review,원문에서 수주기업 여부를 확정하지 못함,2026-06,,,,,,False,원문·기업 IR 추가 조사,https://dart.fss.or.kr/dsaf001/main.do?rcpNo=20260813001067
039860,나노엔텍,review,원문에서 수주기업 여부를 확정하지 못함,2026-06,,,,,,False,원문·기업 IR 추가 조사,https://dart.fss.or.kr/dsaf001/main.do?rcpNo=20260814000712
040300,YTN,review,원문에서 수주기업 여부를 확정하지 못함,2026-06,,,,,,False,원문·기업 IR 추가 조사,https://dart.fss.or.kr/dsaf001/main.do?rcpNo=20260831001488
040350,크레오에스지,review,원문에서 수주기업 여부를 확정하지 못함,2026-06,,,,,,False,원문·기업 IR 추가 조사,https://dart.fss.or.kr/dsaf001/main.do?rcpNo=20260814002256
041020,폴라리스오피스,review,원문에서 수주기업 여부를 확정하지 못함,2026-06,,,,,,False,원문·기업 IR 추가 조사,https://dart.fss.or.kr/dsaf001/main.do?rcpNo=20260814004130
041440,현대에버다임,confirmed,정기보고서·공식 IR 수주 수치 확인,2026-06,회사 공시 합계,억원,1353,,,False,신규수주 직접값 미확보: 원문표·그림·기업 IR 추가 조사 필요 / QoQ 미확보: 같은 범위·통화의 연속 분기 잔고 필요,https://dart.fss.or.kr/dsaf001/main.do?rcpNo=20260814001780
041510,에스엠,not_applicable,원문에서 수주사업 비해당 명시,2026-06,,,,,,False,원문·기업 IR 추가 조사,https://dart.fss.or.kr/dsaf001/main.do?rcpNo=20260814002930
041520,이엘씨,review,원문에서 수주기업 여부를 확정하지 못함,2026-06,,,,,,False,원문·기업 IR 추가 조사,https://dart.fss.or.kr/dsaf001/main.do?rcpNo=20260813001196
041830,인바디,review,원문에서 수주기업 여부를 확정하지 못함,2026-06,,,,,,False,원문·기업 IR 추가 조사,https://dart.fss.or.kr/dsaf001/main.do?rcpNo=20260814003648
041920,메디아나,review,원문에서 수주기업 여부를 확정하지 못함,2026-06,,,,,,False,원문·기업 IR 추가 조사,https://dart.fss.or.kr/dsaf001/main.do?rcpNo=20260814002087
041960,코미팜,confirmed,정기보고서·공식 IR 수주 수치 확인,2026-06,회사 공시 합계,억원,95.2,,-23.72406057206955,False,신규수주 직접값 미확보: 원문표·그림·기업 IR 추가 조사 필요,https://dart.fss.or.kr/dsaf001/main.do?rcpNo=20260813001159
042000,카페24,review,원문에서 수주기업 여부를 확정하지 못함,2026-06,,,,,,False,원문·기업 IR 추가 조사,https://dart.fss.or.kr/dsaf001/main.do?rcpNo=20260813001736
042420,네오위즈홀딩스,review,원문에서 수주기업 여부를 확정하지 못함,2026-06,,,,,,False,원문·기업 IR 추가 조사,https://dart.fss.or.kr/dsaf001/main.do?rcpNo=20260814003736
042500,링네트,confirmed,정기보고서·공식 IR 수주 수치 확인,2026-06,회사 공시 합계,억원,761.45,,102.9667341934108,False,신규수주 직접값 미확보: 원문표·그림·기업 IR 추가 조사 필요,https://dart.fss.or.kr/dsaf001/main.do?rcpNo=20260814000865
042510,라온시큐어,review,원문에서 수주기업 여부를 확정하지 못함,2026-06,,,,,,False,원문·기업 IR 추가 조사,https://dart.fss.or.kr/dsaf001/main.do?rcpNo=20260814002339
042520,한스바이오메드,review,원문에서 수주기업 여부를 확정하지 못함,2026-06,,,,,,False,원문·기업 IR 추가 조사,https://dart.fss.or.kr/dsaf001/main.do?rcpNo=20260813000672
042600,새로닉스,review,원문에서 수주기업 여부를 확정하지 못함,2026-06,,,,,,False,원문·기업 IR 추가 조사,https://dart.fss.or.kr/dsaf001/main.do?rcpNo=20260813000410
042660,한화오션,confirmed,정기보고서·공식 IR 수주 수치 확인,2026-06,회사 공시 합계,억원,330084.1,,-6.6885351859401805,False,신규수주 직접값 미확보: 원문표·그림·기업 IR 추가 조사 필요,https://dart.fss.or.kr/dsaf001/main.do?rcpNo=20260812000829
042700,한미반도체,confirmed,원문 수주표: 수주잔고,2026-06,,,,,,False,원문·기업 IR 추가 조사,https://dart.fss.or.kr/dsaf001/main.do?rcpNo=20260814003665
043150,바텍,review,원문에서 수주기업 여부를 확정하지 못함,2026-06,,,,,,False,원문·기업 IR 추가 조사,https://dart.fss.or.kr/dsaf001/main.do?rcpNo=20260814000680
043260,성호전자,review,원문에서 수주기업 여부를 확정하지 못함,2026-06,,,,,,False,원문·기업 IR 추가 조사,https://dart.fss.or.kr/dsaf001/main.do?rcpNo=20260814003108
043370,피에이치에이,review,원문에서 수주기업 여부를 확정하지 못함,2026-06,,,,,,False,원문·기업 IR 추가 조사,https://dart.fss.or.kr/dsaf001/main.do?rcpNo=20260814001696
044450,KSS해운,review,원문에서 수주기업 여부를 확정하지 못함,2026-06,,,,,,False,원문·기업 IR 추가 조사,https://dart.fss.or.kr/dsaf001/main.do?rcpNo=20260814000157
044490,태웅,confirmed,정기보고서·공식 IR 수주 수치 확인,2026-06,회사 공시 합계,억원,1849.56,,0.44041380433896826,False,신규수주 직접값 미확보: 원문표·그림·기업 IR 추가 조사 필요,https://dart.fss.or.kr/dsaf001/main.do?rcpNo=20260814002063
045100,한양이엔지,confirmed,정기보고서·공식 IR 수주 수치 확인,2026-06,회사 공시 합계,억원,8130.49,,18.789703759547894,False,신규수주 직접값 미확보: 원문표·그림·기업 IR 추가 조사 필요,https://dart.fss.or.kr/dsaf001/main.do?rcpNo=20260813001716
045390,대아티아이,confirmed,정기보고서·공식 IR 수주 수치 확인,2026-06,[철도사업부문] / 회사 공시 합계,억원,4285.79,,-3.428827659555289,False,신규수주 직접값 미확보: 원문표·그림·기업 IR 추가 조사 필요,https://dart.fss.or.kr/dsaf001/main.do?rcpNo=20260814004275
045970,코아시아,confirmed,수주 내역 비공개 명시,2026-06,,,,,,False,원문·기업 IR 추가 조사,https://dart.fss.or.kr/dsaf001/main.do?rcpNo=20260813001792
046120,오르비텍,confirmed,정기보고서·공식 IR 수주 수치 확인,2026-06,방사선관리 용역 등 / 회사 공시 합계,억원,333.31,,-7.938130092528661,False,신규수주 직접값 미확보: 원문표·그림·기업 IR 추가 조사 필요,https://dart.fss.or.kr/dsaf001/main.do?rcpNo=20260814002604
046440,KG파이낸셜,review,원문에서 수주기업 여부를 확정하지 못함,2026-06,,,,,,False,원문·기업 IR 추가 조사,https://dart.fss.or.kr/dsaf001/main.do?rcpNo=20260814000202
046890,서울반도체,review,원문에서 수주기업 여부를 확정하지 못함,2026-06,,,,,,False,원문·기업 IR 추가 조사,https://dart.fss.or.kr/dsaf001/main.do?rcpNo=20260814002237
046970,우리로,review,원문에서 수주기업 여부를 확정하지 못함,2026-06,,,,,,False,원문·기업 IR 추가 조사,https://dart.fss.or.kr/dsaf001/main.do?rcpNo=20260812000311
047040,대우건설,confirmed,정기보고서·공식 IR 수주 수치 확인,2026-06,공식 IR 연결 전체,억원,534019,37073,2.9132668596382416,True,,https://dart.fss.or.kr/dsaf001/main.do?rcpNo=20260814002161
047050,포스코인터내셔널,confirmed,정기보고서·공식 IR 수주 수치 확인,2026-06,회사 공시 단일행,억원,32474,,,False,신규수주 직접값 미확보: 원문표·그림·기업 IR 추가 조사 필요 / QoQ 미확보: 같은 범위·통화의 연속 분기 잔고 필요,https://dart.fss.or.kr/dsaf001/main.do?rcpNo=20260814001968
047310,파워로직스,review,원문에서 수주기업 여부를 확정하지 못함,2026-06,,,,,,False,원문·기업 IR 추가 조사,https://dart.fss.or.kr/dsaf001/main.do?rcpNo=20260814000125
047770,코데즈컴바인,review,원문에서 수주기업 여부를 확정하지 못함,2026-06,,,,,,False,원문·기업 IR 추가 조사,https://dart.fss.or.kr/dsaf001/main.do?rcpNo=20260813001141
047810,한국항공우주,confirmed,정기보고서·공식 IR 수주 수치 확인,2026-06,회사 공시 합계,억원,821.49,,,False,최신 정기보고서 기간의 수치 미확보 / 신규수주 직접값 미확보: 원문표·그림·기업 IR 추가 조사 필요 / QoQ 미확보: 같은 범위·통화의 연속 분기 잔고 필요,https://dart.fss.or.kr/dsaf001/main.do?rcpNo=20251114002303
047920,HLB제약,review,원문에서 수주기업 여부를 확정하지 못함,2026-06,,,,,,False,원문·기업 IR 추가 조사,https://dart.fss.or.kr/dsaf001/main.do?rcpNo=20260813001328
048410,현대바이오,review,원문에서 수주기업 여부를 확정하지 못함,2026-06,,,,,,False,원문·기업 IR 추가 조사,https://dart.fss.or.kr/dsaf001/main.do?rcpNo=20261002000649
048550,SM C&C,review,원문에서 수주기업 여부를 확정하지 못함,2026-06,,,,,,False,원문·기업 IR 추가 조사,https://dart.fss.or.kr/dsaf001/main.do?rcpNo=20260814002532
048870,시너지이노베이션,confirmed,정기보고서·공식 IR 수주 수치 확인,2026-06,회사 공시 합계,억원,55.19,,,False,신규수주 직접값 미확보: 원문표·그림·기업 IR 추가 조사 필요 / QoQ 미확보: 같은 범위·통화의 연속 분기 잔고 필요,https://dart.fss.or.kr/dsaf001/main.do?rcpNo=20260814002643
048910,대원미디어,review,수주기업 여부 확인 필요: 정기보고서 수주 절과 공식 IR 조사 대상,,,,,,,False,원문·기업 IR 추가 조사,
049070,인탑스,review,원문에서 수주기업 여부를 확정하지 못함,2026-06,,,,,,False,원문·기업 IR 추가 조사,https://dart.fss.or.kr/dsaf001/main.do?rcpNo=20260814000607
049430,코메론,confirmed,정기보고서·공식 IR 수주 수치 확인,2026-06,회사 공시 합계,억원,131.95,,,False,신규수주 직접값 미확보: 원문표·그림·기업 IR 추가 조사 필요 / QoQ 미확보: 같은 범위·통화의 연속 분기 잔고 필요,https://dart.fss.or.kr/dsaf001/main.do?rcpNo=20260814002193
049520,유아이엘,review,원문에서 수주기업 여부를 확정하지 못함,2026-06,,,,,,False,원문·기업 IR 추가 조사,https://dart.fss.or.kr/dsaf001/main.do?rcpNo=20260814002099
049630,재영솔루텍,confirmed,정기보고서·공식 IR 수주 수치 확인,2026-06,회사 공시 단일행,억원,23.56,,-19.12118091314796,False,최신 정기보고서 기간의 수치 미확보 / 신규수주 직접값 미확보: 원문표·그림·기업 IR 추가 조사 필요,https://dart.fss.or.kr/dsaf001/main.do?rcpNo=20241114001331
049720,고려신용정보,review,원문에서 수주기업 여부를 확정하지 못함,2026-06,,,,,,False,원문·기업 IR 추가 조사,https://dart.fss.or.kr/dsaf001/main.do?rcpNo=20260814004016
049950,미래컴퍼니,confirmed,정기보고서·공식 IR 수주 수치 확인,2026-06,회사 공시 합계,억원,388.27,,-11.473129802321068,False,신규수주 직접값 미확보: 원문표·그림·기업 IR 추가 조사 필요,https://dart.fss.or.kr/dsaf001/main.do?rcpNo=20260813000068
049960,쎌바이오텍,review,원문에서 수주기업 여부를 확정하지 못함,2026-06,,,,,,False,원문·기업 IR 추가 조사,https://dart.fss.or.kr/dsaf001/main.do?rcpNo=20260814001722
050890,쏠리드,review,원문에서 수주기업 여부를 확정하지 못함,2026-06,,,,,,False,원문·기업 IR 추가 조사,https://dart.fss.or.kr/dsaf001/main.do?rcpNo=20260814002743
051160,지어소프트,confirmed,정기보고서·공식 IR 수주 수치 확인,2026-06,회사 공시 합계,억원,71.8,,62.2232263895165,False,신규수주 직접값 미확보: 원문표·그림·기업 IR 추가 조사 필요,https://dart.fss.or.kr/dsaf001/main.do?rcpNo=20260813000721
051360,토비스,review,원문에서 수주기업 여부를 확정하지 못함,2026-06,,,,,,False,원문·기업 IR 추가 조사,https://dart.fss.or.kr/dsaf001/main.do?rcpNo=20260814000716
051370,인터플렉스,confirmed,정기보고서·공식 IR 수주 수치 확인,2026-06,회사 공시 합계,억원,99.76,,-4.205876704436329,False,신규수주 직접값 미확보: 원문표·그림·기업 IR 추가 조사 필요,https://dart.fss.or.kr/dsaf001/main.do?rcpNo=20260814002519
051500,CJ프레시웨이,review,원문에서 수주기업 여부를 확정하지 못함,2026-06,,,,,,False,원문·기업 IR 추가 조사,https://dart.fss.or.kr/dsaf001/main.do?rcpNo=20260814002648
051600,한전KPS,confirmed,정기보고서·공식 IR 수주 수치 확인,2026-06,공시 항목 합산(표 범위),억원,26350.45,,-5.307674726816403,False,신규수주 직접값 미확보: 원문표·그림·기업 IR 추가 조사 필요,https://dart.fss.or.kr/dsaf001/main.do?rcpNo=20260814001938
051900,LG생활건강,review,원문에서 수주기업 여부를 확정하지 못함,2026-06,,,,,,False,원문·기업 IR 추가 조사,https://dart.fss.or.kr/dsaf001/main.do?rcpNo=20260814002412
051910,LG화학,review,원문에서 수주기업 여부를 확정하지 못함,2026-06,,,,,,False,원문·기업 IR 추가 조사,https://dart.fss.or.kr/dsaf001/main.do?rcpNo=20260814002655
051980,중앙첨단소재,review,원문에서 수주기업 여부를 확정하지 못함,2026-06,,,,,,False,원문·기업 IR 추가 조사,https://dart.fss.or.kr/dsaf001/main.do?rcpNo=20260814002210
052020,에스티큐브,review,원문에서 수주기업 여부를 확정하지 못함,2026-06,,,,,,False,원문·기업 IR 추가 조사,https://dart.fss.or.kr/dsaf001/main.do?rcpNo=20260814003811
052260,현대바이오랜드,review,원문에서 수주기업 여부를 확정하지 못함,2026-06,,,,,,False,원문·기업 IR 추가 조사,https://dart.fss.or.kr/dsaf001/main.do?rcpNo=20260814001014
052330,코텍,review,원문에서 수주기업 여부를 확정하지 못함,2026-06,,,,,,False,원문·기업 IR 추가 조사,https://dart.fss.or.kr/dsaf001/main.do?rcpNo=20260814000508
052400,코나아이,review,원문에서 수주기업 여부를 확정하지 못함,2026-06,,,,,,False,원문·기업 IR 추가 조사,https://dart.fss.or.kr/dsaf001/main.do?rcpNo=20260813000976
052420,오성첨단소재,review,원문에서 수주기업 여부를 확정하지 못함,2026-06,,,,,,False,원문·기업 IR 추가 조사,https://dart.fss.or.kr/dsaf001/main.do?rcpNo=20260814004075
052460,아이크래프트,confirmed,정기보고서·공식 IR 수주 수치 확인,2026-06,회사 공시 합계,억원,698.33,,162.2737174190641,False,신규수주 직접값 미확보: 원문표·그림·기업 IR 추가 조사 필요,https://dart.fss.or.kr/dsaf001/main.do?rcpNo=20260814003356
052690,한전기술,review,원문에서 수주기업 여부를 확정하지 못함,2026-06,,,,,,False,원문·기업 IR 추가 조사,https://dart.fss.or.kr/dsaf001/main.do?rcpNo=20260814001293
052710,아모텍,review,원문에서 수주기업 여부를 확정하지 못함,2026-06,,,,,,False,원문·기업 IR 추가 조사,https://dart.fss.or.kr/dsaf001/main.do?rcpNo=20260814002657
052860,아이앤씨,review,원문에서 수주기업 여부를 확정하지 못함,2026-06,,,,,,False,원문·기업 IR 추가 조사,https://dart.fss.or.kr/dsaf001/main.do?rcpNo=20260814003321
053030,바이넥스,confirmed,정기보고서·공식 IR 수주 수치 확인,2026-06,회사 공시 합계,억원,511.31,,-5.683243562310924,False,신규수주 직접값 미확보: 원문표·그림·기업 IR 추가 조사 필요,https://dart.fss.or.kr/dsaf001/main.do?rcpNo=20260814003304
053080,케이엔솔,confirmed,정기보고서·공식 IR 수주 수치 확인,2026-06,회사 공시 합계,억원,3724.85,,-8.35875608916007,False,신규수주 직접값 미확보: 원문표·그림·기업 IR 추가 조사 필요,https://dart.fss.or.kr/dsaf001/main.do?rcpNo=20260814003241
053210,케이티스카이라이프,review,원문에서 수주기업 여부를 확정하지 못함,2026-06,,,,,,False,원문·기업 IR 추가 조사,https://dart.fss.or.kr/dsaf001/main.do?rcpNo=20260814001849
053260,금강철강,review,원문에서 수주기업 여부를 확정하지 못함,2026-06,,,,,,False,원문·기업 IR 추가 조사,https://dart.fss.or.kr/dsaf001/main.do?rcpNo=20260814002381
053300,한국정보인증,confirmed,정기보고서·공식 IR 수주 수치 확인,2026-06,인증사업 / 회사 공시 단일행,억원,0.82,,-87.5,False,최신 정기보고서 기간의 수치 미확보 / 신규수주 직접값 미확보: 원문표·그림·기업 IR 추가 조사 필요,https://dart.fss.or.kr/dsaf001/main.do?rcpNo=20250813001197
053350,이니텍,confirmed,정기보고서·공식 IR 수주 수치 확인,2026-06,회사 공시 합계,억원,69,,-11.481719050673512,False,신규수주 직접값 미확보: 원문표·그림·기업 IR 추가 조사 필요,https://dart.fss.or.kr/dsaf001/main.do?rcpNo=20260814003743
053610,프로텍,review,원문에서 수주기업 여부를 확정하지 못함,2026-06,,,,,,False,원문·기업 IR 추가 조사,https://dart.fss.or.kr/dsaf001/main.do?rcpNo=20260814000560
053690,한미글로벌,confirmed,정기보고서·공식 IR 수주 수치 확인,2026-06,회사 공시 합계,억원,4296.29,,9.167299790878424,False,신규수주 직접값 미확보: 원문표·그림·기업 IR 추가 조사 필요,https://dart.fss.or.kr/dsaf001/main.do?rcpNo=20260828001797
053700,삼보모터스,review,원문에서 수주기업 여부를 확정하지 못함,2026-06,,,,,,False,원문·기업 IR 추가 조사,https://dart.fss.or.kr/dsaf001/main.do?rcpNo=20260814003733
053800,안랩,confirmed,수주 금액 직접 기재,2026-06,,,,,,False,원문·기업 IR 추가 조사,https://dart.fss.or.kr/dsaf001/main.do?rcpNo=20260813000644
054050,NH농우바이오,review,원문에서 수주기업 여부를 확정하지 못함,2026-06,,,,,,False,원문·기업 IR 추가 조사,https://dart.fss.or.kr/dsaf001/main.do?rcpNo=20260814001628
054210,이랜텍,review,원문에서 수주기업 여부를 확정하지 못함,2026-06,,,,,,False,원문·기업 IR 추가 조사,https://dart.fss.or.kr/dsaf001/main.do?rcpNo=20261007000338
054450,텔레칩스,review,원문에서 수주기업 여부를 확정하지 못함,2026-06,,,,,,False,원문·기업 IR 추가 조사,https://dart.fss.or.kr/dsaf001/main.do?rcpNo=20260814001756
054800,아이디스홀딩스,review,원문에서 수주기업 여부를 확정하지 못함,2026-06,,,,,,False,원문·기업 IR 추가 조사,https://dart.fss.or.kr/dsaf001/main.do?rcpNo=20260814001725
054920,한컴위드,review,원문에서 수주기업 여부를 확정하지 못함,2026-06,,,,,,False,원문·기업 IR 추가 조사,https://dart.fss.or.kr/dsaf001/main.do?rcpNo=20260814003170
054950,제이브이엠,review,원문에서 수주기업 여부를 확정하지 못함,2026-06,,,,,,False,원문·기업 IR 추가 조사,https://dart.fss.or.kr/dsaf001/main.do?rcpNo=20260814003335
056080,유진로봇,review,원문에서 수주기업 여부를 확정하지 못함,2026-06,,,,,,False,원문·기업 IR 추가 조사,https://dart.fss.or.kr/dsaf001/main.do?rcpNo=20260814003789
056090,시지메드텍,review,원문에서 수주기업 여부를 확정하지 못함,2026-06,,,,,,False,원문·기업 IR 추가 조사,https://dart.fss.or.kr/dsaf001/main.do?rcpNo=20260814002167
056190,SFA,confirmed,정기보고서·공식 IR 수주 수치 확인,2026-06,회사 공시 합계,억원,9874.99,2247.1,2.2874077081796784,True,,https://dart.fss.or.kr/dsaf001/main.do?rcpNo=20260812000465
058430,포스코스틸리온,review,원문에서 수주기업 여부를 확정하지 못함,2026-06,,,,,,False,원문·기업 IR 추가 조사,https://dart.fss.or.kr/dsaf001/main.do?rcpNo=20260813001220
058470,리노공업,review,원문에서 수주기업 여부를 확정하지 못함,2026-06,,,,,,False,원문·기업 IR 추가 조사,https://dart.fss.or.kr/dsaf001/main.do?rcpNo=20260814000445
058610,에스피지,review,원문에서 수주기업 여부를 확정하지 못함,2026-06,,,,,,False,원문·기업 IR 추가 조사,https://dart.fss.or.kr/dsaf001/main.do?rcpNo=20260814002388
058650,세아홀딩스,review,원문에서 수주기업 여부를 확정하지 못함,2026-06,,,,,,False,원문·기업 IR 추가 조사,https://dart.fss.or.kr/dsaf001/main.do?rcpNo=20260814003711
058970,엠로,confirmed,정기보고서·공식 IR 수주 수치 확인,2026-06,회사 공시 합계,억원,785.45,,-0.7054094029303459,False,신규수주 직접값 미확보: 원문표·그림·기업 IR 추가 조사 필요,https://dart.fss.or.kr/dsaf001/main.do?rcpNo=20260828001423
059090,미코,confirmed,정기보고서·공식 IR 수주 수치 확인,2026-06,회사 공시 단일행,억원,7393.83,,-3.148467617389661,False,신규수주 직접값 미확보: 원문표·그림·기업 IR 추가 조사 필요,https://dart.fss.or.kr/dsaf001/main.do?rcpNo=20260814003616
059120,아진엑스텍,review,원문에서 수주기업 여부를 확정하지 못함,2026-06,,,,,,False,원문·기업 IR 추가 조사,https://dart.fss.or.kr/dsaf001/main.do?rcpNo=20260813000443
059210,메타바이오메드,confirmed,정기보고서·공식 IR 수주 수치 확인,2026-06,공시 항목 합산(표 범위),억원,176.46,,,False,최신 정기보고서 기간의 수치 미확보 / 신규수주 직접값 미확보: 원문표·그림·기업 IR 추가 조사 필요 / QoQ 미확보: 같은 범위·통화의 연속 분기 잔고 필요,https://dart.fss.or.kr/dsaf001/main.do?rcpNo=20251114001215
060150,인선이엔티,review,원문에서 수주기업 여부를 확정하지 못함,2026-06,,,,,,False,원문·기업 IR 추가 조사,https://dart.fss.or.kr/dsaf001/main.do?rcpNo=20260812000875
060280,큐렉소,review,원문에서 수주기업 여부를 확정하지 못함,2026-06,,,,,,False,원문·기업 IR 추가 조사,https://dart.fss.or.kr/dsaf001/main.do?rcpNo=20260813001022
060370,LS마린솔루션,confirmed,정기보고서·공식 IR 수주 수치 확인,2026-06,회사 공시 합계,억원,6646,,-7.087935132112399,False,신규수주 직접값 미확보: 원문표·그림·기업 IR 추가 조사 필요,https://dart.fss.or.kr/dsaf001/main.do?rcpNo=20260814001451
060720,KH바텍,review,원문에서 수주기업 여부를 확정하지 못함,2026-06,,,,,,False,원문·기업 IR 추가 조사,https://dart.fss.or.kr/dsaf001/main.do?rcpNo=20260930000792
061970,LB세미콘,review,원문에서 수주기업 여부를 확정하지 못함,2026-06,,,,,,False,원문·기업 IR 추가 조사,https://dart.fss.or.kr/dsaf001/main.do?rcpNo=20260814002061
062040,산일전기,confirmed,정기보고서·공식 IR 수주 수치 확인,2026-06,회사 공시 단일행,억원,5567.88,,16.619470509383394,False,신규수주 직접값 미확보: 원문표·그림·기업 IR 추가 조사 필요,https://dart.fss.or.kr/dsaf001/main.do?rcpNo=20260814003544
062970,한국첨단소재,confirmed,정기보고서·공식 IR 수주 수치 확인,2026-06,라.수주현황 / 회사 공시 합계,억원,2.43,,,False,신규수주 직접값 미확보: 원문표·그림·기업 IR 추가 조사 필요 / QoQ 미확보: 같은 범위·통화의 연속 분기 잔고 필요,https://dart.fss.or.kr/dsaf001/main.do?rcpNo=20260814003725
063170,서울옥션,review,원문에서 수주기업 여부를 확정하지 못함,2026-06,,,,,,False,원문·기업 IR 추가 조사,https://dart.fss.or.kr/dsaf001/main.do?rcpNo=20260813001323
063570,NICE인프라,review,원문에서 수주기업 여부를 확정하지 못함,2026-06,,,,,,False,원문·기업 IR 추가 조사,https://dart.fss.or.kr/dsaf001/main.do?rcpNo=20260814002987
064260,다날,review,원문에서 수주기업 여부를 확정하지 못함,2026-06,,,,,,False,원문·기업 IR 추가 조사,https://dart.fss.or.kr/dsaf001/main.do?rcpNo=20260814002403
064290,인텍플러스,confirmed,정기보고서·공식 IR 수주 수치 확인,2026-06,회사 공시 합계,억원,1261.69,,106.95656452988649,False,신규수주 직접값 미확보: 원문표·그림·기업 IR 추가 조사 필요,https://dart.fss.or.kr/dsaf001/main.do?rcpNo=20260814002497
064350,현대로템,confirmed,정기보고서·공식 IR 수주 수치 확인,2026-06,주요계약(전체 회사 아님),억원,127711.9,,7.628942122093263,False,신규수주 직접값 미확보: 원문표·그림·기업 IR 추가 조사 필요,https://dart.fss.or.kr/dsaf001/main.do?rcpNo=20260814002977
064400,LG씨엔에스,confirmed,정기보고서·공식 IR 수주 수치 확인,2026-06,회사 공시 합계,억원,53472.95,,31.538203627223528,False,신규수주 직접값 미확보: 원문표·그림·기업 IR 추가 조사 필요,https://dart.fss.or.kr/dsaf001/main.do?rcpNo=20260814002448
064550,바이오니아,review,원문에서 수주기업 여부를 확정하지 못함,2026-06,,,,,,False,원문·기업 IR 추가 조사,https://dart.fss.or.kr/dsaf001/main.do?rcpNo=20260814004190
064760,티씨케이,confirmed,정기보고서·공식 IR 수주 수치 확인,2026-06,회사 공시 합계,억원,1993.7,,104.7340316286712,False,신규수주 직접값 미확보: 원문표·그림·기업 IR 추가 조사 필요,https://dart.fss.or.kr/dsaf001/main.do?rcpNo=20260814001689
064820,케이프,confirmed,정기보고서·공식 IR 수주 수치 확인,2026-06,회사 공시 합계,억원,453.76,,1.7535991388976102,False,신규수주 직접값 미확보: 원문표·그림·기업 IR 추가 조사 필요,https://dart.fss.or.kr/dsaf001/main.do?rcpNo=20260814001483
064850,에프앤가이드,review,원문에서 수주기업 여부를 확정하지 못함,2026-06,,,,,,False,원문·기업 IR 추가 조사,https://dart.fss.or.kr/dsaf001/main.do?rcpNo=20260810000311
064960,SNT모티브,review,원문에서 수주기업 여부를 확정하지 못함,2026-06,,,,,,False,원문·기업 IR 추가 조사,https://dart.fss.or.kr/dsaf001/main.do?rcpNo=20260818000153
065350,신성델타테크,review,원문에서 수주기업 여부를 확정하지 못함,2026-06,,,,,,False,원문·기업 IR 추가 조사,https://dart.fss.or.kr/dsaf001/main.do?rcpNo=20260814002046
065660,안트로젠,review,원문에서 수주기업 여부를 확정하지 못함,2026-06,,,,,,False,원문·기업 IR 추가 조사,https://dart.fss.or.kr/dsaf001/main.do?rcpNo=20260814000201
065680,우주일렉트로,review,원문에서 수주기업 여부를 확정하지 못함,2026-06,,,,,,False,원문·기업 IR 추가 조사,https://dart.fss.or.kr/dsaf001/main.do?rcpNo=20260814001839
065710,서호전기,confirmed,정기보고서·공식 IR 수주 수치 확인,2026-06,회사 공시 합계,억원,1542.14,,119.89419800088407,False,신규수주 직접값 미확보: 원문표·그림·기업 IR 추가 조사 필요,https://dart.fss.or.kr/dsaf001/main.do?rcpNo=20260814000574
066570,LG전자,review,원문에서 수주기업 여부를 확정하지 못함,2026-06,,,,,,False,원문·기업 IR 추가 조사,https://dart.fss.or.kr/dsaf001/main.do?rcpNo=20260814001997
066590,스모트로닉,review,원문에서 수주기업 여부를 확정하지 못함,2026-06,,,,,,False,원문·기업 IR 추가 조사,https://dart.fss.or.kr/dsaf001/main.do?rcpNo=20260814001740
066620,국보디자인,review,원문에서 수주기업 여부를 확정하지 못함,2026-06,,,,,,False,원문·기업 IR 추가 조사,https://dart.fss.or.kr/dsaf001/main.do?rcpNo=20260814002471
066970,엘앤에프,confirmed,정기보고서·공식 IR 수주 수치 확인,2026-06,회사 공시 합계,억원,233546.55,,-0.4374592423816104,False,신규수주 직접값 미확보: 원문표·그림·기업 IR 추가 조사 필요,https://dart.fss.or.kr/dsaf001/main.do?rcpNo=20260814000995
067080,대화제약,confirmed,단일판매·공급계약 공시 확인 (전체 수주량은 별도 조사),2026-06,,,,,,False,원문·기업 IR 추가 조사,https://dart.fss.or.kr/dsaf001/main.do?rcpNo=20260918900398
067160,SOOP,review,원문에서 수주기업 여부를 확정하지 못함,2026-06,,,,,,False,원문·기업 IR 추가 조사,https://dart.fss.or.kr/dsaf001/main.do?rcpNo=20260814003875
067280,멀티캠퍼스,confirmed,정기보고서·공식 IR 수주 수치 확인,2026-06,회사 공시 합계,억원,267.19,,-40.032767752940124,False,신규수주 직접값 미확보: 원문표·그림·기업 IR 추가 조사 필요,https://dart.fss.or.kr/dsaf001/main.do?rcpNo=20260814003903
067290,JW신약,review,원문에서 수주기업 여부를 확정하지 못함,2026-06,,,,,,False,원문·기업 IR 추가 조사,https://dart.fss.or.kr/dsaf001/main.do?rcpNo=20260814002545
067310,하나마이크론,review,원문에서 수주기업 여부를 확정하지 못함,2026-06,,,,,,False,원문·기업 IR 추가 조사,https://dart.fss.or.kr/dsaf001/main.do?rcpNo=20260814003753
067390,아스트,confirmed,정기보고서·공식 IR 수주 수치 확인,2026-06,회사 공시 합계,백만USD,2611.95321586,,-1.3042155385717957,False,신규수주 직접값 미확보: 원문표·그림·기업 IR 추가 조사 필요,https://dart.fss.or.kr/dsaf001/main.do?rcpNo=20260813001368
067630,HLB생명과학,review,원문에서 수주기업 여부를 확정하지 못함,2026-06,,,,,,False,원문·기업 IR 추가 조사,https://dart.fss.or.kr/dsaf001/main.do?rcpNo=20260813001586
067830,세이브존I&C,review,원문에서 수주기업 여부를 확정하지 못함,2026-06,,,,,,False,원문·기업 IR 추가 조사,https://dart.fss.or.kr/dsaf001/main.do?rcpNo=20260814003555
067900,와이엔텍,review,원문에서 수주기업 여부를 확정하지 못함,2026-06,,,,,,False,원문·기업 IR 추가 조사,https://dart.fss.or.kr/dsaf001/main.do?rcpNo=20260814002580
067990,도이치모터스,review,원문에서 수주기업 여부를 확정하지 못함,2026-06,,,,,,False,원문·기업 IR 추가 조사,https://dart.fss.or.kr/dsaf001/main.do?rcpNo=20260814002841
068270,셀트리온,review,원문에서 수주기업 여부를 확정하지 못함,2026-06,,,,,,False,원문·기업 IR 추가 조사,https://dart.fss.or.kr/dsaf001/main.do?rcpNo=20260814003751
068760,셀트리온제약,review,원문에서 수주기업 여부를 확정하지 못함,2026-06,,,,,,False,원문·기업 IR 추가 조사,https://dart.fss.or.kr/dsaf001/main.do?rcpNo=20260814003577
068790,DMS,confirmed,정기보고서·공식 IR 수주 수치 확인,2026-06,주요계약(전체 회사 아님),억원,7.13,,,False,최신 정기보고서 기간의 수치 미확보 / 신규수주 직접값 미확보: 원문표·그림·기업 IR 추가 조사 필요 / QoQ 미확보: 같은 범위·통화의 연속 분기 잔고 필요,https://dart.fss.or.kr/dsaf001/main.do?rcpNo=20241108000179
068930,디지털대성,review,원문에서 수주기업 여부를 확정하지 못함,2026-06,,,,,,False,원문·기업 IR 추가 조사,https://dart.fss.or.kr/dsaf001/main.do?rcpNo=20260814001759
069080,웹젠,review,원문에서 수주기업 여부를 확정하지 못함,2026-06,,,,,,False,원문·기업 IR 추가 조사,https://dart.fss.or.kr/dsaf001/main.do?rcpNo=20260813001462
069260,티케이지휴켐스,confirmed,단일판매·공급계약 공시 확인 (전체 수주량은 별도 조사),2026-06,,,,,,False,원문·기업 IR 추가 조사,https://dart.fss.or.kr/dsaf001/main.do?rcpNo=20260929800628
069510,에스텍,confirmed,정기보고서·공식 IR 수주 수치 확인,2026-06,회사 공시 합계,억원,1171.44,,5.693198837901736,False,신규수주 직접값 미확보: 원문표·그림·기업 IR 추가 조사 필요,https://dart.fss.or.kr/dsaf001/main.do?rcpNo=20260814004263
069540,빛과전자,confirmed,정기보고서·공식 IR 수주 수치 확인,2026-06,<당반기> / 회사 공시 합계,억원,35.57,,,False,신규수주 직접값 미확보: 원문표·그림·기업 IR 추가 조사 필요 / QoQ 미확보: 같은 범위·통화의 연속 분기 잔고 필요,https://dart.fss.or.kr/dsaf001/main.do?rcpNo=20260814002282
069620,대웅제약,review,원문에서 수주기업 여부를 확정하지 못함,2026-06,,,,,,False,원문·기업 IR 추가 조사,https://dart.fss.or.kr/dsaf001/main.do?rcpNo=20260814002515
069960,현대백화점,review,원문에서 수주기업 여부를 확정하지 못함,2026-06,,,,,,False,원문·기업 IR 추가 조사,https://dart.fss.or.kr/dsaf001/main.do?rcpNo=20260814003395
070960,모나용평,confirmed,정기보고서·공식 IR 수주 수치 확인,2026-06,회사 공시 합계,억원,1194.33,,,False,신규수주 직접값 미확보: 원문표·그림·기업 IR 추가 조사 필요 / QoQ 미확보: 같은 범위·통화의 연속 분기 잔고 필요,https://dart.fss.or.kr/dsaf001/main.do?rcpNo=20260814000970
071200,인피니트헬스케어,review,원문에서 수주기업 여부를 확정하지 못함,2026-06,,,,,,False,원문·기업 IR 추가 조사,https://dart.fss.or.kr/dsaf001/main.do?rcpNo=20260814002622
071280,로체시스템즈,confirmed,정기보고서·공식 IR 수주 수치 확인,2026-06,회사 공시 합계,억원,788.68,,41.94593427162447,False,신규수주 직접값 미확보: 원문표·그림·기업 IR 추가 조사 필요,https://dart.fss.or.kr/dsaf001/main.do?rcpNo=20260814002190
071320,지역난방공사,review,원문에서 수주기업 여부를 확정하지 못함,2026-06,,,,,,False,원문·기업 IR 추가 조사,https://dart.fss.or.kr/dsaf001/main.do?rcpNo=20260813000083
071840,롯데하이마트,review,원문에서 수주기업 여부를 확정하지 못함,2026-06,,,,,,False,원문·기업 IR 추가 조사,https://dart.fss.or.kr/dsaf001/main.do?rcpNo=20260814002927
071970,HD현대마린엔진,confirmed,정기보고서·공식 IR 수주 수치 확인,2026-06,해외 시장 / 회사 공시 합계,억원,16705.9,,24.762139475138547,False,신규수주 직접값 미확보: 원문표·그림·기업 IR 추가 조사 필요,https://dart.fss.or.kr/dsaf001/main.do?rcpNo=20260814002726
072870,메가스터디,review,원문에서 수주기업 여부를 확정하지 못함,2026-06,,,,,,False,원문·기업 IR 추가 조사,https://dart.fss.or.kr/dsaf001/main.do?rcpNo=20260814000707
072950,빛샘전자,review,원문에서 수주기업 여부를 확정하지 못함,2026-06,,,,,,False,원문·기업 IR 추가 조사,https://dart.fss.or.kr/dsaf001/main.do?rcpNo=20260814000391
073010,케이에스피,confirmed,정기보고서·공식 IR 수주 수치 확인,2026-06,회사 공시 합계,억원,1159.33,,25.59230410902511,False,신규수주 직접값 미확보: 원문표·그림·기업 IR 추가 조사 필요,https://dart.fss.or.kr/dsaf001/main.do?rcpNo=20260812000573
073240,금호타이어,review,원문에서 수주기업 여부를 확정하지 못함,2026-06,,,,,,False,원문·기업 IR 추가 조사,https://dart.fss.or.kr/dsaf001/main.do?rcpNo=20260813001743
073490,LIG아큐버,review,원문에서 수주기업 여부를 확정하지 못함,2026-06,,,,,,False,원문·기업 IR 추가 조사,https://dart.fss.or.kr/dsaf001/main.do?rcpNo=20260814002341
073560,우리손에프앤지,review,원문에서 수주기업 여부를 확정하지 못함,2026-06,,,,,,False,원문·기업 IR 추가 조사,https://dart.fss.or.kr/dsaf001/main.do?rcpNo=20260814002919
074430,아미노로직스,review,원문에서 수주기업 여부를 확정하지 못함,2026-06,,,,,,False,원문·기업 IR 추가 조사,https://dart.fss.or.kr/dsaf001/main.do?rcpNo=20260814001652
074600,원익QnC,review,원문에서 수주기업 여부를 확정하지 못함,2026-06,,,,,,False,원문·기업 IR 추가 조사,https://dart.fss.or.kr/dsaf001/main.do?rcpNo=20260814001542
075580,세진중공업,confirmed,정기보고서·공식 IR 수주 수치 확인,2026-06,회사 공시 단일행,억원,1943.78,,-31.595098501537876,False,신규수주 직접값 미확보: 원문표·그림·기업 IR 추가 조사 필요,https://dart.fss.or.kr/dsaf001/main.do?rcpNo=20260813001500
077360,덕산하이메탈,confirmed,정기보고서·공식 IR 수주 수치 확인,2026-06,[덕산넵코어스(주)] / 회사 공시 합계,억원,557,,-2.108963093145866,False,신규수주 직접값 미확보: 원문표·그림·기업 IR 추가 조사 필요,https://dart.fss.or.kr/dsaf001/main.do?rcpNo=20260813001579
077500,유니퀘스트,confirmed,정기보고서·공식 IR 수주 수치 확인,2026-06,회사 공시 합계,억원,1287.68,,0,False,신규수주 직접값 미확보: 원문표·그림·기업 IR 추가 조사 필요,https://dart.fss.or.kr/dsaf001/main.do?rcpNo=20260814001621
077970,STX엔진,confirmed,정기보고서·공식 IR 수주 수치 확인,2026-06,회사 공시 합계,억원,19269,,-4.143866281961994,False,신규수주 직접값 미확보: 원문표·그림·기업 IR 추가 조사 필요,https://dart.fss.or.kr/dsaf001/main.do?rcpNo=20260814001988
078000,텔코웨어,confirmed,정기보고서·공식 IR 수주 수치 확인,2026-06,회사 공시 합계,억원,400.99,,11.345902868408642,False,신규수주 직접값 미확보: 원문표·그림·기업 IR 추가 조사 필요,https://dart.fss.or.kr/dsaf001/main.do?rcpNo=20260814001922
078130,에스엠국일,review,원문에서 수주기업 여부를 확정하지 못함,2026-06,,,,,,False,원문·기업 IR 추가 조사,https://dart.fss.or.kr/dsaf001/main.do?rcpNo=20260814003406
078150,HB테크놀러지,confirmed,정기보고서·공식 IR 수주 수치 확인,2026-06,[장비사업부문] / 회사 공시 합계,억원,453.98,,,False,신규수주 직접값 미확보: 원문표·그림·기업 IR 추가 조사 필요 / QoQ 미확보: 같은 범위·통화의 연속 분기 잔고 필요,https://dart.fss.or.kr/dsaf001/main.do?rcpNo=20260814001870
078160,메디포스트,review,원문에서 수주기업 여부를 확정하지 못함,2026-06,,,,,,False,원문·기업 IR 추가 조사,https://dart.fss.or.kr/dsaf001/main.do?rcpNo=20260814001868
078340,컴투스,review,원문에서 수주기업 여부를 확정하지 못함,2026-06,,,,,,False,원문·기업 IR 추가 조사,https://dart.fss.or.kr/dsaf001/main.do?rcpNo=20260814003984
078350,한양디지텍,review,원문에서 수주기업 여부를 확정하지 못함,2026-06,,,,,,False,원문·기업 IR 추가 조사,https://dart.fss.or.kr/dsaf001/main.do?rcpNo=20260813000908
078520,에이블씨엔씨,review,원문에서 수주기업 여부를 확정하지 못함,2026-06,,,,,,False,원문·기업 IR 추가 조사,https://dart.fss.or.kr/dsaf001/main.do?rcpNo=20260813001673
078600,대주전자재료,review,원문에서 수주기업 여부를 확정하지 못함,2026-06,,,,,,False,원문·기업 IR 추가 조사,https://dart.fss.or.kr/dsaf001/main.do?rcpNo=20260814000559
079160,CJ CGV,confirmed,정기보고서·공식 IR 수주 수치 확인,2026-06,회사 공시 합계,억원,3104.62,,30.042431274320492,False,신규수주 직접값 미확보: 원문표·그림·기업 IR 추가 조사 필요,https://dart.fss.or.kr/dsaf001/main.do?rcpNo=20260814003075
079370,제우스,confirmed,정기보고서·공식 IR 수주 수치 확인,2026-06,회사 공시 합계,억원,3763.34,,9.566316132713792,False,신규수주 직접값 미확보: 원문표·그림·기업 IR 추가 조사 필요,https://dart.fss.or.kr/dsaf001/main.do?rcpNo=20260814003337
079430,현대리바트,review,원문에서 수주기업 여부를 확정하지 못함,2026-06,,,,,,False,원문·기업 IR 추가 조사,https://dart.fss.or.kr/dsaf001/main.do?rcpNo=20260814001695
079550,LIG디펜스앤에어로스페이스,confirmed,정기보고서·공식 IR 수주 수치 확인,2026-06,공식 IR 전체 수주사업(잔고 조원 단위 반올림),억원,245700,3263.5,-2.9237455551165525,True,,https://dart.fss.or.kr/dsaf001/main.do?rcpNo=20260825000158
079650,서산,review,원문에서 수주기업 여부를 확정하지 못함,2026-06,,,,,,False,원문·기업 IR 추가 조사,https://dart.fss.or.kr/dsaf001/main.do?rcpNo=20260814001244
079900,전진건설로봇,review,원문에서 수주기업 여부를 확정하지 못함,2026-06,,,,,,False,원문·기업 IR 추가 조사,https://dart.fss.or.kr/dsaf001/main.do?rcpNo=20260813001268
079940,가비아,review,원문에서 수주기업 여부를 확정하지 못함,2026-06,,,,,,False,원문·기업 IR 추가 조사,https://dart.fss.or.kr/dsaf001/main.do?rcpNo=20260814002908
079960,동양이엔피,review,원문에서 수주기업 여부를 확정하지 못함,2026-06,,,,,,False,원문·기업 IR 추가 조사,https://dart.fss.or.kr/dsaf001/main.do?rcpNo=20260814002953
080160,모두투어,review,원문에서 수주기업 여부를 확정하지 못함,2026-06,,,,,,False,원문·기업 IR 추가 조사,https://dart.fss.or.kr/dsaf001/main.do?rcpNo=20260814002808
080220,제주반도체,confirmed,정기보고서·공식 IR 수주 수치 확인,2026-06,회사 공시 합계,백만USD,328.485,,-9.95822528740673,False,신규수주 직접값 미확보: 원문표·그림·기업 IR 추가 조사 필요,https://dart.fss.or.kr/dsaf001/main.do?rcpNo=20260813001713
080420,모다이노칩,review,원문에서 수주기업 여부를 확정하지 못함,2026-06,,,,,,False,원문·기업 IR 추가 조사,https://dart.fss.or.kr/dsaf001/main.do?rcpNo=20260814000775
080580,오킨스전자,review,원문에서 수주기업 여부를 확정하지 못함,2026-06,,,,,,False,원문·기업 IR 추가 조사,https://dart.fss.or.kr/dsaf001/main.do?rcpNo=20260814001460
081000,일진다이아,review,원문에서 수주기업 여부를 확정하지 못함,2026-06,,,,,,False,원문·기업 IR 추가 조사,https://dart.fss.or.kr/dsaf001/main.do?rcpNo=20260812000362
081660,미스토홀딩스,review,원문에서 수주기업 여부를 확정하지 못함,2026-06,,,,,,False,원문·기업 IR 추가 조사,https://dart.fss.or.kr/dsaf001/main.do?rcpNo=20260814002860
082270,젬백스,review,원문에서 수주기업 여부를 확정하지 못함,2026-06,,,,,,False,원문·기업 IR 추가 조사,https://dart.fss.or.kr/dsaf001/main.do?rcpNo=20260814004196
082740,한화엔진,confirmed,정기보고서·공식 IR 수주 수치 확인,2026-06,회사 공시 합계,억원,59789,,14.035857333587632,False,신규수주 직접값 미확보: 원문표·그림·기업 IR 추가 조사 필요,https://dart.fss.or.kr/dsaf001/main.do?rcpNo=20260814002747
082800,비보존 제약,review,원문에서 수주기업 여부를 확정하지 못함,2026-06,,,,,,False,원문·기업 IR 추가 조사,https://dart.fss.or.kr/dsaf001/main.do?rcpNo=20260814002976
082920,비츠로셀,confirmed,정기보고서·공식 IR 수주 수치 확인,2026-06,회사 공시 합계,억원,204.72,,,False,신규수주 직접값 미확보: 원문표·그림·기업 IR 추가 조사 필요 / QoQ 미확보: 같은 범위·통화의 연속 분기 잔고 필요,https://dart.fss.or.kr/dsaf001/main.do?rcpNo=20260812000200
083310,엘오티베큠,confirmed,정기보고서·공식 IR 수주 수치 확인,2026-06,회사 공시 합계,억원,556.69,,45.99407306391126,False,신규수주 직접값 미확보: 원문표·그림·기업 IR 추가 조사 필요,https://dart.fss.or.kr/dsaf001/main.do?rcpNo=20260814003425
083420,그린케미칼,review,원문에서 수주기업 여부를 확정하지 못함,2026-06,,,,,,False,원문·기업 IR 추가 조사,https://dart.fss.or.kr/dsaf001/main.do?rcpNo=20260814001081
083450,GST,confirmed,정기보고서·공식 IR 수주 수치 확인,2026-06,회사 공시 합계,억원,968,,-16.766981943250215,False,신규수주 직접값 미확보: 원문표·그림·기업 IR 추가 조사 필요,https://dart.fss.or.kr/dsaf001/main.do?rcpNo=20260814001221
083500,에프엔에스테크,confirmed,정기보고서·공식 IR 수주 수치 확인,2026-06,회사 공시 합계,억원,299.25,,76.11228813559323,False,신규수주 직접값 미확보: 원문표·그림·기업 IR 추가 조사 필요,https://dart.fss.or.kr/dsaf001/main.do?rcpNo=20260812000237
083650,비에이치아이,confirmed,정기보고서·공식 IR 수주 수치 확인,2026-06,회사 공시 합계,억원,24568.86,,2.368373246490485,False,신규수주 직접값 미확보: 원문표·그림·기업 IR 추가 조사 필요,https://dart.fss.or.kr/dsaf001/main.do?rcpNo=20260814000764
083930,아바코,confirmed,정기보고서·공식 IR 수주 수치 확인,2026-06,회사 공시 합계,억원,5949.61,,17.898572838351434,False,신규수주 직접값 미확보: 원문표·그림·기업 IR 추가 조사 필요,https://dart.fss.or.kr/dsaf001/main.do?rcpNo=20260814002389
084010,대한제강,review,원문에서 수주기업 여부를 확정하지 못함,2026-06,,,,,,False,원문·기업 IR 추가 조사,https://dart.fss.or.kr/dsaf001/main.do?rcpNo=20260814003201
084110,휴온스글로벌,review,원문에서 수주기업 여부를 확정하지 못함,2026-06,,,,,,False,원문·기업 IR 추가 조사,https://dart.fss.or.kr/dsaf001/main.do?rcpNo=20260814004205
084370,유진테크,review,원문에서 수주기업 여부를 확정하지 못함,2026-06,,,,,,False,원문·기업 IR 추가 조사,https://dart.fss.or.kr/dsaf001/main.do?rcpNo=20260814003622
084670,동양고속,review,수주기업 여부 확인 필요: 정기보고서 수주 절과 공식 IR 조사 대상,,,,,,,False,원문·기업 IR 추가 조사,
084850,아이티엠반도체,review,원문에서 수주기업 여부를 확정하지 못함,2026-06,,,,,,False,원문·기업 IR 추가 조사,https://dart.fss.or.kr/dsaf001/main.do?rcpNo=20260814004011
084990,헬릭스미스,review,원문에서 수주기업 여부를 확정하지 못함,2026-06,,,,,,False,원문·기업 IR 추가 조사,https://dart.fss.or.kr/dsaf001/main.do?rcpNo=20260814003029
085660,차바이오텍,review,원문에서 수주기업 여부를 확정하지 못함,2026-06,,,,,,False,원문·기업 IR 추가 조사,https://dart.fss.or.kr/dsaf001/main.do?rcpNo=20260813001660
085910,네오티스,review,원문에서 수주기업 여부를 확정하지 못함,2026-06,,,,,,False,원문·기업 IR 추가 조사,https://dart.fss.or.kr/dsaf001/main.do?rcpNo=20260813000500
086280,현대글로비스,confirmed,수주 내역 비공개 명시,2026-06,,,,,,False,원문·기업 IR 추가 조사,https://dart.fss.or.kr/dsaf001/main.do?rcpNo=20260814002854
086390,유니테스트,confirmed,정기보고서·공식 IR 수주 수치 확인,2026-06,회사 공시 합계,억원,1209.67,,350.2437935013213,False,신규수주 직접값 미확보: 원문표·그림·기업 IR 추가 조사 필요,https://dart.fss.or.kr/dsaf001/main.do?rcpNo=20260814000772
086450,동국제약,review,원문에서 수주기업 여부를 확정하지 못함,2026-06,,,,,,False,원문·기업 IR 추가 조사,https://dart.fss.or.kr/dsaf001/main.do?rcpNo=20260814000524
086670,비엠티,review,원문에서 수주기업 여부를 확정하지 못함,2026-06,,,,,,False,원문·기업 IR 추가 조사,https://dart.fss.or.kr/dsaf001/main.do?rcpNo=20260814000742
086710,선진뷰티사이언스,review,원문에서 수주기업 여부를 확정하지 못함,2026-06,,,,,,False,원문·기업 IR 추가 조사,https://dart.fss.or.kr/dsaf001/main.do?rcpNo=20260827000087
086820,바이오솔루션,review,원문에서 수주기업 여부를 확정하지 못함,2026-06,,,,,,False,원문·기업 IR 추가 조사,https://dart.fss.or.kr/dsaf001/main.do?rcpNo=20260814003561
086890,이수앱지스,confirmed,정기보고서·공식 IR 수주 수치 확인,2026-06,공시 항목 합산(표 범위),억원,118.5,,0,False,신규수주 직접값 미확보: 원문표·그림·기업 IR 추가 조사 필요,https://dart.fss.or.kr/dsaf001/main.do?rcpNo=20260814003946
086900,메디톡스,review,원문에서 수주기업 여부를 확정하지 못함,2026-06,,,,,,False,원문·기업 IR 추가 조사,https://dart.fss.or.kr/dsaf001/main.do?rcpNo=20260813001719
086960,MDS테크,confirmed,정기보고서·공식 IR 수주 수치 확인,2026-06,회사 공시 합계,억원,74.35,,-17.963146860862857,False,신규수주 직접값 미확보: 원문표·그림·기업 IR 추가 조사 필요,https://dart.fss.or.kr/dsaf001/main.do?rcpNo=20260930000513
086980,쇼박스,review,원문에서 수주기업 여부를 확정하지 못함,2026-06,,,,,,False,원문·기업 IR 추가 조사,https://dart.fss.or.kr/dsaf001/main.do?rcpNo=20260814002673
087010,펩트론,review,원문에서 수주기업 여부를 확정하지 못함,2026-06,,,,,,False,원문·기업 IR 추가 조사,https://dart.fss.or.kr/dsaf001/main.do?rcpNo=20260814002979
088130,동아엘텍,confirmed,정기보고서·공식 IR 수주 수치 확인,2026-06,회사 공시 합계,억원,6573.08,,7.384668668498584,False,신규수주 직접값 미확보: 원문표·그림·기업 IR 추가 조사 필요,https://dart.fss.or.kr/dsaf001/main.do?rcpNo=20260814003846
088800,에이스테크,review,원문에서 수주기업 여부를 확정하지 못함,2026-06,,,,,,False,원문·기업 IR 추가 조사,https://dart.fss.or.kr/dsaf001/main.do?rcpNo=20260813001638
089010,켐트로닉스,review,원문에서 수주기업 여부를 확정하지 못함,2026-06,,,,,,False,원문·기업 IR 추가 조사,https://dart.fss.or.kr/dsaf001/main.do?rcpNo=20260814000921
089030,테크윙,confirmed,정기보고서·공식 IR 수주 수치 확인,2026-06,회사 공시 합계,억원,602.68,,24.069499341238455,False,신규수주 직접값 미확보: 원문표·그림·기업 IR 추가 조사 필요,https://dart.fss.or.kr/dsaf001/main.do?rcpNo=20260814001211
089470,HDC현대EP,review,원문에서 수주기업 여부를 확정하지 못함,2026-06,,,,,,False,원문·기업 IR 추가 조사,https://dart.fss.or.kr/dsaf001/main.do?rcpNo=20260814003843
089590,제주항공,review,원문에서 수주기업 여부를 확정하지 못함,2026-06,,,,,,False,원문·기업 IR 추가 조사,https://dart.fss.or.kr/dsaf001/main.do?rcpNo=20260814003505
089600,KT나스미디어,review,원문에서 수주기업 여부를 확정하지 못함,2026-06,,,,,,False,원문·기업 IR 추가 조사,https://dart.fss.or.kr/dsaf001/main.do?rcpNo=20260814003681
089860,롯데렌탈,review,원문에서 수주기업 여부를 확정하지 못함,2026-06,,,,,,False,원문·기업 IR 추가 조사,https://dart.fss.or.kr/dsaf001/main.do?rcpNo=20260814001915
089890,코세스,confirmed,정기보고서·공식 IR 수주 수치 확인,2026-06,회사 공시 합계,백만USD,0.78468,,-31.689498352914946,False,신규수주 직접값 미확보: 원문표·그림·기업 IR 추가 조사 필요,https://dart.fss.or.kr/dsaf001/main.do?rcpNo=20260814002531
089970,브이엠,review,원문에서 수주기업 여부를 확정하지 못함,2026-06,,,,,,False,원문·기업 IR 추가 조사,https://dart.fss.or.kr/dsaf001/main.do?rcpNo=20260813001486
089980,상아프론테크,review,원문에서 수주기업 여부를 확정하지 못함,2026-06,,,,,,False,원문·기업 IR 추가 조사,https://dart.fss.or.kr/dsaf001/main.do?rcpNo=20260813001169
090350,노루페인트,confirmed,정기보고서·공식 IR 수주 수치 확인,2026-06,회사 공시 합계,억원,386.35,,-34.54024838616764,False,신규수주 직접값 미확보: 원문표·그림·기업 IR 추가 조사 필요,https://dart.fss.or.kr/dsaf001/main.do?rcpNo=20260814002330
090360,로보스타,review,원문에서 수주기업 여부를 확정하지 못함,2026-06,,,,,,False,원문·기업 IR 추가 조사,https://dart.fss.or.kr/dsaf001/main.do?rcpNo=20260814002413
090430,아모레퍼시픽,review,원문에서 수주기업 여부를 확정하지 못함,2026-06,,,,,,False,원문·기업 IR 추가 조사,https://dart.fss.or.kr/dsaf001/main.do?rcpNo=20260814002449
090460,비에이치,confirmed,수주 내역 비공개 명시,2026-06,,,,,,False,원문·기업 IR 추가 조사,https://dart.fss.or.kr/dsaf001/main.do?rcpNo=20260814000697
090710,휴림로봇,review,원문에서 수주기업 여부를 확정하지 못함,2026-06,,,,,,False,원문·기업 IR 추가 조사,https://dart.fss.or.kr/dsaf001/main.do?rcpNo=20260814003795
090850,현대이지웰,review,원문에서 수주기업 여부를 확정하지 못함,2026-06,,,,,,False,원문·기업 IR 추가 조사,https://dart.fss.or.kr/dsaf001/main.do?rcpNo=20260814003109
091120,이엠텍,review,원문에서 수주기업 여부를 확정하지 못함,2026-06,,,,,,False,원문·기업 IR 추가 조사,https://dart.fss.or.kr/dsaf001/main.do?rcpNo=20260930000788
091440,한울소재과학,confirmed,정기보고서·공식 IR 수주 수치 확인,2026-06,회사 공시 합계,억원,8.16,,216.27906976744185,False,신규수주 직접값 미확보: 원문표·그림·기업 IR 추가 조사 필요,https://dart.fss.or.kr/dsaf001/main.do?rcpNo=20260814002428
091580,상신이디피,review,원문에서 수주기업 여부를 확정하지 못함,2026-06,,,,,,False,원문·기업 IR 추가 조사,https://dart.fss.or.kr/dsaf001/main.do?rcpNo=20260814003279
091700,파트론,review,원문에서 수주기업 여부를 확정하지 못함,2026-06,,,,,,False,원문·기업 IR 추가 조사,https://dart.fss.or.kr/dsaf001/main.do?rcpNo=20260814002491
091810,트리니티항공,review,원문에서 수주기업 여부를 확정하지 못함,2026-06,,,,,,False,원문·기업 IR 추가 조사,https://dart.fss.or.kr/dsaf001/main.do?rcpNo=20260813001054
092070,디엔에프,review,원문에서 수주기업 여부를 확정하지 못함,2026-06,,,,,,False,원문·기업 IR 추가 조사,https://dart.fss.or.kr/dsaf001/main.do?rcpNo=20260814002889
092130,이크레더블,review,원문에서 수주기업 여부를 확정하지 못함,2026-06,,,,,,False,원문·기업 IR 추가 조사,https://dart.fss.or.kr/dsaf001/main.do?rcpNo=20260814000495
092190,서울바이오시스,review,원문에서 수주기업 여부를 확정하지 못함,2026-06,,,,,,False,원문·기업 IR 추가 조사,https://dart.fss.or.kr/dsaf001/main.do?rcpNo=20260814003788
092200,디아이씨,confirmed,원문 수주표: 수주잔고,2026-06,,,,,,False,원문·기업 IR 추가 조사,https://dart.fss.or.kr/dsaf001/main.do?rcpNo=20260813001541
092220,KEC,review,원문에서 수주기업 여부를 확정하지 못함,2026-06,,,,,,False,원문·기업 IR 추가 조사,https://dart.fss.or.kr/dsaf001/main.do?rcpNo=20260820000422
092230,KPX홀딩스,review,원문에서 수주기업 여부를 확정하지 못함,2026-06,,,,,,False,원문·기업 IR 추가 조사,https://dart.fss.or.kr/dsaf001/main.do?rcpNo=20260814003506
092460,한라IMS,confirmed,정기보고서·공식 IR 수주 수치 확인,2026-06,공시 공개 항목: 정밀계측 시스템(GAUGING),억원,471.28,,,False,비교 가능한 직전 분기 누적값 없음 / QoQ 미확보: 같은 범위·통화의 연속 분기 잔고 필요,https://dart.fss.or.kr/dsaf001/main.do?rcpNo=20260814001748
092730,네오팜,review,원문에서 수주기업 여부를 확정하지 못함,2026-06,,,,,,False,원문·기업 IR 추가 조사,https://dart.fss.or.kr/dsaf001/main.do?rcpNo=20260814002278
092790,넥스틸,review,원문에서 수주기업 여부를 확정하지 못함,2026-06,,,,,,False,원문·기업 IR 추가 조사,https://dart.fss.or.kr/dsaf001/main.do?rcpNo=20260814003809
092870,엑시콘,confirmed,정기보고서·공식 IR 수주 수치 확인,2026-06,회사 공시 합계,억원,845.98,,165.31393087875554,False,신규수주 직접값 미확보: 원문표·그림·기업 IR 추가 조사 필요,https://dart.fss.or.kr/dsaf001/main.do?rcpNo=20260814001521
093050,LF,review,원문에서 수주기업 여부를 확정하지 못함,2026-06,,,,,,False,원문·기업 IR 추가 조사,https://dart.fss.or.kr/dsaf001/main.do?rcpNo=20260814002480
093190,빅솔론,review,원문에서 수주기업 여부를 확정하지 못함,2026-06,,,,,,False,원문·기업 IR 추가 조사,https://dart.fss.or.kr/dsaf001/main.do?rcpNo=20260813000106
093320,케이아이엔엑스,review,원문에서 수주기업 여부를 확정하지 못함,2026-06,,,,,,False,원문·기업 IR 추가 조사,https://dart.fss.or.kr/dsaf001/main.do?rcpNo=20260814003726
093370,후성,review,원문에서 수주기업 여부를 확정하지 못함,2026-06,,,,,,False,원문·기업 IR 추가 조사,https://dart.fss.or.kr/dsaf001/main.do?rcpNo=20260814003359
093520,매커스,review,원문에서 수주기업 여부를 확정하지 못함,2026-06,,,,,,False,원문·기업 IR 추가 조사,https://dart.fss.or.kr/dsaf001/main.do?rcpNo=20260813001099
093640,케이알엠,confirmed,단일판매·공급계약 공시 확인 (전체 수주량은 별도 조사),2026-06,,,,,,False,원문·기업 IR 추가 조사,https://dart.fss.or.kr/dsaf001/main.do?rcpNo=20260929900334
094170,동운아나텍,review,원문에서 수주기업 여부를 확정하지 못함,2026-06,,,,,,False,원문·기업 IR 추가 조사,https://dart.fss.or.kr/dsaf001/main.do?rcpNo=20260814001036
094280,효성 ITX,confirmed,단일판매·공급계약 공시 확인 (전체 수주량은 별도 조사),2026-06,,,,,,False,원문·기업 IR 추가 조사,https://dart.fss.or.kr/dsaf001/main.do?rcpNo=20260918800712
094360,칩스앤미디어,review,원문에서 수주기업 여부를 확정하지 못함,2026-06,,,,,,False,원문·기업 IR 추가 조사,https://dart.fss.or.kr/dsaf001/main.do?rcpNo=20260814000789
094480,갤럭시아머니트리,review,원문에서 수주기업 여부를 확정하지 못함,2026-06,,,,,,False,원문·기업 IR 추가 조사,https://dart.fss.or.kr/dsaf001/main.do?rcpNo=20260814003792
094820,일진파워,confirmed,정기보고서·공식 IR 수주 수치 확인,2026-06,주요계약(전체 회사 아님),억원,286.93,,22.035556311670646,False,신규수주 직접값 미확보: 원문표·그림·기업 IR 추가 조사 필요,https://dart.fss.or.kr/dsaf001/main.do?rcpNo=20260814000473
094840,슈프리마에이치큐,review,원문에서 수주기업 여부를 확정하지 못함,2026-06,,,,,,False,원문·기업 IR 추가 조사,https://dart.fss.or.kr/dsaf001/main.do?rcpNo=20260813001623
095190,신화프리텍,review,원문에서 수주기업 여부를 확정하지 못함,2026-06,,,,,,False,원문·기업 IR 추가 조사,https://dart.fss.or.kr/dsaf001/main.do?rcpNo=20260814000846
095340,ISC,review,원문에서 수주기업 여부를 확정하지 못함,2026-06,,,,,,False,원문·기업 IR 추가 조사,https://dart.fss.or.kr/dsaf001/main.do?rcpNo=20260814000114
095500,미래나노텍,review,원문에서 수주기업 여부를 확정하지 못함,2026-06,,,,,,False,원문·기업 IR 추가 조사,https://dart.fss.or.kr/dsaf001/main.do?rcpNo=20260814002375
095570,AJ네트웍스,review,원문에서 수주기업 여부를 확정하지 못함,2026-06,,,,,,False,원문·기업 IR 추가 조사,https://dart.fss.or.kr/dsaf001/main.do?rcpNo=20260814004027
095610,테스,confirmed,정기보고서·공식 IR 수주 수치 확인,2026-06,회사 공시 합계,억원,2069.44,,42.19241710068849,False,신규수주 직접값 미확보: 원문표·그림·기업 IR 추가 조사 필요,https://dart.fss.or.kr/dsaf001/main.do?rcpNo=20260813000486
095660,네오위즈,review,원문에서 수주기업 여부를 확정하지 못함,2026-06,,,,,,False,원문·기업 IR 추가 조사,https://dart.fss.or.kr/dsaf001/main.do?rcpNo=20260814003548
095700,제넥신,review,원문에서 수주기업 여부를 확정하지 못함,2026-06,,,,,,False,원문·기업 IR 추가 조사,https://dart.fss.or.kr/dsaf001/main.do?rcpNo=20260813001311
096530,씨젠,review,원문에서 수주기업 여부를 확정하지 못함,2026-06,,,,,,False,원문·기업 IR 추가 조사,https://dart.fss.or.kr/dsaf001/main.do?rcpNo=20260814002284
096770,SK이노베이션,confirmed,원문 수주표: 수주잔고,2026-06,,,,,,False,원문·기업 IR 추가 조사,https://dart.fss.or.kr/dsaf001/main.do?rcpNo=20260814002500
097230,HJ중공업,confirmed,정기보고서·공식 IR 수주 수치 확인,2026-06,[조선부문] / 회사 공시 합계,억원,19043,,-16.689999125032806,False,신규수주 직접값 미확보: 원문표·그림·기업 IR 추가 조사 필요,https://dart.fss.or.kr/dsaf001/main.do?rcpNo=20260812000297
097520,엠씨넥스,review,원문에서 수주기업 여부를 확정하지 못함,2026-06,,,,,,False,원문·기업 IR 추가 조사,https://dart.fss.or.kr/dsaf001/main.do?rcpNo=20260814002186
097800,윈팩,review,원문에서 수주기업 여부를 확정하지 못함,2026-06,,,,,,False,원문·기업 IR 추가 조사,https://dart.fss.or.kr/dsaf001/main.do?rcpNo=20260814004005
097950,CJ제일제당,review,원문에서 수주기업 여부를 확정하지 못함,2026-06,,,,,,False,원문·기업 IR 추가 조사,https://dart.fss.or.kr/dsaf001/main.do?rcpNo=20260814001793
098070,한텍,confirmed,정기보고서·공식 IR 수주 수치 확인,2026-06,회사 공시 합계,억원,1816.41,,,False,최신 정기보고서 기간의 수치 미확보 / 신규수주 직접값 미확보: 원문표·그림·기업 IR 추가 조사 필요 / QoQ 미확보: 같은 범위·통화의 연속 분기 잔고 필요,https://dart.fss.or.kr/dsaf001/main.do?rcpNo=20260515000279
098120,마이크로컨텍솔,review,원문에서 수주기업 여부를 확정하지 못함,2026-06,,,,,,False,원문·기업 IR 추가 조사,https://dart.fss.or.kr/dsaf001/main.do?rcpNo=20260814003233
098460,고영,review,원문에서 수주기업 여부를 확정하지 못함,2026-06,,,,,,False,원문·기업 IR 추가 조사,https://dart.fss.or.kr/dsaf001/main.do?rcpNo=20260814003639
099190,아이센스,review,원문에서 수주기업 여부를 확정하지 못함,2026-06,,,,,,False,원문·기업 IR 추가 조사,https://dart.fss.or.kr/dsaf001/main.do?rcpNo=20260814001297
099320,쎄트렉아이,confirmed,정기보고서·공식 IR 수주 수치 확인,2026-06,회사 공시 합계,억원,5574,,-2.0386643233743396,False,신규수주 직접값 미확보: 원문표·그림·기업 IR 추가 조사 필요,https://dart.fss.or.kr/dsaf001/main.do?rcpNo=20260813001317
099430,바이오플러스,review,원문에서 수주기업 여부를 확정하지 못함,2026-06,,,,,,False,원문·기업 IR 추가 조사,https://dart.fss.or.kr/dsaf001/main.do?rcpNo=20260814001767
099440,스맥,confirmed,정기보고서·공식 IR 수주 수치 확인,2026-06,회사 공시 합계,억원,970.5,,36.91189955561824,False,신규수주 직접값 미확보: 원문표·그림·기업 IR 추가 조사 필요,https://dart.fss.or.kr/dsaf001/main.do?rcpNo=20260814002700
099750,이지케어텍,confirmed,정기보고서·공식 IR 수주 수치 확인,2026-06,회사 공시 합계,억원,557.21,,-18.351527584438422,False,신규수주 직접값 미확보: 원문표·그림·기업 IR 추가 조사 필요,https://dart.fss.or.kr/dsaf001/main.do?rcpNo=20260807000168
100090,SK오션플랜트,confirmed,정기보고서·공식 IR 수주 수치 확인,2026-06,회사 공시 합계,억원,11072.21,,-9.426366963501298,False,신규수주 직접값 미확보: 원문표·그림·기업 IR 추가 조사 필요,https://dart.fss.or.kr/dsaf001/main.do?rcpNo=20260814000534
100120,뷰웍스,review,원문에서 수주기업 여부를 확정하지 못함,2026-06,,,,,,False,원문·기업 IR 추가 조사,https://dart.fss.or.kr/dsaf001/main.do?rcpNo=20260814004078
100250,진양홀딩스,review,원문에서 수주기업 여부를 확정하지 못함,2026-06,,,,,,False,원문·기업 IR 추가 조사,https://dart.fss.or.kr/dsaf001/main.do?rcpNo=20260814001713
100590,머큐리,not_applicable,원문에서 수주사업 비해당 명시,2026-06,,,,,,False,원문·기업 IR 추가 조사,https://dart.fss.or.kr/dsaf001/main.do?rcpNo=20260814003575
100700,세운메디칼,review,원문에서 수주기업 여부를 확정하지 못함,2026-06,,,,,,False,원문·기업 IR 추가 조사,https://dart.fss.or.kr/dsaf001/main.do?rcpNo=20260814000724
100840,SNT에너지,confirmed,정기보고서·공식 IR 수주 수치 확인,2026-06,회사 공시 합계 / 표 품목: AFC · HRSG,억원,3019.32,,-16.77637019151258,False,신규수주 직접값 미확보: 원문표·그림·기업 IR 추가 조사 필요,https://dart.fss.or.kr/dsaf001/main.do?rcpNo=20260812000070
101160,월덱스,review,원문에서 수주기업 여부를 확정하지 못함,2026-06,,,,,,False,원문·기업 IR 추가 조사,https://dart.fss.or.kr/dsaf001/main.do?rcpNo=20260814001597
101170,우림피티에스,review,원문에서 수주기업 여부를 확정하지 못함,2026-06,,,,,,False,원문·기업 IR 추가 조사,https://dart.fss.or.kr/dsaf001/main.do?rcpNo=20260929000413
101360,에코앤드림,confirmed,단일판매·공급계약 공시 확인 (전체 수주량은 별도 조사),2026-06,,,,,,False,원문·기업 IR 추가 조사,https://dart.fss.or.kr/dsaf001/main.do?rcpNo=20260923900346
101490,에스앤에스텍,review,원문에서 수주기업 여부를 확정하지 못함,2026-06,,,,,,False,원문·기업 IR 추가 조사,https://dart.fss.or.kr/dsaf001/main.do?rcpNo=20260813000645
101730,위메이드맥스,review,원문에서 수주기업 여부를 확정하지 못함,2026-06,,,,,,False,원문·기업 IR 추가 조사,https://dart.fss.or.kr/dsaf001/main.do?rcpNo=20260814000941
101930,인화정공,confirmed,정기보고서·공식 IR 수주 수치 확인,2026-06,회사 공시 합계,억원,786.59,,-3.6867882943553365,False,신규수주 직접값 미확보: 원문표·그림·기업 IR 추가 조사 필요,https://dart.fss.or.kr/dsaf001/main.do?rcpNo=20260814002712
101970,우양에이치씨,confirmed,정기보고서·공식 IR 수주 수치 확인,2026-06,회사 공시 합계,억원,1083.31,,35.49335234450239,False,신규수주 직접값 미확보: 원문표·그림·기업 IR 추가 조사 필요,https://dart.fss.or.kr/dsaf001/main.do?rcpNo=20260814004059
102120,어보브반도체,review,원문에서 수주기업 여부를 확정하지 못함,2026-06,,,,,,False,원문·기업 IR 추가 조사,https://dart.fss.or.kr/dsaf001/main.do?rcpNo=20260814003851
102260,동성케미컬,confirmed,정기보고서·공식 IR 수주 수치 확인,2026-06,[ 종속회사 내용 ] [ (주) 동성화인텍 ] 1) 수주 잔고 / 회사 공시 합계,억원,20410.85,,-1.700780196493934,False,신규수주 직접값 미확보: 원문표·그림·기업 IR 추가 조사 필요,https://dart.fss.or.kr/dsaf001/main.do?rcpNo=20260814003663
102460,이연제약,review,원문에서 수주기업 여부를 확정하지 못함,2026-06,,,,,,False,원문·기업 IR 추가 조사,https://dart.fss.or.kr/dsaf001/main.do?rcpNo=20260814004092
102710,이엔에프테크놀로지,review,원문에서 수주기업 여부를 확정하지 못함,2026-06,,,,,,False,원문·기업 IR 추가 조사,https://dart.fss.or.kr/dsaf001/main.do?rcpNo=20260813000480
102940,코오롱생명과학,review,원문에서 수주기업 여부를 확정하지 못함,2026-06,,,,,,False,원문·기업 IR 추가 조사,https://dart.fss.or.kr/dsaf001/main.do?rcpNo=20260831001259
103140,풍산,confirmed,정기보고서·공식 IR 수주 수치 확인,2026-06,회사 공시 합계,억원,8945.2,,1.3009721052011924,False,신규수주 직접값 미확보: 원문표·그림·기업 IR 추가 조사 필요,https://dart.fss.or.kr/dsaf001/main.do?rcpNo=20260814004203
103590,일진전기,confirmed,정기보고서·공식 IR 수주 수치 확인,2026-06,회사 공시 합계,백만USD,1939.091,,10.076556099510437,False,신규수주 직접값 미확보: 원문표·그림·기업 IR 추가 조사 필요,https://dart.fss.or.kr/dsaf001/main.do?rcpNo=20260811000431
104480,티케이케미칼,review,원문에서 수주기업 여부를 확정하지 못함,2026-06,,,,,,False,원문·기업 IR 추가 조사,https://dart.fss.or.kr/dsaf001/main.do?rcpNo=20260813001687
104700,한국철강,review,원문에서 수주기업 여부를 확정하지 못함,2026-06,,,,,,False,원문·기업 IR 추가 조사,https://dart.fss.or.kr/dsaf001/main.do?rcpNo=20260814002934
104830,원익머트리얼즈,review,원문에서 수주기업 여부를 확정하지 못함,2026-06,,,,,,False,원문·기업 IR 추가 조사,https://dart.fss.or.kr/dsaf001/main.do?rcpNo=20260814000624
105330,케이엔더블유,review,원문에서 수주기업 여부를 확정하지 못함,2026-06,,,,,,False,원문·기업 IR 추가 조사,https://dart.fss.or.kr/dsaf001/main.do?rcpNo=20260814003272
105630,한세실업,review,원문에서 수주기업 여부를 확정하지 못함,2026-06,,,,,,False,원문·기업 IR 추가 조사,https://dart.fss.or.kr/dsaf001/main.do?rcpNo=20260814002286
105740,디케이락,review,원문에서 수주기업 여부를 확정하지 못함,2026-06,,,,,,False,원문·기업 IR 추가 조사,https://dart.fss.or.kr/dsaf001/main.do?rcpNo=20260814004085
105840,우진,confirmed,정기보고서·공식 IR 수주 수치 확인,2026-06,회사 공시 합계,억원,861.58,,3.980207579049,False,신규수주 직접값 미확보: 원문표·그림·기업 IR 추가 조사 필요,https://dart.fss.or.kr/dsaf001/main.do?rcpNo=20260814001607
106190,하이텍팜,confirmed,정기보고서·공식 IR 수주 수치 확인,2026-06,대리점 / 회사 공시 합계,억원,485.44,,81.42542138505813,False,신규수주 직접값 미확보: 원문표·그림·기업 IR 추가 조사 필요,https://dart.fss.or.kr/dsaf001/main.do?rcpNo=20260929000530
107600,새빗켐,review,원문에서 수주기업 여부를 확정하지 못함,2026-06,,,,,,False,원문·기업 IR 추가 조사,https://dart.fss.or.kr/dsaf001/main.do?rcpNo=20260813001584
107640,한중엔시에스,confirmed,정기보고서·공식 IR 수주 수치 확인,2026-06,회사 공시 합계,억원,589.56,,21.298658546621652,False,최신 정기보고서 기간의 수치 미확보 / 신규수주 직접값 미확보: 원문표·그림·기업 IR 추가 조사 필요,https://dart.fss.or.kr/dsaf001/main.do?rcpNo=20251114001748
108230,톱텍,confirmed,정기보고서·공식 IR 수주 수치 확인,2026-06,회사 공시 합계,억원,1527.58,,-23.82362914647039,False,최신 정기보고서 기간의 수치 미확보 / 신규수주 직접값 미확보: 원문표·그림·기업 IR 추가 조사 필요,https://dart.fss.or.kr/dsaf001/main.do?rcpNo=20260515002557
108320,LX세미콘,review,원문에서 수주기업 여부를 확정하지 못함,2026-06,,,,,,False,원문·기업 IR 추가 조사,https://dart.fss.or.kr/dsaf001/main.do?rcpNo=20260814003481
108380,대양전기공업,confirmed,정기보고서·공식 IR 수주 수치 확인,2026-06,[방위산업] / 회사 공시 합계,억원,3276.11,,-0.2745705649395913,False,신규수주 직접값 미확보: 원문표·그림·기업 IR 추가 조사 필요,https://dart.fss.or.kr/dsaf001/main.do?rcpNo=20260814003411
108490,로보티즈,review,원문에서 수주기업 여부를 확정하지 못함,2026-06,,,,,,False,원문·기업 IR 추가 조사,https://dart.fss.or.kr/dsaf001/main.do?rcpNo=20260814003380
108670,LX하우시스,review,원문에서 수주기업 여부를 확정하지 못함,2026-06,,,,,,False,원문·기업 IR 추가 조사,https://dart.fss.or.kr/dsaf001/main.do?rcpNo=20260814003556
108860,셀바스AI,confirmed,정기보고서·공식 IR 수주 수치 확인,2026-06,회사 공시 합계,억원,34.49,,25.921869295363287,False,신규수주 직접값 미확보: 원문표·그림·기업 IR 추가 조사 필요,https://dart.fss.or.kr/dsaf001/main.do?rcpNo=20260930000456
109670,씨싸이트,review,원문에서 수주기업 여부를 확정하지 못함,2026-06,,,,,,False,원문·기업 IR 추가 조사,https://dart.fss.or.kr/dsaf001/main.do?rcpNo=20260930000716
109740,디에스케이,confirmed,정기보고서·공식 IR 수주 수치 확인,2026-06,회사 공시 합계,억원,35.2,,-34.802741248379334,False,신규수주 직접값 미확보: 원문표·그림·기업 IR 추가 조사 필요,https://dart.fss.or.kr/dsaf001/main.do?rcpNo=20260814003438
110990,디아이티,confirmed,정기보고서·공식 IR 수주 수치 확인,2026-06,회사 공시 합계,억원,676.51,,-16.53280033559117,False,신규수주 직접값 미확보: 원문표·그림·기업 IR 추가 조사 필요,https://dart.fss.or.kr/dsaf001/main.do?rcpNo=20260814000902
111770,영원무역,confirmed,수주 내역 비공개 명시,2026-06,,,,,,False,원문·기업 IR 추가 조사,https://dart.fss.or.kr/dsaf001/main.do?rcpNo=20260814003968
112040,위메이드,review,원문에서 수주기업 여부를 확정하지 못함,2026-06,,,,,,False,원문·기업 IR 추가 조사,https://dart.fss.or.kr/dsaf001/main.do?rcpNo=20260814003490
112290,와이씨켐,review,원문에서 수주기업 여부를 확정하지 못함,2026-06,,,,,,False,원문·기업 IR 추가 조사,https://dart.fss.or.kr/dsaf001/main.do?rcpNo=20260812000492
112610,씨에스윈드,confirmed,정기보고서·공식 IR 수주 수치 확인,2026-06,공시 항목 합산(표 범위),백만USD,1114,,6.095238095238087,False,신규수주 직접값 미확보: 원문표·그림·기업 IR 추가 조사 필요,https://dart.fss.or.kr/dsaf001/main.do?rcpNo=20260814001500
114090,GKL,review,원문에서 수주기업 여부를 확정하지 못함,2026-06,,,,,,False,원문·기업 IR 추가 조사,https://dart.fss.or.kr/dsaf001/main.do?rcpNo=20260814001705
114190,강원에너지,confirmed,정기보고서·공식 IR 수주 수치 확인,2026-06,회사 공시 합계,억원,807.1,,-8.2496845407937,False,신규수주 직접값 미확보: 원문표·그림·기업 IR 추가 조사 필요,https://dart.fss.or.kr/dsaf001/main.do?rcpNo=20260814003142
114810,한솔아이원스,review,원문에서 수주기업 여부를 확정하지 못함,2026-06,,,,,,False,원문·기업 IR 추가 조사,https://dart.fss.or.kr/dsaf001/main.do?rcpNo=20260813001023
114840,아이패밀리에스씨,review,원문에서 수주기업 여부를 확정하지 못함,2026-06,,,,,,False,원문·기업 IR 추가 조사,https://dart.fss.or.kr/dsaf001/main.do?rcpNo=20260813000938
115180,큐리언트,review,원문에서 수주기업 여부를 확정하지 못함,2026-06,,,,,,False,원문·기업 IR 추가 조사,https://dart.fss.or.kr/dsaf001/main.do?rcpNo=20260814003099
115310,인포바인,review,원문에서 수주기업 여부를 확정하지 못함,2026-06,,,,,,False,원문·기업 IR 추가 조사,https://dart.fss.or.kr/dsaf001/main.do?rcpNo=20260814002460
115440,우리넷,review,원문에서 수주기업 여부를 확정하지 못함,2026-06,,,,,,False,원문·기업 IR 추가 조사,https://dart.fss.or.kr/dsaf001/main.do?rcpNo=20260814003253
115450,HLB테라퓨틱스,confirmed,정기보고서·공식 IR 수주 수치 확인,2026-06,[콜드체인사업부문] / 회사 공시 합계,억원,13.41,,-65.84309730005093,False,신규수주 직접값 미확보: 원문표·그림·기업 IR 추가 조사 필요,https://dart.fss.or.kr/dsaf001/main.do?rcpNo=20260813001699
115500,케이씨에스,confirmed,정기보고서·공식 IR 수주 수치 확인,2026-06,KIOSK 단말 사업 / 회사 공시 합계,억원,89.55,,621.0144927536231,False,신규수주 직접값 미확보: 원문표·그림·기업 IR 추가 조사 필요,https://dart.fss.or.kr/dsaf001/main.do?rcpNo=20260814001104
117580,대성에너지,review,원문에서 수주기업 여부를 확정하지 못함,2026-06,,,,,,False,원문·기업 IR 추가 조사,https://dart.fss.or.kr/dsaf001/main.do?rcpNo=20260814003152
117730,티로보틱스,confirmed,원문 수주표: 수주잔고,2026-06,,,,,,False,원문·기업 IR 추가 조사,https://dart.fss.or.kr/dsaf001/main.do?rcpNo=20260814003794
118990,모트렉스,review,원문에서 수주기업 여부를 확정하지 못함,2026-06,,,,,,False,원문·기업 IR 추가 조사,https://dart.fss.or.kr/dsaf001/main.do?rcpNo=20260813001249
119610,인터로조,confirmed,수주 내역 비공개 명시,2026-06,,,,,,False,원문·기업 IR 추가 조사,https://dart.fss.or.kr/dsaf001/main.do?rcpNo=20260814001914
119830,아이텍,review,원문에서 수주기업 여부를 확정하지 못함,2026-06,,,,,,False,원문·기업 IR 추가 조사,https://dart.fss.or.kr/dsaf001/main.do?rcpNo=20260814002771
119850,지엔씨에너지,confirmed,수주 금액 직접 기재,2026-06,,,,,,False,원문·기업 IR 추가 조사,https://dart.fss.or.kr/dsaf001/main.do?rcpNo=20260813001483
120030,조선선재,review,원문에서 수주기업 여부를 확정하지 못함,2026-06,,,,,,False,원문·기업 IR 추가 조사,https://dart.fss.or.kr/dsaf001/main.do?rcpNo=20260814002216
120110,코오롱인더,review,원문에서 수주기업 여부를 확정하지 못함,2026-06,,,,,,False,원문·기업 IR 추가 조사,https://dart.fss.or.kr/dsaf001/main.do?rcpNo=20260814003133
120240,대정화금,review,원문에서 수주기업 여부를 확정하지 못함,2026-06,,,,,,False,원문·기업 IR 추가 조사,https://dart.fss.or.kr/dsaf001/main.do?rcpNo=20260814000766
121440,골프존홀딩스,review,원문에서 수주기업 여부를 확정하지 못함,2026-06,,,,,,False,원문·기업 IR 추가 조사,https://dart.fss.or.kr/dsaf001/main.do?rcpNo=20260814003853
121600,나노신소재,review,원문에서 수주기업 여부를 확정하지 못함,2026-06,,,,,,False,원문·기업 IR 추가 조사,https://dart.fss.or.kr/dsaf001/main.do?rcpNo=20260814001307
122450,KX,review,원문에서 수주기업 여부를 확정하지 못함,2026-06,,,,,,False,원문·기업 IR 추가 조사,https://dart.fss.or.kr/dsaf001/main.do?rcpNo=20260814003871
122640,예스티,review,원문에서 수주기업 여부를 확정하지 못함,2026-06,,,,,,False,원문·기업 IR 추가 조사,https://dart.fss.or.kr/dsaf001/main.do?rcpNo=20260814000104
122870,와이지엔터테인먼트,review,원문에서 수주기업 여부를 확정하지 못함,2026-06,,,,,,False,원문·기업 IR 추가 조사,https://dart.fss.or.kr/dsaf001/main.do?rcpNo=20260814004237
122900,아이마켓코리아,review,원문에서 수주기업 여부를 확정하지 못함,2026-06,,,,,,False,원문·기업 IR 추가 조사,https://dart.fss.or.kr/dsaf001/main.do?rcpNo=20260814002904
122990,와이솔,review,원문에서 수주기업 여부를 확정하지 못함,2026-06,,,,,,False,원문·기업 IR 추가 조사,https://dart.fss.or.kr/dsaf001/main.do?rcpNo=20260813001385
123040,엠에스오토텍,review,원문에서 수주기업 여부를 확정하지 못함,2026-06,,,,,,False,원문·기업 IR 추가 조사,https://dart.fss.or.kr/dsaf001/main.do?rcpNo=20261001000247
123330,제닉,review,원문에서 수주기업 여부를 확정하지 못함,2026-06,,,,,,False,원문·기업 IR 추가 조사,https://dart.fss.or.kr/dsaf001/main.do?rcpNo=20260813001174
123410,코리아에프티,review,원문에서 수주기업 여부를 확정하지 못함,2026-06,,,,,,False,원문·기업 IR 추가 조사,https://dart.fss.or.kr/dsaf001/main.do?rcpNo=20260814002833
123690,한국화장품,review,원문에서 수주기업 여부를 확정하지 못함,2026-06,,,,,,False,원문·기업 IR 추가 조사,https://dart.fss.or.kr/dsaf001/main.do?rcpNo=20260813001071
123860,아나패스,review,원문에서 수주기업 여부를 확정하지 못함,2026-06,,,,,,False,원문·기업 IR 추가 조사,https://dart.fss.or.kr/dsaf001/main.do?rcpNo=20260814002925
124500,아이티센글로벌,confirmed,정기보고서·공식 IR 수주 수치 확인,2026-06,회사 공시 합계,억원,136.14,,-18.337232319596918,False,신규수주 직접값 미확보: 원문표·그림·기업 IR 추가 조사 필요,https://dart.fss.or.kr/dsaf001/main.do?rcpNo=20260813001059
125020,티씨머티리얼즈,review,원문에서 수주기업 여부를 확정하지 못함,2026-06,,,,,,False,원문·기업 IR 추가 조사,https://dart.fss.or.kr/dsaf001/main.do?rcpNo=20260814002954
125210,아모그린텍,review,원문에서 수주기업 여부를 확정하지 못함,2026-06,,,,,,False,원문·기업 IR 추가 조사,https://dart.fss.or.kr/dsaf001/main.do?rcpNo=20260814002991
126340,비나텍,review,원문에서 수주기업 여부를 확정하지 못함,2026-06,,,,,,False,원문·기업 IR 추가 조사,https://dart.fss.or.kr/dsaf001/main.do?rcpNo=20260814004230
126560,현대퓨처넷,review,원문에서 수주기업 여부를 확정하지 못함,2026-06,,,,,,False,원문·기업 IR 추가 조사,https://dart.fss.or.kr/dsaf001/main.do?rcpNo=20260814002877
126600,BGF에코머티리얼즈,review,원문에서 수주기업 여부를 확정하지 못함,2026-06,,,,,,False,원문·기업 IR 추가 조사,https://dart.fss.or.kr/dsaf001/main.do?rcpNo=20260814003452
126640,화신정공,review,원문에서 수주기업 여부를 확정하지 못함,2026-06,,,,,,False,원문·기업 IR 추가 조사,https://dart.fss.or.kr/dsaf001/main.do?rcpNo=20260814001456
126700,하이비젼시스템,confirmed,정기보고서·공식 IR 수주 수치 확인,2026-06,회사 공시 합계,억원,2883.86,,31.285053536310016,False,신규수주 직접값 미확보: 원문표·그림·기업 IR 추가 조사 필요,https://dart.fss.or.kr/dsaf001/main.do?rcpNo=20260814003565
126720,수산인더스트리,confirmed,단일판매·공급계약 공시 확인 (전체 수주량은 별도 조사),2026-06,,,,,,False,원문·기업 IR 추가 조사,https://dart.fss.or.kr/dsaf001/main.do?rcpNo=20260917800534
126730,코칩,review,원문에서 수주기업 여부를 확정하지 못함,2026-06,,,,,,False,원문·기업 IR 추가 조사,https://dart.fss.or.kr/dsaf001/main.do?rcpNo=20260813001691
127120,제이에스링크,confirmed,정기보고서·공식 IR 수주 수치 확인,2026-06,회사 공시 합계,억원,57.54,,-19.883040935672515,False,신규수주 직접값 미확보: 원문표·그림·기업 IR 추가 조사 필요,https://dart.fss.or.kr/dsaf001/main.do?rcpNo=20260814002018
128820,대성산업,review,원문에서 수주기업 여부를 확정하지 못함,2026-06,,,,,,False,원문·기업 IR 추가 조사,https://dart.fss.or.kr/dsaf001/main.do?rcpNo=20260814002153
128940,한미약품,review,원문에서 수주기업 여부를 확정하지 못함,2026-06,,,,,,False,원문·기업 IR 추가 조사,https://dart.fss.or.kr/dsaf001/main.do?rcpNo=20260814004181
129920,대성하이텍,confirmed,정기보고서·공식 IR 수주 수치 확인,2026-06,회사 공시 합계,억원,764.88,,14.137344435491084,False,신규수주 직접값 미확보: 원문표·그림·기업 IR 추가 조사 필요,https://dart.fss.or.kr/dsaf001/main.do?rcpNo=20260814002715
130580,나이스디앤비,review,원문에서 ���주기업 여부를 확정하지 못함,2026-06,,,,,,False,원문·기업 IR 추가 조사,https://dart.fss.or.kr/dsaf001/main.do?rcpNo=20260814001736
130660,한전산업,confirmed,단일판매·공급계약 공시 확인 (전체 수주량은 별도 조사),2026-06,,,,,,False,원문·기업 IR 추가 조사,https://dart.fss.or.kr/dsaf001/main.do?rcpNo=20260930800058
131030,옵투스제약,review,원문에서 수주기업 여부를 확정하지 못함,2026-06,,,,,,False,원문·기업 IR 추가 조사,https://dart.fss.or.kr/dsaf001/main.do?rcpNo=20260814000735
131290,티에스이,confirmed,정기보고서·공식 IR 수주 수치 확인,2026-06,회사 공시 합계,억원,1319.12,,37.94718954248364,False,신규수주 직접값 미확보: 원문표·그림·기업 IR 추가 조사 필요,https://dart.fss.or.kr/dsaf001/main.do?rcpNo=20260814002616
131970,두산테스나,review,원문에서 수주기업 여부를 확정하지 못함,2026-06,,,,,,False,원문·기업 IR 추가 조사,https://dart.fss.or.kr/dsaf001/main.do?rcpNo=20260814002891
134380,미원화학,review,원문에서 수주기업 여부를 확정하지 못함,2026-06,,,,,,False,원문·기업 IR 추가 조사,https://dart.fss.or.kr/dsaf001/main.do?rcpNo=20260814000187
134580,엔키AX,review,원문에서 수주기업 여부를 확정하지 못함,2026-06,,,,,,False,원문·기업 IR 추가 조사,https://dart.fss.or.kr/dsaf001/main.do?rcpNo=20260814000437
136150,원일티엔아이,confirmed,정기보고서·공식 IR 수주 수치 확인,2026-06,회사 공시 합계,억원,511.14,,21.827628944608634,False,신규수주 직접값 미확보: 원문표·그림·기업 IR 추가 조사 필요,https://dart.fss.or.kr/dsaf001/main.do?rcpNo=20260814000662
136480,하림,review,원문에서 수주기업 여부를 확정하지 못함,2026-06,,,,,,False,원문·기업 IR 추가 조사,https://dart.fss.or.kr/dsaf001/main.do?rcpNo=20260812000697
136490,선진,review,원문에서 수주기업 여부를 확정하지 못함,2026-06,,,,,,False,원문·기업 IR 추가 조사,https://dart.fss.or.kr/dsaf001/main.do?rcpNo=20260813001556
136540,윈스테크넷,review,원문에서 수주기업 여부를 확정하지 못함,2026-06,,,,,,False,원문·기업 IR 추가 조사,https://dart.fss.or.kr/dsaf001/main.do?rcpNo=20260813001748
137310,에스디바이오센서,review,원문에서 수주기업 여부를 확정하지 못함,2026-06,,,,,,False,원문·기업 IR 추가 조사,https://dart.fss.or.kr/dsaf001/main.do?rcpNo=20260814002250
137400,피엔티,confirmed,수주 내역 비공개 명시,2026-06,,,,,,False,원문·기업 IR 추가 조사,https://dart.fss.or.kr/dsaf001/main.do?rcpNo=20260812000454
138080,오이솔루션,confirmed,정기보고서·공식 IR 수주 수치 확인,2026-06,회사 공시 합계,억원,421.36,,75.39857636431755,False,신규수주 직접값 미확보: 원문표·그림·기업 IR 추가 조사 필요,https://dart.fss.or.kr/dsaf001/main.do?rcpNo=20260814002929
138360,앤로보틱스,confirmed,정기보고서·공식 IR 수주 수치 확인,2026-06,회사 공시 합계,억원,55.16,,0,False,신규수주 직접값 미확보: 원문표·그림·기업 IR 추가 조사 필요,https://dart.fss.or.kr/dsaf001/main.do?rcpNo=20260814001624
138610,나이벡,review,원문에서 수주기업 여부를 확정하지 못함,2026-06,,,,,,False,원문·기업 IR 추가 조사,https://dart.fss.or.kr/dsaf001/main.do?rcpNo=20260814001611
139480,이마트,confirmed,정기보고서·공식 IR 수주 수치 확인,2026-06,회사 공시 합계,억원,18874.95,,-8.987041166897713,False,신규수주 직접값 미확보: 원문표·그림·기업 IR 추가 조사 필요,https://dart.fss.or.kr/dsaf001/main.do?rcpNo=20260814002794
140410,메지온,review,원문에서 수주기업 여부를 확정하지 못함,2026-06,,,,,,False,원문·기업 IR 추가 조사,https://dart.fss.or.kr/dsaf001/main.do?rcpNo=20260814003105
140670,알에스오토메이션,confirmed,정기보고서·공식 IR 수주 수치 확인,2026-06,회사 공시 합계,억원,202.05,,4.337722695584811,False,신규수주 직접값 미확보: 원문표·그림·기업 IR 추가 조사 필요,https://dart.fss.or.kr/dsaf001/main.do?rcpNo=20260814002367
140860,파크시스템스,confirmed,정기보고서·공식 IR 수주 수치 확인,2026-06,공식 IR 전체 제품,억원,1125,784,29.16188289322619,True,,https://dart.fss.or.kr/dsaf001/main.do?rcpNo=20260814004158
141000,비아트론,confirmed,정기보고서·공식 IR 수주 수치 확인,2026-06,회사 공시 합계,억원,283.41,,6.701554911336172,False,신규수주 직접값 미확보: 원문표·그림·기업 IR 추가 조사 필요,https://dart.fss.or.kr/dsaf001/main.do?rcpNo=20260814001535
141080,리가켐바이오,review,원문에서 수주기업 여부를 확정하지 못함,2026-06,,,,,,False,원문·기업 IR 추가 조사,https://dart.fss.or.kr/dsaf001/main.do?rcpNo=20260814003700
142210,유니트론텍,review,원문에서 수주기업 여부를 확정하지 못함,2026-06,,,,,,False,원문·기업 IR 추가 조사,https://dart.fss.or.kr/dsaf001/main.do?rcpNo=20260814001041
142280,녹십자엠에스,confirmed,정기보고서·공식 IR 수주 수치 확인,2026-06,회사 공시 단일행,억원,79.41,,,False,신규수주 직접값 미확보: 원문표·그림·기업 IR 추가 조사 필요 / QoQ 미확보: 같은 범위·통화의 연속 분기 잔고 필요,https://dart.fss.or.kr/dsaf001/main.do?rcpNo=20260814003325
143160,아이디스,review,원문에서 수주기업 여부를 확정하지 못함,2026-06,,,,,,False,원문·기업 IR 추가 조사,https://dart.fss.or.kr/dsaf001/main.do?rcpNo=20260814001706
143240,사람인,review,원문에서 수주기업 여부를 확정하지 못함,2026-06,,,,,,False,원문·기업 IR 추가 조사,https://dart.fss.or.kr/dsaf001/main.do?rcpNo=20260813001060
144510,지씨셀,review,원문에서 수주기업 여부를 확정하지 못함,2026-06,,,,,,False,원문·기업 IR 추가 조사,https://dart.fss.or.kr/dsaf001/main.do?rcpNo=20260814002597
144960,뉴파워프라즈마,review,원문에서 수주기업 여부를 확정하지 못함,2026-06,,,,,,False,원문·기업 IR 추가 조사,https://dart.fss.or.kr/dsaf001/main.do?rcpNo=20260814001986
145020,휴젤,review,원문에서 수주기업 여부를 확정하지 못함,2026-06,,,,,,False,원문·기업 IR 추가 조사,https://dart.fss.or.kr/dsaf001/main.do?rcpNo=20260814001402
145720,덴티움,not_applicable,원문에서 수주사업 비해당 명시,2026-06,,,,,,False,원문·기업 IR 추가 조사,https://dart.fss.or.kr/dsaf001/main.do?rcpNo=20260814002940
145990,삼양사,review,원문에서 수주기업 여부를 확정하지 못함,2026-06,,,,,,False,원문·기업 IR 추가 조사,https://dart.fss.or.kr/dsaf001/main.do?rcpNo=20260814002459
146320,비씨엔씨,review,원문에서 수주기업 여부를 확정하지 못함,2026-06,,,,,,False,원문·기업 IR 추가 조사,https://dart.fss.or.kr/dsaf001/main.do?rcpNo=20260814002007
147760,피엠티,confirmed,단일판매·공급계약 공시 확인 (전체 수주량은 별도 조사),,,,,,,False,원문·기업 IR 추가 조사,https://dart.fss.or.kr/dsaf001/main.do?rcpNo=20261008900690
147830,제룡산업,confirmed,정기보고서·공식 IR 수주 수치 확인,2026-06,회사 공시 합계,억원,53.51,,-54.15917073588623,False,신규수주 직접값 미확보: 원문표·그림·기업 IR 추가 조사 필요,https://dart.fss.or.kr/dsaf001/main.do?rcpNo=20260814000834
148150,세경하이테크,review,원문에서 수주기업 여부를 확정하지 못함,2026-06,,,,,,False,원문·기업 IR 추가 조사,https://dart.fss.or.kr/dsaf001/main.do?rcpNo=20260814002719
149950,아바텍,review,원문에서 수주기업 여부를 확정하지 못함,2026-06,,,,,,False,원문·기업 IR 추가 조사,https://dart.fss.or.kr/dsaf001/main.do?rcpNo=20260814002938
151860,KG에코솔루션,confirmed,정기보고서·공식 IR 수주 수치 확인,2026-06,[판재부문] / 회사 공시 합계,억원,89.84,,-25.856235041676978,False,신규수주 직접값 미확보: 원문표·그림·기업 IR 추가 조사 필요,https://dart.fss.or.kr/dsaf001/main.do?rcpNo=20260814002621
156100,엘앤케이바이오,review,원문에서 수주기업 여부를 확정하지 못함,2026-06,,,,,,False,원문·기업 IR 추가 조사,https://dart.fss.or.kr/dsaf001/main.do?rcpNo=20260930000625
158430,아톤,review,원문에서 수주기업 여부를 확정하지 못함,2026-06,,,,,,False,원문·기업 IR 추가 조사,https://dart.fss.or.kr/dsaf001/main.do?rcpNo=20260814001016
159010,아스플로,review,원문에서 수주기업 여부를 확정하지 못함,2026-06,,,,,,False,원문·기업 IR 추가 조사,https://dart.fss.or.kr/dsaf001/main.do?rcpNo=20260813001412
160190,하이젠알앤엠,review,원문에서 수주기업 여부를 확정하지 못함,2026-06,,,,,,False,원문·기업 IR 추가 조사,https://dart.fss.or.kr/dsaf001/main.do?rcpNo=20260814000515
160980,싸이맥스,review,원문에서 수주기업 여부를 확정하지 못함,2026-06,,,,,,False,원문·기업 IR 추가 조사,https://dart.fss.or.kr/dsaf001/main.do?rcpNo=20260814000884
161000,애경케미칼,review,원문에서 수주기업 여부를 확정하지 못함,2026-06,,,,,,False,원문·기업 IR 추가 조사,https://dart.fss.or.kr/dsaf001/main.do?rcpNo=20260814002591
161390,한국타이어앤테크놀로지,review,원문에서 수주기업 여부를 확정하지 못함,2026-06,,,,,,False,원문·기업 IR 추가 조사,https://dart.fss.or.kr/dsaf001/main.do?rcpNo=20260814003878
161580,필옵틱스,confirmed,정기보고서·공식 IR 수주 수치 확인,2026-06,회사 공시 합계,억원,1258.24,,13.315141526850915,False,신규수주 직접값 미확보: 원문표·그림·기업 IR 추가 조사 필요,https://dart.fss.or.kr/dsaf001/main.do?rcpNo=20260814002796
161890,한국콜마,review,원문에서 수주기업 여부를 확정하지 못함,2026-06,,,,,,False,원문·기업 IR 추가 조사,https://dart.fss.or.kr/dsaf001/main.do?rcpNo=20260814002721
162300,신스틸,review,원문에서 수주기업 여부를 확정하지 못함,2026-06,,,,,,False,원문·기업 IR 추가 조사,https://dart.fss.or.kr/dsaf001/main.do?rcpNo=20260814001822
163730,핑거,confirmed,정기보고서·공식 IR 수주 수치 확인,2026-06,인력관리 노하우를 통한 높은 가동률 / 회사 공시 합계,억원,399.91,,0,False,신규수주 직접값 미확보: 원문표·그림·기업 IR 추가 조사 필요,https://dart.fss.or.kr/dsaf001/main.do?rcpNo=20260814003937
166090,하나머티리얼즈,review,원문에서 수주기업 여부를 확정하지 못함,2026-06,,,,,,False,원문·기업 IR 추가 조사,https://dart.fss.or.kr/dsaf001/main.do?rcpNo=20260813001255
166480,코아스템켐온,confirmed,정기보고서·공식 IR 수주 수치 확인,2026-06,회사 공시 합계,억원,126.92,,,False,신규수주 직접값 미확보: 원문표·그림·기업 IR 추가 조사 필요 / QoQ 미확보: 같은 범위·통화의 연속 분기 잔고 필요,https://dart.fss.or.kr/dsaf001/main.do?rcpNo=20260814002892
168360,펨트론,confirmed,단일판매·공급계약 공시 확인 (전체 수주량은 별도 조사),2026-06,,,,,,False,원문·기업 IR 추가 조사,https://dart.fss.or.kr/dsaf001/main.do?rcpNo=20260930900678
170900,동아에스티,review,원문에서 수주기업 여부를 확정하지 못함,2026-06,,,,,,False,원문·기업 IR 추가 조사,https://dart.fss.or.kr/dsaf001/main.do?rcpNo=20260820000424
170920,엘티씨,confirmed,정기보고서·공식 IR 수주 수치 확인,2026-06,회사 공시 단일행,억원,48.42,,,False,신규수주 직접값 미확보: 원문표·그림·기업 IR 추가 조사 필요 / QoQ 미확보: 같은 범위·통화의 연속 분기 잔고 필요,https://dart.fss.or.kr/dsaf001/main.do?rcpNo=20260813001364
171090,선익시스템,confirmed,정기보고서·공식 IR 수주 수치 확인,2026-06,회사 공시 합계,억원,6420.05,,10.258418302067952,False,신규수주 직접값 미확보: 원문표·그림·기업 IR 추가 조사 필요,https://dart.fss.or.kr/dsaf001/main.do?rcpNo=20260814003806
172670,에이엘티,review,원문에서 수주기업 여부를 확정하지 못함,2026-06,,,,,,False,원문·기업 IR 추가 조사,https://dart.fss.or.kr/dsaf001/main.do?rcpNo=20260814002290
173130,오파스넷,confirmed,정기보고서·공식 IR 수주 수치 확인,2026-06,회사 공시 합계,억원,1482.77,,2.6493596400138486,False,신규수주 직접값 미확보: 원문표·그림·기업 IR 추가 조사 필요,https://dart.fss.or.kr/dsaf001/main.do?rcpNo=20260814000094
174900,앱클론,confirmed,단일판매·공급계약 공시 확인 (전체 수주량은 별도 조사),2026-06,,,,,,False,원문·기업 IR 추가 조사,https://dart.fss.or.kr/dsaf001/main.do?rcpNo=20260930900401
176750,듀켐바이오,review,원문에서 수주기업 여부를 확정하지 못함,2026-06,,,,,,False,원문·기업 IR 추가 조사,https://dart.fss.or.kr/dsaf001/main.do?rcpNo=20260814002701
178320,서진시스템,review,원문에서 수주기업 여부를 확정하지 못함,2026-06,,,,,,False,원문·기업 IR 추가 조사,https://dart.fss.or.kr/dsaf001/main.do?rcpNo=20260814004243
178920,PI첨단소재,review,원문에서 수주기업 여부를 확정하지 못함,2026-06,,,,,,False,원문·기업 IR 추가 조사,https://dart.fss.or.kr/dsaf001/main.do?rcpNo=20260814000420
179290,엠아이텍,confirmed,정기보고서·공식 IR 수주 수치 확인,2026-06,회사 공시 합계,억원,55.19,,-32.973038620354636,False,신규수주 직접값 미확보: 원문표·그림·기업 IR 추가 조사 필요,https://dart.fss.or.kr/dsaf001/main.do?rcpNo=20260814002272
181710,NHN,review,원문에서 수주기업 여부를 확정하지 못함,2026-06,,,,,,False,원문·기업 IR 추가 조사,https://dart.fss.or.kr/dsaf001/main.do?rcpNo=20260814003830
182360,큐브엔터,confirmed,정기보고서·공식 IR 수주 수치 확인,2026-06,회사 공시 합계,억원,853.74,,-1.879115953522048,False,신규수주 직접값 미확보: 원문표·그림·기업 IR 추가 조사 필요,https://dart.fss.or.kr/dsaf001/main.do?rcpNo=20260813001647
183190,아세아시멘트,review,원문에서 수주기업 여부를 확정하지 못함,2026-06,,,,,,False,원문·기업 IR 추가 조사,https://dart.fss.or.kr/dsaf001/main.do?rcpNo=20260814002255
183300,코미코,review,원문에서 수주기업 여부를 확정하지 못함,2026-06,,,,,,False,원문·기업 IR 추가 조사,https://dart.fss.or.kr/dsaf001/main.do?rcpNo=20260814003614
185750,종근당,review,원문에서 수주기업 여부를 확정하지 못함,2026-06,,,,,,False,원문·기업 IR 추가 조사,https://dart.fss.or.kr/dsaf001/main.do?rcpNo=20260814003547
187660,페니트리움바이오,confirmed,정기보고서·공식 IR 수주 수치 확인,2026-06,회사 공시 단일행,억원,185.99,,-0.5773239963649868,False,신규수주 직접값 미확보: 원문표·그림·기업 IR 추가 조사 필요,https://dart.fss.or.kr/dsaf001/main.do?rcpNo=20260814002474
187790,나노,confirmed,정기보고서·공식 IR 수주 수치 확인,2026-06,회사 공시 합계,억원,623.7,,16.94667366684166,False,신규수주 직접값 미확보: 원문표·그림·기업 IR 추가 조사 필요,https://dart.fss.or.kr/dsaf001/main.do?rcpNo=20260814001571
187870,디바이스,confirmed,수주 내역 비공개 명시,2026-06,,,,,,False,원문·기업 IR 추가 조사,https://dart.fss.or.kr/dsaf001/main.do?rcpNo=20260814001720
189300,인텔리안테크,confirmed,정기보고서·공식 IR 수주 수치 확인,2026-06,공시 공개 항목: 중궤도 User terminal(SES),억원,60.36,,,False,신규수주 직접값 미확보: 원문표·그림·기업 IR 추가 조사 필요 / QoQ 미확보: 같은 범위·통화의 연속 분기 잔고 필요,https://dart.fss.or.kr/dsaf001/main.do?rcpNo=20260814002495
189330,씨이랩,confirmed,정기보고서·공식 IR 수주 수치 확인,2026-06,회사 공시 합계,억원,31.71,,23.002327385570197,False,신규수주 직접값 미확보: 원문표·그림·기업 IR 추가 조사 필요,https://dart.fss.or.kr/dsaf001/main.do?rcpNo=20260813001284
190510,나무가,review,원문에서 수주기업 여부를 확정하지 못함,2026-06,,,,,,False,원문·기업 IR 추가 조사,https://dart.fss.or.kr/dsaf001/main.do?rcpNo=20260814002273
192080,더블유게임즈,review,원문에서 수주기업 여부를 확정하지 못함,2026-06,,,,,,False,원문·기업 IR 추가 조사,https://dart.fss.or.kr/dsaf001/main.do?rcpNo=20260814003909
192410,오늘이엔엠,review,원문에서 수주기업 여부를 확정하지 못함,2026-06,,,,,,False,원문·기업 IR 추가 조사,https://dart.fss.or.kr/dsaf001/main.do?rcpNo=20260814003822
192440,슈피겐코리아,review,원문에서 수주기업 여부를 확정하지 못함,2026-06,,,,,,False,원문·기업 IR 추가 조사,https://dart.fss.or.kr/dsaf001/main.do?rcpNo=20260814003403
192650,드림텍,review,원문에서 수주기업 여부를 확정하지 못함,2026-06,,,,,,False,원문·기업 IR 추가 조사,https://dart.fss.or.kr/dsaf001/main.do?rcpNo=20260814004101
192820,코스맥스,review,원문에서 수주기업 여부를 확정하지 못함,2026-06,,,,,,False,원문·기업 IR 추가 조사,https://dart.fss.or.kr/dsaf001/main.do?rcpNo=20260813001436
194370,제이에스코퍼레이션,review,원문에서 수주기업 여부를 확정하지 못함,2026-06,,,,,,False,원문·기업 IR 추가 조사,https://dart.fss.or.kr/dsaf001/main.do?rcpNo=20260814003064
194480,데브시스터즈,review,원문에서 수주기업 여부를 확정하지 못함,2026-06,,,,,,False,원문·기업 IR 추가 조사,https://dart.fss.or.kr/dsaf001/main.do?rcpNo=20260814003856
194700,노바렉스,review,원문에서 수주기업 여부를 확정하지 못함,2026-06,,,,,,False,원문·기업 IR 추가 조사,https://dart.fss.or.kr/dsaf001/main.do?rcpNo=20260814002184
195870,해성디에스,confirmed,수주 내역 비공개 명시,2026-06,,,,,,False,원문·기업 IR 추가 조사,https://dart.fss.or.kr/dsaf001/main.do?rcpNo=20260814003884
195940,HK이노엔,review,원문에서 수주기업 여부를 확정하지 못함,2026-06,,,,,,False,원문·기업 IR 추가 조사,https://dart.fss.or.kr/dsaf001/main.do?rcpNo=20260814002168
196170,알테오젠,confirmed,정기보고서·공식 IR 수주 수치 확인,2026-06,주요계약(전체 회사 아님),억원,53.78,,,False,최신 정기보고서 기간의 수치 미확보 / 신규수주 직접값 미확보: 원문표·그림·기업 IR 추가 조사 필요 / QoQ 미확보: 같은 범위·통화의 연속 분기 잔고 필요,https://dart.fss.or.kr/dsaf001/main.do?rcpNo=20240516000132
198440,강동씨앤엘,review,원문에서 수주기업 여부를 확정하지 못함,2026-06,,,,,,False,원문·기업 IR 추가 조사,https://dart.fss.or.kr/dsaf001/main.do?rcpNo=20260930000364
199430,케이엔알시스템,confirmed,단일판매·공급계약 공시 확인 (전체 수주량은 별도 조사),2026-06,,,,,,False,원문·기업 IR 추가 조사,https://dart.fss.or.kr/dsaf001/main.do?rcpNo=20260930901316
199800,툴젠,review,원문에서 수주기업 여부를 확정하지 못함,2026-06,,,,,,False,원문·기업 IR 추가 조사,https://dart.fss.or.kr/dsaf001/main.do?rcpNo=20260814001590
199820,제일일렉트릭,confirmed,정기보고서·공식 IR 수주 수치 확인,2026-06,회사 공시 합계,억원,909.99,,12.154750606998043,False,신규수주 직접값 미확보: 원문표·그림·기업 IR 추가 조사 필요,https://dart.fss.or.kr/dsaf001/main.do?rcpNo=20260814003693
200130,콜마비앤에이치,review,원문에서 수주기업 여부를 확정하지 못함,2026-06,,,,,,False,원문·기업 IR 추가 조사,https://dart.fss.or.kr/dsaf001/main.do?rcpNo=20260814003502
200470,에이팩트,review,원문에서 수주기업 여부를 확정하지 못함,2026-06,,,,,,False,원문·기업 IR 추가 조사,https://dart.fss.or.kr/dsaf001/main.do?rcpNo=20260814000068
200670,휴메딕스,review,원문에서 수주기업 여부를 확정하지 못함,2026-06,,,,,,False,원문·기업 IR 추가 조사,https://dart.fss.or.kr/dsaf001/main.do?rcpNo=20260814001557
200710,에이디테크놀로지,confirmed,수주 내역 비공개 명시,2026-06,,,,,,False,원문·기업 IR 추가 조사,https://dart.fss.or.kr/dsaf001/main.do?rcpNo=20260814002567
200880,서연이화,review,원문에서 수주기업 여부를 확정하지 못함,2026-06,,,,,,False,원문·기업 IR 추가 조사,https://dart.fss.or.kr/dsaf001/main.do?rcpNo=20260814003429
201490,미투온,not_applicable,원문에서 수주사업 비해당 명시,2026-06,,,,,,False,원문·기업 IR 추가 조사,https://dart.fss.or.kr/dsaf001/main.do?rcpNo=20260814004166
203650,드림시큐리티,review,원문에서 수주기업 여부를 확정하지 못함,2026-06,,,,,,False,원문·기업 IR 추가 조사,https://dart.fss.or.kr/dsaf001/main.do?rcpNo=20260814001026
204270,제이앤티씨,review,원문에서 수주기업 여부를 확정하지 못함,2026-06,,,,,,False,원문·기업 IR 추가 조사,https://dart.fss.or.kr/dsaf001/main.do?rcpNo=20260814004289
204320,HL만도,confirmed,정기보고서·공식 IR 수주 수치 확인,2026-06,Total Marketing 활동 강화 / 회사 공시 합계,억원,9432.28,,-4.117089157684695,False,신규수주 직접값 미확보: 원문표·그림·기업 IR 추가 조사 필요,https://dart.fss.or.kr/dsaf001/main.do?rcpNo=20260814004041
204610,티쓰리,review,원문에서 수주기업 여부를 확정하지 못함,2026-06,,,,,,False,원문·기업 IR 추가 조사,https://dart.fss.or.kr/dsaf001/main.do?rcpNo=20260814002179
205500,넥써쓰,review,원문에서 수주기업 여부를 확정하지 못함,2026-06,,,,,,False,원문·기업 IR 추가 조사,https://dart.fss.or.kr/dsaf001/main.do?rcpNo=20260814002656
206640,바디텍메드,review,원문에서 수주기업 여부를 확정하지 못함,2026-06,,,,,,False,원문·기업 IR 추가 조사,https://dart.fss.or.kr/dsaf001/main.do?rcpNo=20260814001734
206650,유바이오로직스,confirmed,정기보고서·공식 IR 수주 수치 확인,2026-06,회사 공시 합계,백만USD,73.112,,-22.3765235486474,False,신규수주 직접값 미확보: 원문표·그림·기업 IR 추가 조사 필요,https://dart.fss.or.kr/dsaf001/main.do?rcpNo=20260813001113
207940,삼성바이오로직스,confirmed,정기보고서·공식 IR 수주 수치 확인,2026-06,최소구매물량(확정 계약),백만USD,9923,,-3.397585669781933,False,신규수주 직접값 미확보: 원문표·그림·기업 IR 추가 조사 필요,https://dart.fss.or.kr/dsaf001/main.do?rcpNo=20260814003375
209640,와이제이링크,confirmed,정기보고서·공식 IR 수주 수치 확인,2026-06,회사 공시 합계,억원,41.4,,0,False,신규수주 직접값 미확보: 원문표·그림·기업 IR 추가 조사 필요,https://dart.fss.or.kr/dsaf001/main.do?rcpNo=20260814000588
210540,디와이파워,review,원문에서 수주기업 여부를 확정하지 못함,2026-06,,,,,,False,원문·기업 IR 추가 조사,https://dart.fss.or.kr/dsaf001/main.do?rcpNo=20260813001631
211270,AP위성,confirmed,정기보고서·공식 IR 수주 수치 확인,2026-06,회사 공시 합계,억원,188.57,,-22.36083662714098,False,신규수주 직접값 미확보: 원문표·그림·기업 IR 추가 조사 필요,https://dart.fss.or.kr/dsaf001/main.do?rcpNo=20260814000726
212560,네오오토,confirmed,정기보고서·공식 IR 수주 수치 확인,2026-06,회사 공시 합계,억원,9548.85,,-6.172343350355359,False,신규수주 직접값 미확보: 원문표·그림·기업 IR 추가 조사 필요,https://dart.fss.or.kr/dsaf001/main.do?rcpNo=20260814003021
213420,덕산네오룩스,confirmed,정기보고서·공식 IR 수주 수치 확인,2026-06,회사 공시 합계,억원,3915.93,,16.40591790204009,False,신규수주 직접값 미확보: 원문표·그림·기업 IR 추가 조사 필요,https://dart.fss.or.kr/dsaf001/main.do?rcpNo=20260813001263
213500,한솔제지,confirmed,정기보고서·공식 IR 수주 수치 확인,2026-06,회사 공시 합계,억원,2471.74,,9.83948949482738,False,신규수주 직접값 미확보: 원문표·그림·기업 IR 추가 조사 필요,https://dart.fss.or.kr/dsaf001/main.do?rcpNo=20260813001710
214150,클래시스,review,원문에서 수주기업 여부를 확정하지 못함,2026-06,,,,,,False,원문·기업 IR 추가 조사,https://dart.fss.or.kr/dsaf001/main.do?rcpNo=20260814004072
214180,헥토이노베이션,review,원문에서 수주기업 여부를 확정하지 못함,2026-06,,,,,,False,원문·기업 IR 추가 조사,https://dart.fss.or.kr/dsaf001/main.do?rcpNo=20260814003657
214320,이노션,review,원문에서 수주기업 여부를 확정하지 못함,2026-06,,,,,,False,원문·기업 IR 추가 조사,https://dart.fss.or.kr/dsaf001/main.do?rcpNo=20260814004031
214370,케어젠,review,원문에서 수주기업 여부를 확정하지 못함,2026-06,,,,,,False,원문·기업 IR 추가 조사,https://dart.fss.or.kr/dsaf001/main.do?rcpNo=20260814002810
214390,경보제약,review,원문에서 수주기업 여부를 확정하지 못함,2026-06,,,,,,False,원문·기업 IR 추가 조사,https://dart.fss.or.kr/dsaf001/main.do?rcpNo=20260814003323
214420,토니모리,review,원문에서 수주기업 여부를 확정하지 못함,2026-06,,,,,,False,원문·기업 IR 추가 조사,https://dart.fss.or.kr/dsaf001/main.do?rcpNo=20260814003383
214430,아이쓰리시스템,confirmed,정기보고서·공식 IR 수주 수치 확인,2026-06,회사 공시 합계,억원,963.55,,-11.891916605705921,False,신규수주 직접값 미확보: 원문표·그림·기업 IR 추가 조사 필요,https://dart.fss.or.kr/dsaf001/main.do?rcpNo=20260813000390
214450,파마리서치,review,원문에서 수주기업 여부를 확정하지 못함,2026-06,,,,,,False,원문·기업 IR 추가 조사,https://dart.fss.or.kr/dsaf001/main.do?rcpNo=20260814002997
215000,골프존,review,원문에서 수주기업 여부를 확정하지 못함,2026-06,,,,,,False,원문·기업 IR 추가 조사,https://dart.fss.or.kr/dsaf001/main.do?rcpNo=20260814003624
215200,메가스터디교육,review,원문에서 수주기업 여부를 확정하지 못함,2026-06,,,,,,False,원문·기업 IR 추가 조사,https://dart.fss.or.kr/dsaf001/main.do?rcpNo=20260814004117
215600,신라젠,review,원문에서 수주기업 여부를 확정하지 못함,2026-06,,,,,,False,원문·기업 IR 추가 조사,https://dart.fss.or.kr/dsaf001/main.do?rcpNo=20260814002683
216080,제테마,review,원문에서 수주기업 여부를 확정하지 못함,2026-06,,,,,,False,원문·기업 IR 추가 조사,https://dart.fss.or.kr/dsaf001/main.do?rcpNo=20260814001064
217190,제너셈,confirmed,정기보고서·공식 IR 수주 수치 확인,2026-06,회사 공시 단일행,억원,749.16,,76.43900141309466,False,신규수주 직접값 미확보: 원문표·그림·기업 IR 추가 조사 필요,https://dart.fss.or.kr/dsaf001/main.do?rcpNo=20260813000859
217270,넵튠,review,원문에서 수주기업 여부를 확정하지 못함,2026-06,,,,,,False,원문·기업 IR 추가 조사,https://dart.fss.or.kr/dsaf001/main.do?rcpNo=20260814002821
217730,강스템바이오텍,confirmed,정기보고서·공식 IR 수주 수치 확인,2026-06,[비임상사업부문] / 회사 공시 단일행,억원,108.15,,,False,최신 정기보고서 기간의 수치 미확보 / 신규수주 직접값 미확보: 원문표·그림·기업 IR 추가 조사 필요 / QoQ 미확보: 같은 범위·통화의 연속 분기 잔고 필요,https://dart.fss.or.kr/dsaf001/main.do?rcpNo=20240516000984
217820,원익피앤이,confirmed,정기보고서·공식 IR 수주 수치 확인,2026-06,회사 공시 명시 잔고,억원,2691,,1.9704433497536922,False,신규수주 직접값 미확보: 원문표·그림·기업 IR 추가 조사 필요,https://dart.fss.or.kr/dsaf001/main.do?rcpNo=20260814003087
218410,RFHIC,confirmed,정기보고서·공식 IR 수주 수치 확인,2026-06,회사 공시 단일행,억원,1994.8,,6.030807828462703,False,신규수주 직접값 미확보: 원문표·그림·기업 IR 추가 조사 필요,https://dart.fss.or.kr/dsaf001/main.do?rcpNo=20260814001022
219130,타이거일렉,review,원문에서 수주기업 여부를 확정하지 못함,2026-06,,,,,,False,원문·기업 IR 추가 조사,https://dart.fss.or.kr/dsaf001/main.do?rcpNo=20260814002236
220100,퓨쳐켐,confirmed,정기보고서·공식 IR 수주 수치 확인,2026-06,회사 공시 합계,억원,0.01,,,False,최신 정기보고서 기간의 수치 미확보 / 신규수주 직접값 미확보: 원문표·그림·기업 IR 추가 조사 필요 / QoQ 미확보: 같은 범위·통화의 연속 분기 잔고 필요,https://dart.fss.or.kr/dsaf001/main.do?rcpNo=20240813001266
220260,켐트로스,review,원문에서 수주기업 여부를 확정하지 못함,2026-06,,,,,,False,원문·기업 IR 추가 조사,https://dart.fss.or.kr/dsaf001/main.do?rcpNo=20260813000610
222040,코스맥스엔비티,review,원문에서 수주기업 여부를 확정하지 못함,2026-06,,,,,,False,원문·기업 IR 추가 조사,https://dart.fss.or.kr/dsaf001/main.do?rcpNo=20260813001187
222080,SFA넥셀,confirmed,정기보고서·공식 IR 수주 수치 확인,2026-06,회사 공시 합계,억원,2750.7,308.29999999999995,-12.581000899392048,True,,https://dart.fss.or.kr/dsaf001/main.do?rcpNo=20260818000223
222800,심텍,confirmed,정기보고서·공식 IR 수주 수치 확인,2026-06,회사 공시 합계,백만USD,392.355,,18.67644256508445,False,신규수주 직접값 미확보: 원문표·그림·기업 IR 추가 조사 필요,https://dart.fss.or.kr/dsaf001/main.do?rcpNo=20260813001430
225570,넥슨게임즈,review,원문에서 수주기업 여부를 확정하지 못함,2026-06,,,,,,False,원문·기업 IR 추가 조사,https://dart.fss.or.kr/dsaf001/main.do?rcpNo=20260813001154
226320,잇츠한불,review,원문에서 수주기업 여부를 확정하지 못함,2026-06,,,,,,False,원문·기업 IR 추가 조사,https://dart.fss.or.kr/dsaf001/main.do?rcpNo=20260814002606
226590,엠디바이스,review,원문에서 수주기업 여부를 확정하지 못함,2026-06,,,,,,False,원문·기업 IR 추가 조사,https://dart.fss.or.kr/dsaf001/main.do?rcpNo=20260908000368
226950,올릭스,review,원문에서 수주기업 여부를 확정하지 못함,2026-06,,,,,,False,원문·기업 IR 추가 조사,https://dart.fss.or.kr/dsaf001/main.do?rcpNo=20260814002988
227840,현대코퍼레이션홀딩스,review,원문에서 수주기업 여부를 확정하지 못함,2026-06,,,,,,False,원문·기업 IR 추가 조사,https://dart.fss.or.kr/dsaf001/main.do?rcpNo=20260813001747
228760,지노믹트리,review,원문에서 수주기업 여부를 확정하지 못함,2026-06,,,,,,False,원문·기업 IR 추가 조사,https://dart.fss.or.kr/dsaf001/main.do?rcpNo=20260814003014
228850,레이언스,review,원문에서 수주기업 여부를 확정하지 못함,2026-06,,,,,,False,원문·기업 IR 추가 조사,https://dart.fss.or.kr/dsaf001/main.do?rcpNo=20260814002267
230240,에치에프알,confirmed,정기보고서·공식 IR 수주 수치 확인,2026-06,공시 항목 합산(표 범위),억원,304.56,310.34999999999997,1838.6378103119032,True,,https://dart.fss.or.kr/dsaf001/main.do?rcpNo=20260814002714
232140,와이씨,confirmed,정기보고서·공식 IR 수주 수치 확인,2026-06,회사 공시 합계,억원,2142.1,,,False,신규수주 직접값 미확보: 원문표·그림·기업 IR 추가 조사 필요 / QoQ 미확보: 같은 범위·통화의 연속 분기 잔고 필요,https://dart.fss.or.kr/dsaf001/main.do?rcpNo=20260814001745
232680,라온로보틱스,confirmed,정기보고서·공식 IR 수주 수치 확인,2026-06,회사 공시 합계,억원,523.52,,78.54170929677373,False,신규수주 직접값 미확보: 원문표·그림·기업 IR 추가 조사 필요,https://dart.fss.or.kr/dsaf001/main.do?rcpNo=20260813000995
234080,JW생명과학,review,원문에서 수주기업 여부를 확정하지 못함,2026-06,,,,,,False,원문·기업 IR 추가 조사,https://dart.fss.or.kr/dsaf001/main.do?rcpNo=20260814003883
234690,녹십자웰빙,review,원문에서 수주기업 여부를 확정하지 못함,2026-06,,,,,,False,원문·기업 IR 추가 조사,https://dart.fss.or.kr/dsaf001/main.do?rcpNo=20260814001242
235980,메드팩토,review,원문에서 수주기업 여부를 확정하지 못함,2026-06,,,,,,False,원문·기업 IR 추가 조사,https://dart.fss.or.kr/dsaf001/main.do?rcpNo=20260813001636
236200,슈프리마,review,원문에서 수주기업 여부를 확정하지 못함,2026-06,,,,,,False,원문·기업 IR 추가 조사,https://dart.fss.or.kr/dsaf001/main.do?rcpNo=20260813001588
237690,에스티팜,confirmed,원문 수주표: 수주잔고,2026-06,,,,,,False,원문·기업 IR 추가 조사,https://dart.fss.or.kr/dsaf001/main.do?rcpNo=20260814003399
237880,클리오,review,원문에서 수주기업 여부를 확정하지 못함,2026-06,,,,,,False,원문·기업 IR 추가 조사,https://dart.fss.or.kr/dsaf001/main.do?rcpNo=20260814004258
240550,동방메디컬,review,원문에서 수주기업 여부를 확정하지 못함,2026-06,,,,,,False,원문·기업 IR 추가 조사,https://dart.fss.or.kr/dsaf001/main.do?rcpNo=20260814000719
240810,원익IPS,confirmed,정기보고서·공식 IR 수주 수치 확인,2026-06,회사 공시 합계,억원,6345.9,,58.49376105177977,False,신규수주 직접값 미확보: 원문표·그림·기업 IR 추가 조사 필요,https://dart.fss.or.kr/dsaf001/main.do?rcpNo=20260814001845
241560,두산밥캣,review,원문에서 수주기업 여부를 확정하지 못함,2026-06,,,,,,False,원문·기업 IR 추가 조사,https://dart.fss.or.kr/dsaf001/main.do?rcpNo=20260814003597
241590,화승엔터프라이즈,review,원문에서 수주기업 여부를 확정하지 못함,2026-06,,,,,,False,원문·기업 IR 추가 조사,https://dart.fss.or.kr/dsaf001/main.do?rcpNo=20260813000771
241710,코스메카코리아,review,원문에서 수주기업 여부를 확정하지 못함,2026-06,,,,,,False,원문·기업 IR 추가 조사,https://dart.fss.or.kr/dsaf001/main.do?rcpNo=20260814003595
241770,메카로,review,원문에서 수주기업 여부를 확정하지 못함,2026-06,,,,,,False,원문·기업 IR 추가 조사,https://dart.fss.or.kr/dsaf001/main.do?rcpNo=20260814003656
242040,나무AX,review,원문에서 수주기업 여부를 확정하지 못함,2026-06,,,,,,False,원문·기업 IR 추가 조사,https://dart.fss.or.kr/dsaf001/main.do?rcpNo=20260813000485
243070,휴온스,review,원문에서 수주기업 여부를 확정하지 못함,2026-06,,,,,,False,원문·기업 IR 추가 조사,https://dart.fss.or.kr/dsaf001/main.do?rcpNo=20260814003902
243840,신흥에스이씨,review,원문에서 수주기업 여부를 확정하지 못함,2026-06,,,,,,False,원문·기업 IR 추가 조사,https://dart.fss.or.kr/dsaf001/main.do?rcpNo=20260814003368
246710,티앤알바이오팹,review,원문에서 수주기업 여부를 확정하지 못함,2026-06,,,,,,False,원문·기업 IR 추가 조사,https://dart.fss.or.kr/dsaf001/main.do?rcpNo=20260831001010
247540,에코프로비엠,review,원문에서 수주기업 여부를 확정하지 못함,2026-06,,,,,,False,원문·기업 IR 추가 조사,https://dart.fss.or.kr/dsaf001/main.do?rcpNo=20260814002535
248070,솔루엠,review,원문에서 수주기업 여부를 확정하지 못함,2026-06,,,,,,False,원문·기업 IR 추가 조사,https://dart.fss.or.kr/dsaf001/main.do?rcpNo=20260814000937
248170,샘표식품,review,원문에서 수주기업 여부를 확정하지 못함,2026-06,,,,,,False,원문·기업 IR 추가 조사,https://dart.fss.or.kr/dsaf001/main.do?rcpNo=20261001000289
249420,일동제약,review,원문에서 수주기업 여부를 확정하지 못함,2026-06,,,,,,False,원문·기업 IR 추가 조사,https://dart.fss.or.kr/dsaf001/main.do?rcpNo=20260814002932
250060,모비스,confirmed,정기보고서·공식 IR 수주 수치 확인,2026-06,회사 공시 합계,억원,58.78,,,False,신규수주 직접값 미확보: 원문표·그림·기업 IR 추가 조사 필요 / QoQ 미확보: 같은 범위·통화의 연속 분기 잔고 필요,https://dart.fss.or.kr/dsaf001/main.do?rcpNo=20261006000433
251270,넷마블,review,원문에서 수주기업 여부를 확정하지 못함,2026-06,,,,,,False,원문·기업 IR 추가 조사,https://dart.fss.or.kr/dsaf001/main.do?rcpNo=20260814002548
251370,와이엠티,review,원문에서 수주기업 여부를 확정하지 못함,2026-06,,,,,,False,원문·기업 IR 추가 조사,https://dart.fss.or.kr/dsaf001/main.do?rcpNo=20260814003727
251970,펌텍코리아,review,원문에서 수주기업 여부를 확정하지 못함,2026-06,,,,,,False,원문·기업 IR 추가 조사,https://dart.fss.or.kr/dsaf001/main.do?rcpNo=20260814003163
252990,샘씨엔에스,confirmed,수주 내역 비공개 명시,2026-06,,,,,,False,원문·기업 IR 추가 조사,https://dart.fss.or.kr/dsaf001/main.do?rcpNo=20260814001644
253450,스튜디오드래곤,review,과거 수주 근거와 최신 비수주 문구가 다름: 사업 변경·범위 재확인 필요,2026-06,,,,,,False,원문·기업 IR 추가 조사,https://dart.fss.or.kr/dsaf001/main.do?rcpNo=20260918900139
253590,네오셈,confirmed,정기보고서·공식 IR 수주 수치 확인,2026-06,[공시통화별표/KRW] / 회사 공시 합계,억원,68.99,,,False,신규수주 직접값 미확보: 원문표·그림·기업 IR 추가 조사 필요 / QoQ 미확보: 같은 범위·통화의 연속 분기 잔고 필요,https://dart.fss.or.kr/dsaf001/main.do?rcpNo=20260814000817
254490,미래반도체,review,원문에서 수주기업 여부를 확정하지 못함,2026-06,,,,,,False,원문·기업 IR 추가 조사,https://dart.fss.or.kr/dsaf001/main.do?rcpNo=20260813000868
255220,SG,review,원문에서 수주기업 여부를 확정하지 못함,2026-06,,,,,,False,원문·기업 IR 추가 조사,https://dart.fss.or.kr/dsaf001/main.do?rcpNo=20260814003652
255440,야스,confirmed,정기보고서·공식 IR 수주 수치 확인,2026-06,회사 공시 단일행,억원,148.95,,,False,신규수주 직접값 미확보: 원문표·그림·기업 IR 추가 조사 필요 / QoQ 미확보: 같은 범위·통화의 연속 분기 잔고 필요,https://dart.fss.or.kr/dsaf001/main.do?rcpNo=20260814001714
256840,한국비엔씨,confirmed,정기보고서·공식 IR 수주 수치 확인,2026-06,회사 공시 합계,억원,4.29,,-78.94995093228655,False,최신 정기보고서 기간의 수치 미확보 / 신규수주 직접값 미확보: 원문표·그림·기업 IR 추가 조사 필요,https://dart.fss.or.kr/dsaf001/main.do?rcpNo=20260515002963
256940,킵스파마,confirmed,정기보고서·공식 IR 수주 수치 확인,2026-06,회사 공시 합계,억원,11.51,,-0.25996533795493715,False,최신 정기보고서 기간의 수치 미확보 / 신규수주 직접값 미확보: 원문표·그림·기업 IR 추가 조사 필요,https://dart.fss.or.kr/dsaf001/main.do?rcpNo=20250515002869
257720,실리콘투,not_applicable,원문에서 수주사업 비해당 명시,2026-06,,,,,,False,원문·기업 IR 추가 조사,https://dart.fss.or.kr/dsaf001/main.do?rcpNo=20260814003895
259630,엠플러스,confirmed,정기보고서·공식 IR 수주 수치 확인,2026-06,회사 공시 합계,억원,631,,-42.321755027422306,False,신규수주 직접값 미확보: 원문표·그림·기업 IR 추가 조사 필요,https://dart.fss.or.kr/dsaf001/main.do?rcpNo=20260814003181
259960,크래프톤,review,원문에서 수주기업 여부를 확정하지 못함,2026-06,,,,,,False,원문·기업 IR 추가 조사,https://dart.fss.or.kr/dsaf001/main.do?rcpNo=20260814003894
260970,에스앤디,review,원문에서 수주기업 여부를 확정하지 못함,2026-06,,,,,,False,원문·기업 IR 추가 조사,https://dart.fss.or.kr/dsaf001/main.do?rcpNo=20260814002120
261780,아리바이오LAB,review,원문에서 수주기업 여부를 확정하지 못함,2026-06,,,,,,False,원문·기업 IR 추가 조사,https://dart.fss.or.kr/dsaf001/main.do?rcpNo=20260814001240
263750,펄어비스,review,원문에서 수주기업 여부를 확정하지 못함,2026-06,,,,,,False,원문·기업 IR 추가 조사,https://dart.fss.or.kr/dsaf001/main.do?rcpNo=20260814003642
263860,지니언스,confirmed,수주 내역 비공개 명시,2026-06,,,,,,False,원문·기업 IR 추가 조사,https://dart.fss.or.kr/dsaf001/main.do?rcpNo=20260814000732
264450,유비쿼스,confirmed,정기보고서·공식 IR 수주 수치 확인,2026-06,회사 공시 합계,억원,874.87,,-15.07847914502869,False,신규수주 직접값 미확보: 원문표·그림·기업 IR 추가 조사 필요,https://dart.fss.or.kr/dsaf001/main.do?rcpNo=20260814001072
264660,씨앤지하이테크,confirmed,정기보고서·공식 IR 수주 수치 확인,2026-06,회사 공시 합계,억원,251.86,,,False,신규수주 직접값 미확보: 원문표·그림·기업 IR 추가 조사 필요 / QoQ 미확보: 같은 범위·통화의 연속 분기 잔고 필요,https://dart.fss.or.kr/dsaf001/main.do?rcpNo=20260813000962
264850,이랜시스,review,원문에서 수주기업 여부를 확정하지 못함,2026-06,,,,,,False,원문·기업 IR 추가 조사,https://dart.fss.or.kr/dsaf001/main.do?rcpNo=20260814000943
264900,크라운제과,review,원문에서 수주기업 여부를 확정하지 못함,2026-06,,,,,,False,원문·기업 IR 추가 조사,https://dart.fss.or.kr/dsaf001/main.do?rcpNo=20260814002819
265520,AP시스템,confirmed,정기보고서·공식 IR 수주 수치 확인,2026-06,회사 공시 합계,억원,2131.99,,14.351993392011387,False,신규수주 직접값 미확보: 원문표·그림·기업 IR 추가 조사 필요,https://dart.fss.or.kr/dsaf001/main.do?rcpNo=20260814003234
265740,엔에프씨,review,원문에서 수주기업 여부를 확정하지 못함,2026-06,,,,,,False,원문·기업 IR 추가 조사,https://dart.fss.or.kr/dsaf001/main.do?rcpNo=20260812000135
267260,HD현대일렉트릭,confirmed,정기보고서·공식 IR 수주 수치 확인,2026-06,공식 IR 연결 전체,백만USD,8490,1440,7.631845841784979,True,,https://dart.fss.or.kr/dsaf001/main.do?rcpNo=20260814003228
267270,HD건설기계,confirmed,단일판매·공급계약 공시 확인 (전체 수주량은 별도 조사),2026-06,,,,,,False,원문·기업 IR 추가 조사,https://dart.fss.or.kr/dsaf001/main.do?rcpNo=20261007800221
267290,경동도시가스,review,원문에서 수주기업 여부를 확정하지 못함,2026-06,,,,,,False,원문·기업 IR 추가 조사,https://dart.fss.or.kr/dsaf001/main.do?rcpNo=20260814001069
267320,나인테크,confirmed,단일판매·공급계약 공시 확인 (전체 수주량은 별도 조사),2026-06,,,,,,False,원문·기업 IR 추가 조사,https://dart.fss.or.kr/dsaf001/main.do?rcpNo=20260929900368
267850,아시아나IDT,confirmed,정기보고서·공식 IR 수주 수치 확인,2026-06,회사 공시 합계,억원,1108,,-19.12408759124088,False,신규수주 직접값 미확보: 원문표·그림·기업 IR 추가 조사 필요,https://dart.fss.or.kr/dsaf001/main.do?rcpNo=20260812000800
267980,매일유업,review,원문에서 수주기업 여부를 확정하지 못함,2026-06,,,,,,False,원문·기업 IR 추가 조사,https://dart.fss.or.kr/dsaf001/main.do?rcpNo=20260814003071
268280,미원에스씨,review,원문에서 수주기업 여부를 확정하지 못함,2026-06,,,,,,False,원문·기업 IR 추가 조사,https://dart.fss.or.kr/dsaf001/main.do?rcpNo=20260814000948
270660,에브리봇,confirmed,정기보고서·공식 IR 수주 수치 확인,2026-06,회사 공시 합계,억원,18.5,,,False,최신 정기보고서 기간의 수치 미확보 / 신규수주 직접값 미확보: 원문표·그림·기업 IR 추가 조사 필요 / QoQ 미확보: 같은 범위·통화의 연속 분기 잔고 필요,https://dart.fss.or.kr/dsaf001/main.do?rcpNo=20250515001433
271560,오리온,review,원문에서 수주기업 여부를 확정하지 못함,2026-06,,,,,,False,원문·기업 IR 추가 조사,https://dart.fss.or.kr/dsaf001/main.do?rcpNo=20260818000305
271940,일진하이솔루스,review,원문에서 수주기업 여부를 확정하지 못함,2026-06,,,,,,False,원문·기업 IR 추가 조사,https://dart.fss.or.kr/dsaf001/main.do?rcpNo=20260812000392
271980,제일약품,review,원문에서 수주기업 여부를 확정하지 못함,2026-06,,,,,,False,원문·기업 IR 추가 조사,https://dart.fss.or.kr/dsaf001/main.do?rcpNo=20260814001908
272110,케이엔제이,review,원문에서 수주기업 여부를 확정하지 못함,2026-06,,,,,,False,원문·기업 IR 추가 조사,https://dart.fss.or.kr/dsaf001/main.do?rcpNo=20260813001737
272210,한화시스템,confirmed,정기보고서·공식 IR 수주 수치 확인,2026-06,[ICT부문] / 회사 공시 합계,억원,113185.88,,-7.19728129545143,False,신규수주 직접값 미확보: 원문표·그림·기업 IR 추가 조사 필요,https://dart.fss.or.kr/dsaf001/main.do?rcpNo=20260820000123
272290,이녹스첨단소재,review,원문에서 수주기업 여부를 확정하지 못함,2026-06,,,,,,False,원문·기업 IR 추가 조사,https://dart.fss.or.kr/dsaf001/main.do?rcpNo=20260814002012
272450,진에어,review,원문에서 수주기업 여부를 확정하지 못함,2026-06,,,,,,False,원문·기업 IR 추가 조사,https://dart.fss.or.kr/dsaf001/main.do?rcpNo=20260814002710
272550,삼양패키징,review,원문에서 수주기업 여부를 확정하지 못함,2026-06,,,,,,False,원문·기업 IR 추가 조사,https://dart.fss.or.kr/dsaf001/main.do?rcpNo=20260814001520
274090,켄코아에어로스페이스,review,원문에서 수주기업 여부를 확정하지 못함,2026-06,,,,,,False,원문·기업 IR 추가 조사,https://dart.fss.or.kr/dsaf001/main.do?rcpNo=20260814003607
277810,레인보우로보틱스,review,원문에서 수주기업 여부를 확정하지 못함,2026-06,,,,,,False,원문·기업 IR 추가 조사,https://dart.fss.or.kr/dsaf001/main.do?rcpNo=20260814002901
278280,천보,review,원문에서 수주기업 여부를 확정하지 못함,2026-06,,,,,,False,원문·기업 IR 추가 조사,https://dart.fss.or.kr/dsaf001/main.do?rcpNo=20260814001466
278470,에이피알,review,원문에서 수주기업 여부를 확정하지 못함,2026-06,,,,,,False,원문·기업 IR 추가 조사,https://dart.fss.or.kr/dsaf001/main.do?rcpNo=20260814002503
278650,HLB바이오스텝,review,수주기업 여부 확인 필요: 정기보고서 수주 절과 공식 IR 조사 대상,,,,,,,False,원문·기업 IR 추가 조사,
280360,롯데웰푸드,review,원문에서 수주기업 여부를 확정하지 못함,2026-06,,,,,,False,원문·기업 IR 추가 조사,https://dart.fss.or.kr/dsaf001/main.do?rcpNo=20260813000921
281740,레이크머티리얼즈,review,원문에서 수주기업 여부를 확정하지 못함,2026-06,,,,,,False,원문·기업 IR 추가 조사,https://dart.fss.or.kr/dsaf001/main.do?rcpNo=20260814002443
281820,케이씨텍,review,원문에서 수주기업 여부를 확정하지 못함,2026-06,,,,,,False,원문·기업 IR 추가 조사,https://dart.fss.or.kr/dsaf001/main.do?rcpNo=20260813001393
282330,BGF리테일,review,원문에서 수주기업 여부를 확정하지 못함,2026-06,,,,,,False,원문·기업 IR 추가 조사,https://dart.fss.or.kr/dsaf001/main.do?rcpNo=20260814004307
282880,코윈로보틱스,confirmed,정기보고서·공식 IR 수주 수치 확인,2026-06,회사 공시 합계,억원,2818.16,,-4.911715979525811,False,신규수주 직접값 미확보: 원문표·그림·기업 IR 추가 조사 필요,https://dart.fss.or.kr/dsaf001/main.do?rcpNo=20260814001249
284740,쿠쿠홈시스,review,원문에서 수주기업 여부를 확정하지 못함,2026-06,,,,,,False,원문·기업 IR 추가 조사,https://dart.fss.or.kr/dsaf001/main.do?rcpNo=20260814003412
285130,SK케미칼,confirmed,정기보고서·공식 IR 수주 수치 확인,2026-06,[SK케미칼] / 회사 공시 합계,억원,5783.17,,-30.147949613306647,False,신규수주 직접값 미확보: 원문표·그림·기업 IR 추가 조사 필요,https://dart.fss.or.kr/dsaf001/main.do?rcpNo=20260813001371
285490,노바텍,review,원문에서 수주기업 여부를 확정하지 못함,2026-06,,,,,,False,원문·기업 IR 추가 조사,https://dart.fss.or.kr/dsaf001/main.do?rcpNo=20260828001750
286940,롯데이노베이트,confirmed,정기보고서·공식 IR 수주 수치 확인,2026-06,주요계약(전체 회사 아님),억원,1751.4,,5.522551724968983,False,신규수주 직접값 미확보: 원문표·그림·기업 IR 추가 조사 필요,https://dart.fss.or.kr/dsaf001/main.do?rcpNo=20260813001539
287840,인투셀,review,원문에서 수주기업 여부를 확정하지 못함,2026-06,,,,,,False,원문·기업 IR 추가 조사,https://dart.fss.or.kr/dsaf001/main.do?rcpNo=20260814002737
289930,웨이비스,review,원문에서 수주기업 여부를 확정하지 못함,2026-06,,,,,,False,원문·기업 IR 추가 조사,https://dart.fss.or.kr/dsaf001/main.do?rcpNo=20260813000472
290550,디케이티,review,원문에서 수주기업 여부를 확정하지 못함,2026-06,,,,,,False,원문·기업 IR 추가 조사,https://dart.fss.or.kr/dsaf001/main.do?rcpNo=20260814003081
290650,엘앤씨바이오,review,원문에서 수주기업 여부를 확정하지 못함,2026-06,,,,,,False,원문·기업 IR 추가 조사,https://dart.fss.or.kr/dsaf001/main.do?rcpNo=20260814004115
290690,아리바이오홀딩스,confirmed,정기보고서·공식 IR 수주 수치 확인,2026-06,회사 공시 합계,억원,679365.48,,234909.50601909508,False,신규수주 직접값 미확보: 원문표·그림·기업 IR 추가 조사 필요,https://dart.fss.or.kr/dsaf001/main.do?rcpNo=20260930000794
290720,푸드나무,review,원문에서 수주기업 여부를 확정하지 못함,2026-06,,,,,,False,원문·기업 IR 추가 조사,https://dart.fss.or.kr/dsaf001/main.do?rcpNo=20260814002757
290740,액트로,review,원문에서 수주기업 여부를 확정하지 못함,2026-06,,,,,,False,원문·기업 IR 추가 조사,https://dart.fss.or.kr/dsaf001/main.do?rcpNo=20260814001217
293480,하나제약,confirmed,정기보고서·공식 IR 수주 수치 확인,2026-06,회사 공시 합계,억원,524.46,,-5.543548735681858,False,신규수주 직접값 미확보: 원문표·그림·기업 IR 추가 조사 필요,https://dart.fss.or.kr/dsaf001/main.do?rcpNo=20260814001371
293490,카카오게임즈,review,원문에서 수주기업 여부를 확정하지 못함,2026-06,,,,,,False,원문·기업 IR 추가 조사,https://dart.fss.or.kr/dsaf001/main.do?rcpNo=20260813001508
293780,압타바이오,review,원문에서 수주기업 여부를 확정하지 못함,2026-06,,,,,,False,원문·기업 IR 추가 조사,https://dart.fss.or.kr/dsaf001/main.do?rcpNo=20260814002182
294570,쿠콘,confirmed,정기보고서·공식 IR 수주 수치 확인,2026-06,"※ 주요 매출처 산정 시 감사보고서 상 종속기업, 관계사, 기타특수관계자 및 사업단위별 가맹점 분류 매출은 제외하였습니다. / 회사 공시 합계",억원,0.26,,0,False,최신 정기보고서 기간의 수치 미확보 / 신규수주 직접값 미확보: 원문표·그림·기업 IR 추가 조사 필요,https://dart.fss.or.kr/dsaf001/main.do?rcpNo=20240814004291
294870,IPARK현대산업개발,confirmed,정기보고서·공식 IR 수주 수치 확인,2026-06,공식 IR 주택·토목·건축 공시 합계 (2026 비교표 기준),억원,329873,9906,0.416126341680223,True,,https://dart.fss.or.kr/dsaf001/main.do?rcpNo=20260818000088
295310,에이치브이엠,confirmed,정기보고서·공식 IR 수주 수치 확인,2026-06,회사 공시 합계,억원,630.78,,29.80882020044038,False,신규수주 직접값 미확보: 원문표·그림·기업 IR 추가 조사 필요,https://dart.fss.or.kr/dsaf001/main.do?rcpNo=20260814004157
297090,씨에스베어링,review,원문에서 수주기업 여부를 확정하지 못함,2026-06,,,,,,False,원문·기업 IR 추가 조사,https://dart.fss.or.kr/dsaf001/main.do?rcpNo=20260814003024
297890,HB솔루션,confirmed,정기보고서·공식 IR 수주 수치 확인,2026-06,회사 공시 합계,억원,270.96,,47.912003930345534,False,신규수주 직접값 미확보: 원문표·그림·기업 IR 추가 조사 필요,https://dart.fss.or.kr/dsaf001/main.do?rcpNo=20260814002863
298000,효성화학,review,원문에서 수주기업 여부를 확정하지 못함,2026-06,,,,,,False,원문·기업 IR 추가 조사,https://dart.fss.or.kr/dsaf001/main.do?rcpNo=20260813001695
298020,효성티앤씨,review,원문에서 수주기업 여부를 확정하지 못함,2026-06,,,,,,False,원문·기업 IR 추가 조사,https://dart.fss.or.kr/dsaf001/main.do?rcpNo=20260813001535
298040,효성중공업,confirmed,정기보고서·공식 IR 수주 수치 확인,2026-06,공식 IR 중공업 연결,억원,175070,33242,,False,QoQ 미확보: 같은 범위·통화의 연속 분기 잔고 필요,https://www.hyosungheavyindustries.com/download/5816
298050,HS효성첨단소재,review,원문에서 수주기업 여부를 확정하지 못함,2026-06,,,,,,False,원문·기업 IR 추가 조사,https://dart.fss.or.kr/dsaf001/main.do?rcpNo=20260814003921
298380,에이비엘바이오,review,원문에서 수주기업 여부를 확정하지 못함,2026-06,,,,,,False,원문·기업 IR 추가 조사,https://dart.fss.or.kr/dsaf001/main.do?rcpNo=20260811000637
298540,더네이쳐홀딩스,review,원문에서 수주기업 여부를 확정하지 못함,2026-06,,,,,,False,원문·기업 IR 추가 조사,https://dart.fss.or.kr/dsaf001/main.do?rcpNo=20260814000973
298690,에어부산,review,원문에서 수주기업 여부를 확정하지 못함,2026-06,,,,,,False,원문·기업 IR 추가 조사,https://dart.fss.or.kr/dsaf001/main.do?rcpNo=20260813001537
298830,슈어소프트테크,confirmed,수주 금액 직접 기재,2026-06,,,,,,False,원문·기업 IR 추가 조사,https://dart.fss.or.kr/dsaf001/main.do?rcpNo=20261007000029
299030,하나기술,confirmed,정기보고서·공식 IR 수주 수치 확인,2026-06,회사 공시 합계,억원,4825.37,,42.197841705418114,False,신규수주 직접값 미확보: 원문표·그림·기업 IR 추가 조사 필요,https://dart.fss.or.kr/dsaf001/main.do?rcpNo=20260814003482
300080,플리토,confirmed,단일판매·공급계약 공시 확인 (전체 수주량은 별도 조사),2026-06,,,,,,False,원문·기업 IR 추가 조사,https://dart.fss.or.kr/dsaf001/main.do?rcpNo=20261006900642
300720,한일시멘트,confirmed,정기보고서·공식 IR 수주 수치 확인,2026-06,회사 공시 합계,억원,1830.71,,2.7397875289720375,False,신규수주 직접값 미확보: 원문표·그림·기업 IR 추가 조사 필요,https://dart.fss.or.kr/dsaf001/main.do?rcpNo=20260814003685
302440,SK바이오사이언스,confirmed,정기보고서·공식 IR 수주 수치 확인,2026-06,회사 공시 합계,억원,5783.17,,-30.147949613306647,False,신규수주 직접값 미확보: 원문표·그림·기업 IR 추가 조사 필요,https://dart.fss.or.kr/dsaf001/main.do?rcpNo=20260813001292
303810,동국생명과학,confirmed,정기보고서·공식 IR 수주 수치 확인,2026-06,회사 공시 합계,억원,15.32,,-33.42025206431987,False,신규수주 직접값 미확보: 원문표·그림·기업 IR 추가 조사 필요,https://dart.fss.or.kr/dsaf001/main.do?rcpNo=20260814002097
304100,솔트룩스,confirmed,정기보고서·공식 IR 수주 수치 확인,2026-06,회사 공시 합계,억원,129.2,,309.3789607097592,False,신규수주 직접값 미확보: 원문표·그림·기업 IR 추가 조사 필요,https://dart.fss.or.kr/dsaf001/main.do?rcpNo=20260814001518
304360,에스바이오메딕스,review,원문에서 수주기업 여부를 확정하지 못함,2026-06,,,,,,False,원문·기업 IR 추가 조사,https://dart.fss.or.kr/dsaf001/main.do?rcpNo=20260813001795
306200,세아제강,confirmed,정기보고서·공식 IR 수주 수치 확인,2026-06,회사 공시 합계,억원,577.6,,-41.86034807291614,False,신규수주 직접값 미확보: 원문표·그림·기업 IR 추가 조사 필요,https://dart.fss.or.kr/dsaf001/main.do?rcpNo=20260814003277
306620,지아이에스,review,원문에서 수주기업 여부를 확정하지 못함,2026-06,,,,,,False,원문·기업 IR 추가 조사,https://dart.fss.or.kr/dsaf001/main.do?rcpNo=20260813001621
307180,아이엘,confirmed,정기보고서·공식 IR 수주 수치 확인,2026-06,회사 공시 합계,억원,868.17,,0,False,신규수주 직접값 미확보: 원문표·그림·기업 IR 추가 조사 필요,https://dart.fss.or.kr/dsaf001/main.do?rcpNo=20260812000513
307750,국전,review,원문에서 수주기업 여부를 확정하지 못함,2026-06,,,,,,False,원문·기업 IR 추가 조사,https://dart.fss.or.kr/dsaf001/main.do?rcpNo=20261002000642
307870,비투엔,confirmed,정기보고서·공식 IR 수주 수치 확인,2026-06,[제품별영업전략및시장특성] / 회사 공시 합계,억원,52.79,,25.27289985761747,False,신규수주 직접값 미확보: 원문표·그림·기업 IR 추가 조사 필요,https://dart.fss.or.kr/dsaf001/main.do?rcpNo=20260813000458
307950,현대오토에버,confirmed,정기보고서·공식 IR 수주 수치 확인,2026-06,회사 공시 합계,억원,12741,,13.758928571428575,False,신규수주 직접값 미확보: 원문표·그림·기업 IR 추가 조사 필요,https://dart.fss.or.kr/dsaf001/main.do?rcpNo=20260814003571
308080,바이젠셀,review,원문에서 수주기업 여부를 확정하지 못함,2026-06,,,,,,False,원문·기업 IR 추가 조사,https://dart.fss.or.kr/dsaf001/main.do?rcpNo=20260814000506
308430,셀비온,review,원문에서 수주기업 여부를 확정하지 못함,2026-06,,,,,,False,원문·기업 IR 추가 조사,https://dart.fss.or.kr/dsaf001/main.do?rcpNo=20260813000694
310200,애니플러스,review,원문에서 수주기업 여부를 확정하지 못함,2026-06,,,,,,False,원문·기업 IR 추가 조사,https://dart.fss.or.kr/dsaf001/main.do?rcpNo=20261001000338
310210,보로노이,review,원문에서 수주기업 여부를 확정하지 못함,2026-06,,,,,,False,원문·기업 IR 추가 조사,https://dart.fss.or.kr/dsaf001/main.do?rcpNo=20261002000482
311320,지오엘리먼트,review,원문에서 수주기업 여부를 확정하지 못함,2026-06,,,,,,False,원문·기업 IR 추가 조사,https://dart.fss.or.kr/dsaf001/main.do?rcpNo=20260811000007
314130,지놈앤컴퍼니,confirmed,정기보고서·공식 IR 수주 수치 확인,2026-06,회사 공시 단일행,억원,64,,102.08399115882538,False,신규수주 직접값 미확보: 원문표·그림·기업 IR 추가 조사 필요,https://dart.fss.or.kr/dsaf001/main.do?rcpNo=20260814003059
314930,바이오다인,review,원문에서 수주기업 여부를 확정하지 못함,2026-06,,,,,,False,원문·기업 IR 추가 조사,https://dart.fss.or.kr/dsaf001/main.do?rcpNo=20260814002049
317330,덕산테코피아,review,원문에서 수주기업 여부를 확정하지 못함,2026-06,,,,,,False,원문·기업 IR 추가 조사,https://dart.fss.or.kr/dsaf001/main.do?rcpNo=20260814003493
317770,엑스페릭스,review,원문에서 수주기업 여부를 확정하지 못함,2026-06,,,,,,False,원문·기업 IR 추가 조사,https://dart.fss.or.kr/dsaf001/main.do?rcpNo=20260814001639
319400,현대무벡스,confirmed,정기보고서·공식 IR 수주 수치 확인,2026-06,회사 공시 합계,억원,3818.01,,3.9137664967435315,False,신규수주 직접값 미확보: 원문표·그림·기업 IR 추가 조사 필요,https://dart.fss.or.kr/dsaf001/main.do?rcpNo=20260814003499
319660,피에스케이,review,원문에서 수주기업 여부를 확정하지 못함,2026-06,,,,,,False,원문·기업 IR 추가 조사,https://dart.fss.or.kr/dsaf001/main.do?rcpNo=20260814000731
321370,센서뷰,confirmed,정기보고서·공식 IR 수주 수치 확인,2026-06,회사 공시 합계,억원,220.9,,33.903133903133906,False,신규수주 직접값 미확보: 원문표·그림·기업 IR 추가 조사 필요,https://dart.fss.or.kr/dsaf001/main.do?rcpNo=20260814002382
321550,티움바이오,confirmed,정기보고서·공식 IR 수주 수치 확인,2026-06,회사 공시 합계,억원,253.19,,2.9897494305239247,False,신규수주 직접값 미확보: 원문표·그림·기업 IR 추가 조사 필요,https://dart.fss.or.kr/dsaf001/main.do?rcpNo=20260814001441
322000,HD현대에너지솔루션,confirmed,정기보고서·공식 IR 수주 수치 확인,2026-06,회사 공시 합계,억원,143.03,,35.84385981574698,False,신규수주 직접값 미확보: 원문표·그림·기업 IR 추가 조사 필요,https://dart.fss.or.kr/dsaf001/main.do?rcpNo=20260814002295
322180,LS티라유텍,confirmed,정기보고서·공식 IR 수주 수치 확인,2026-06,[지배회사 : 엘에스티라유텍 주식회사] / 회사 공시 합계,억원,134.04,,-13.214632567173846,False,신규수주 직접값 미확보: 원문표·그림·기업 IR 추가 조사 필요,https://dart.fss.or.kr/dsaf001/main.do?rcpNo=20260814002493
322310,오로스테크놀로지,review,원문에서 수주기업 여부를 확정하지 못함,2026-06,,,,,,False,원문·기업 IR 추가 조사,https://dart.fss.or.kr/dsaf001/main.do?rcpNo=20260814002839
322510,제이엘케이,confirmed,정기보고서·공식 IR 수주 수치 확인,2026-06,회사 공시 합계,억원,2.5,,0,False,신규수주 직접값 미확보: 원문표·그림·기업 IR 추가 조사 필요,https://dart.fss.or.kr/dsaf001/main.do?rcpNo=20260814002418
323280,태성,confirmed,정기보고서·공식 IR 수주 수치 확인,2026-06,회사 공시 합계,억원,455.93,,42.96509987143706,False,신규수주 직접값 미확보: 원문표·그림·기업 IR 추가 조사 필요,https://dart.fss.or.kr/dsaf001/main.do?rcpNo=20260812000203
323990,박셀바이오,review,원문에서 수주기업 여부를 확정하지 못함,2026-06,,,,,,False,원문·기업 IR 추가 조사,https://dart.fss.or.kr/dsaf001/main.do?rcpNo=20260814003537
326030,에스케이바이오팜,confirmed,단일판매·공급계약 공시 확인 (전체 수주량은 별도 조사),2026-06,,,,,,False,원문·기업 IR 추가 조사,https://dart.fss.or.kr/dsaf001/main.do?rcpNo=20260923800342
327260,RF머트리얼즈,confirmed,단일판매·공급계약 공시 확인 (전체 수주량은 별도 조사),2026-06,,,,,,False,원문·기업 IR 추가 조사,https://dart.fss.or.kr/dsaf001/main.do?rcpNo=20260928900239
328130,루닛,confirmed,정기보고서·공식 IR 수주 수치 확인,2026-06,회사 공시 합계,억원,2.18,,-78.77312560856863,False,신규수주 직접값 미확보: 원문표·그림·기업 IR 추가 조사 필요,https://dart.fss.or.kr/dsaf001/main.do?rcpNo=20260811000657
329180,HD현대중공업,confirmed,정기보고서·공식 IR 수주 수치 확인,2026-06,[엔진기계부문] / 회사 공시 합계,억원,695141.54,,11.811621720603549,False,신규수주 직접값 미확보: 원문표·그림·기업 IR 추가 조사 필요,https://dart.fss.or.kr/dsaf001/main.do?rcpNo=20260814002879
330350,위더스제약,review,원문에서 수주기업 여부를 확정하지 못함,2026-06,,,,,,False,원문·기업 IR 추가 조사,https://dart.fss.or.kr/dsaf001/main.do?rcpNo=20260814002090
330860,네패스아크,review,원문에서 수주기업 여부를 확정하지 못함,2026-06,,,,,,False,원문·기업 IR 추가 조사,https://dart.fss.or.kr/dsaf001/main.do?rcpNo=20260814003746
331920,셀레믹스,review,원문에서 수주기업 여부를 확정하지 못함,2026-06,,,,,,False,원문·기업 IR 추가 조사,https://dart.fss.or.kr/dsaf001/main.do?rcpNo=20260814002652
332570,PS일렉트로닉스,review,원문에서 수주기업 여부를 확정하지 못함,2026-06,,,,,,False,원문·기업 IR 추가 조사,https://dart.fss.or.kr/dsaf001/main.do?rcpNo=20260818000024
333430,일승,confirmed,정기보고서·공식 IR 수주 수치 확인,2026-06,회사 공시 단일행,억원,312.67,,10.188187200451093,False,신규수주 직접값 미확보: 원문표·그림·기업 IR 추가 조사 필요,https://dart.fss.or.kr/dsaf001/main.do?rcpNo=20260814000008
334970,프레스티지바이오로직스,confirmed,정기보고서·공식 IR 수주 수치 확인,2026-06,[공시통화별표/KRW] / 회사 공시 단일행,억원,338.75,,114.92925575788337,False,신규수주 직접값 미확보: 원문표·그림·기업 IR 추가 조사 필요,https://dart.fss.or.kr/dsaf001/main.do?rcpNo=20260928000204
336260,두산퓨얼셀,review,원문에서 수주기업 여부를 확정하지 못함,2026-06,,,,,,False,원문·기업 IR 추가 조사,https://dart.fss.or.kr/dsaf001/main.do?rcpNo=20260813001645
336370,솔루스첨단소재,review,원문에서 수주기업 여부를 확정하지 못함,2026-06,,,,,,False,원문·기업 IR 추가 조사,https://dart.fss.or.kr/dsaf001/main.do?rcpNo=20260814004134
336570,원텍,review,원문에서 수주기업 여부를 확정하지 못함,2026-06,,,,,,False,원문·기업 IR 추가 조사,https://dart.fss.or.kr/dsaf001/main.do?rcpNo=20260814000585
336680,탑런토탈솔루션,review,원문에서 수주기업 여부를 확정하지 못함,2026-06,,,,,,False,원문·기업 IR 추가 조사,https://dart.fss.or.kr/dsaf001/main.do?rcpNo=20260813000727
338220,뷰노,confirmed,정기보고서·공식 IR 수주 수치 확인,2026-06,회사 공시 합계,억원,0.2,,0,False,신규수주 직접값 미확보: 원문표·그림·기업 IR 추가 조사 필요,https://dart.fss.or.kr/dsaf001/main.do?rcpNo=20260814002777
338840,와이바이오로직스,review,원문에서 수주기업 여부를 확정하지 못함,2026-06,,,,,,False,원문·기업 IR 추가 조사,https://dart.fss.or.kr/dsaf001/main.do?rcpNo=20260814003785
339770,교촌에프앤비,not_applicable,원문에서 수주사업 비해당 명시,2026-06,,,,,,False,원문·기업 IR 추가 조사,https://dart.fss.or.kr/dsaf001/main.do?rcpNo=20260814003264
339950,아이비김영,review,원문에서 수주기업 여부를 확정하지 못함,2026-06,,,,,,False,원문·기업 IR 추가 조사,https://dart.fss.or.kr/dsaf001/main.do?rcpNo=20260814002807
340450,지씨지놈,not_applicable,원문에서 수주사업 비해당 명시,2026-06,,,,,,False,원문·기업 IR 추가 조사,https://dart.fss.or.kr/dsaf001/main.do?rcpNo=20260814000795
340570,티앤엘,review,원문에서 수주기업 여부를 확정하지 못함,2026-06,,,,,,False,원문·기업 IR 추가 조사,https://dart.fss.or.kr/dsaf001/main.do?rcpNo=20260821000408
344820,케이씨씨글라스,confirmed,정기보고서·공식 IR 수주 수치 확인,2026-06,회사 공시 합계,억원,1126.72,,2.299821135111091,False,신규수주 직접값 미확보: 원문표·그림·기업 IR 추가 조사 필요,https://dart.fss.or.kr/dsaf001/main.do?rcpNo=20260820000314
347700,스피어,confirmed,정기보고서·공식 IR 수주 수치 확인,2026-06,회사 공시 합계,백만USD,115.734093,,20.842711372719002,False,신규수주 직접값 미확보: 원문표·그림·기업 IR 추가 조사 필요,https://dart.fss.or.kr/dsaf001/main.do?rcpNo=20260814003121
347850,디앤디파마텍,review,원문에서 수주기업 여부를 확정하지 못함,2026-06,,,,,,False,원문·기업 IR 추가 조사,https://dart.fss.or.kr/dsaf001/main.do?rcpNo=20260814002436
348210,넥스틴,confirmed,정기보고서·공식 IR 수주 수치 확인,2026-06,회사 공시 단일행,억원,89.78,0,-65.1312723318316,True,,https://dart.fss.or.kr/dsaf001/main.do?rcpNo=20260814003931
348340,뉴로메카,confirmed,단일판매·공급계약 공시 확인 (전체 수주량은 별도 조사),2026-06,,,,,,False,원문·기업 IR 추가 조사,https://dart.fss.or.kr/dsaf001/main.do?rcpNo=20261001900148
348350,위드텍,confirmed,정기보고서·공식 IR 수주 수치 확인,2026-06,회사 공시 합계,억원,306.28,,27.39372764329091,False,신규수주 직접값 미확보: 원문표·그림·기업 IR 추가 조사 필요,https://dart.fss.or.kr/dsaf001/main.do?rcpNo=20260814001848
348370,엔켐,review,원문에서 수주기업 여부를 확정하지 못함,2026-06,,,,,,False,원문·기업 IR 추가 조사,https://dart.fss.or.kr/dsaf001/main.do?rcpNo=20260814004135
351320,넥사다이내믹스,confirmed,정기보고서·공식 IR 수주 수치 확인,2026-06,회사 공시 합계,억원,58.04,,267.80735107731306,False,신규수주 직접값 미확보: 원문표·그림·기업 IR 추가 조사 필요,https://dart.fss.or.kr/dsaf001/main.do?rcpNo=20260814003563
352480,씨앤씨인터내셔널,review,원문에서 수주기업 여부를 확정하지 못함,2026-06,,,,,,False,원문·기업 IR 추가 조사,https://dart.fss.or.kr/dsaf001/main.do?rcpNo=20260814002473
352820,하이브,review,원문에서 수주기업 여부를 확정하지 못함,2026-06,,,,,,False,원문·기업 IR 추가 조사,https://dart.fss.or.kr/dsaf001/main.do?rcpNo=20260814004127
353200,대덕전자,confirmed,정기보고서·공식 IR 수주 수치 확인,2026-06,회사 공시 합계,억원,3328,,40.18534119629318,False,신규수주 직접값 미확보: 원문표·그림·기업 IR 추가 조사 필요,https://dart.fss.or.kr/dsaf001/main.do?rcpNo=20260813001620
353810,이지바이오,review,원문에서 수주기업 여부를 확정하지 못함,2026-06,,,,,,False,원문·기업 IR 추가 조사,https://dart.fss.or.kr/dsaf001/main.do?rcpNo=20260814003507
354320,알멕,confirmed,수주 내역 비공개 명시,2026-06,,,,,,False,원문·기업 IR 추가 조사,https://dart.fss.or.kr/dsaf001/main.do?rcpNo=20260814002981
355150,코스텍시스,confirmed,수주 내역 비공개 명시,2026-06,,,,,,False,원문·기업 IR 추가 조사,https://dart.fss.or.kr/dsaf001/main.do?rcpNo=20260814002828
356680,엑스게이트,confirmed,수주 내역 비공개 명시,2026-06,,,,,,False,원문·기업 IR 추가 조사,https://dart.fss.or.kr/dsaf001/main.do?rcpNo=20260814002276
356860,티엘비,confirmed,정기보고서·공식 IR 수주 수치 확인,2026-06,회사 공시 단일행,억원,1318,,144.52690166975884,False,신규수주 직접값 미확보: 원문표·그림·기업 IR 추가 조사 필요,https://dart.fss.or.kr/dsaf001/main.do?rcpNo=20260814000485
357550,석경에이티,review,원문에서 수주기업 여부를 확정하지 못함,2026-06,,,,,,False,원문·기업 IR 추가 조사,https://dart.fss.or.kr/dsaf001/main.do?rcpNo=20260813000878
357580,아모센스,review,수주기업 여부 확인 필요: 정기보고서 수주 절과 공식 IR 조사 대상,,,,,,,False,원문·기업 IR 추가 조사,
357780,솔브레인,review,원문에서 수주기업 여부를 확정하지 못함,2026-06,,,,,,False,원문·기업 IR 추가 조사,https://dart.fss.or.kr/dsaf001/main.do?rcpNo=20260814003813
357880,SKAI,review,원문에서 수주기업 여부를 확정하지 못함,2026-06,,,,,,False,원문·기업 IR 추가 조사,https://dart.fss.or.kr/dsaf001/main.do?rcpNo=20260814002517
358570,지아이이노베이션,review,원문에서 수주기업 여부를 확정하지 못함,2026-06,,,,,,False,원문·기업 IR 추가 조사,https://dart.fss.or.kr/dsaf001/main.do?rcpNo=20260814001525
361390,제노코,confirmed,정기보고서·공식 IR 수주 수치 확인,2026-06,회사 공시 합계,억원,644.92,,-5.833223823499356,False,신규수주 직접값 미확보: 원문표·그림·기업 IR 추가 조사 필요,https://dart.fss.or.kr/dsaf001/main.do?rcpNo=20260814000659
361610,SK아이이테크놀로지,review,원문에서 수주기업 여부를 확정하지 못함,2026-06,,,,,,False,원문·기업 IR 추가 조사,https://dart.fss.or.kr/dsaf001/main.do?rcpNo=20260814003194
362320,청담글로벌,review,원문에서 수주기업 여부를 확정하지 못함,2026-06,,,,,,False,원문·기업 IR 추가 조사,https://dart.fss.or.kr/dsaf001/main.do?rcpNo=20260814003824
365270,큐라클,not_applicable,원문에서 수주사업 비해당 명시,2026-06,,,,,,False,원문·기업 IR 추가 조사,https://dart.fss.or.kr/dsaf001/main.do?rcpNo=20260814000829
365340,성일하이텍,review,원문에서 수주기업 여부를 확정하지 못함,2026-06,,,,,,False,원문·기업 IR 추가 조사,https://dart.fss.or.kr/dsaf001/main.do?rcpNo=20260814000512
366030,나인앤컴퍼니,not_applicable,원문에서 수주사업 비해당 명시,2026-06,,,,,,False,원문·기업 IR 추가 조사,https://dart.fss.or.kr/dsaf001/main.do?rcpNo=20260814001994
368770,파이버프로,confirmed,수주 내역 비공개 명시,2026-06,,,,,,False,원문·기업 IR 추가 조사,https://dart.fss.or.kr/dsaf001/main.do?rcpNo=20260930000482
371950,풍원정밀,review,원문에서 수주기업 여부를 확정하지 못함,2026-06,,,,,,False,원문·기업 IR 추가 조사,https://dart.fss.or.kr/dsaf001/main.do?rcpNo=20260824000174
372170,윤성에프앤씨,confirmed,정기보고서·공식 IR 수주 수치 확인,2026-06,회사 공시 합계,억원,1926.85,,-8.101263407910498,False,신규수주 직접값 미확보: 원문표·그림·기업 IR 추가 조사 필요,https://dart.fss.or.kr/dsaf001/main.do?rcpNo=20260814000641
372320,큐로셀,review,원문에서 수주기업 여부를 확정하지 못함,2026-06,,,,,,False,원문·기업 IR 추가 조사,https://dart.fss.or.kr/dsaf001/main.do?rcpNo=20260814000734
373220,LG에너지솔루션,confirmed,단일판매·공급계약 공시 확인 (전체 수주량은 별도 조사),2026-06,,,,,,False,원문·기업 IR 추가 조사,https://dart.fss.or.kr/dsaf001/main.do?rcpNo=20261001800119
375500,DL이앤씨,confirmed,정기보고서·공식 IR 수주 수치 확인,2026-06,공식 IR 연결(2026년 표시 기준),억원,298209,31181,8.461328629362242,True,,https://dart.fss.or.kr/dsaf001/main.do?rcpNo=20260814003712
376270,HEM파마,review,원문에서 수주기업 여부를 확정하지 못함,2026-06,,,,,,False,원문·기업 IR 추가 조사,https://dart.fss.or.kr/dsaf001/main.do?rcpNo=20260821000574
376300,디어유,review,원문에서 수주기업 여부를 확정하지 못함,2026-06,,,,,,False,원문·기업 IR 추가 조사,https://dart.fss.or.kr/dsaf001/main.do?rcpNo=20260814002798
376900,로킷헬스케어,confirmed,정기보고서·공식 IR 수주 수치 확인,2026-06,회사 공시 단일행,백만USD,0.00099373,,,False,신규수주 직접값 미확보: 원문표·그림·기업 IR 추가 조사 필요 / QoQ 미확보: 같은 범위·통화의 연속 분기 잔고 필요,https://dart.fss.or.kr/dsaf001/main.do?rcpNo=20261001000476
377450,리파인,review,원문에서 수주기업 여부를 확정하지 못함,2026-06,,,,,,False,원문·기업 IR 추가 조사,https://dart.fss.or.kr/dsaf001/main.do?rcpNo=20260814003694
377740,바이오노트,review,원문에서 수주기업 여부를 확정하지 못함,2026-06,,,,,,False,원문·기업 IR 추가 조사,https://dart.fss.or.kr/dsaf001/main.do?rcpNo=20260813000809
378340,필에너지,confirmed,정기보고서·공식 IR 수주 수치 확인,2026-06,회사 공시 합계,억원,952.58,,16.406784631928815,False,신규수주 직접값 미확보: 원문표·그림·기업 IR 추가 조사 필요,https://dart.fss.or.kr/dsaf001/main.do?rcpNo=20260814002628
380550,뉴로핏,confirmed,정기보고서·공식 IR 수주 수치 확인,2026-06,회사 공시 합계,억원,4.7,,-23.076923076923073,False,신규수주 직접값 미확보: 원문표·그림·기업 IR 추가 조사 필요,https://dart.fss.or.kr/dsaf001/main.do?rcpNo=20260814002605
381970,KG모빌리티플랫폼,review,원문에서 수주기업 여부를 확정하지 못함,2026-06,,,,,,False,원문·기업 IR 추가 조사,https://dart.fss.or.kr/dsaf001/main.do?rcpNo=20260814002373
382800,지앤비에스 에코,confirmed,정기보고서·공식 IR 수주 수치 확인,2026-06,회사 공시 합계,억원,91.69,,,False,최신 정기보고서 기간의 수치 미확보 / 신규수주 직접값 미확보: 원문표·그림·기업 IR 추가 조사 필요 / QoQ 미확보: 같은 범위·통화의 연속 분기 잔고 필요,https://dart.fss.or.kr/dsaf001/main.do?rcpNo=20250530001989
382900,범한퓨얼셀,confirmed,원문 수주표: 수주잔고,2026-06,,,,,,False,원문·기업 IR 추가 조사,https://dart.fss.or.kr/dsaf001/main.do?rcpNo=20260814003724
383220,F&F,review,원문에서 수주기업 여부를 확정하지 못함,2026-06,,,,,,False,원문·기업 IR 추가 조사,https://dart.fss.or.kr/dsaf001/main.do?rcpNo=20260814004123
383310,에코프로에이치엔,confirmed,정기보고서·공식 IR 수주 수치 확인,2026-06,회사 공시 합계,억원,830.3,,-7.490557418693533,False,신규수주 직접값 미확보: 원문표·그림·기업 IR 추가 조사 필요,https://dart.fss.or.kr/dsaf001/main.do?rcpNo=20260814001912
388050,지투파워,confirmed,정기보고서·공식 IR 수주 수치 확인,2026-06,회사 공시 합계,억원,1141.35,,6.772002694207435,False,신규수주 직접값 미확보: 원문표·그림·기업 IR 추가 조사 필요,https://dart.fss.or.kr/dsaf001/main.do?rcpNo=20260930000636
388720,유일로보틱스,confirmed,정기보고서·공식 IR 수주 수치 확인,2026-06,회사 공시 합계,억원,111.2,,87.67932489451478,False,신규수주 직접값 미확보: 원문표·그림·기업 IR 추가 조사 필요,https://dart.fss.or.kr/dsaf001/main.do?rcpNo=20260814002610
388790,라이콤,confirmed,정기보고서·공식 IR 수주 수치 확인,2026-06,회사 공시 합계,억원,191.15,,78.21182174156256,False,신규수주 직접값 미확보: 원문표·그림·기업 IR 추가 조사 필요,https://dart.fss.or.kr/dsaf001/main.do?rcpNo=20260814001795
389020,자람테크놀로지,confirmed,정기보고서·공식 IR 수주 수치 확인,2026-06,회사 공시 합계,억원,241.78,,-7.8160744242793845,False,신규수주 직접값 미확보: 원문표·그림·기업 IR 추가 조사 필요,https://dart.fss.or.kr/dsaf001/main.do?rcpNo=20260929000500
389260,대명에너지,confirmed,정기보고서·공식 IR 수주 수치 확인,2026-06,회사 공시 합계,억원,4551.83,,293566.4516129032,False,신규수주 직접값 미확보: 원문표·그림·기업 IR 추가 조사 필요,https://dart.fss.or.kr/dsaf001/main.do?rcpNo=20260814000931
389470,인벤티지랩,confirmed,정기보고서·공식 IR 수주 수치 확인,2026-06,회사 공시 합계,억원,4.34,,-32.398753894081,False,신규수주 직접값 미확보: 원문표·그림·기업 IR 추가 조사 필요,https://dart.fss.or.kr/dsaf001/main.do?rcpNo=20260826000836
389500,에스비비테크,confirmed,정기보고서·공식 IR 수주 수치 확인,2026-06,공시 항목 합산(표 범위),억원,222.32,,-1.4539007092198575,False,신규수주 직접값 미확보: 원문표·그림·기업 IR 추가 조사 필요,https://dart.fss.or.kr/dsaf001/main.do?rcpNo=20260814000984
389650,넥스트바이오메디컬,review,원문에서 수주기업 여부를 확정하지 못함,2026-06,,,,,,False,원문·기업 IR 추가 조사,https://dart.fss.or.kr/dsaf001/main.do?rcpNo=20260810000389
393890,더블유씨피,review,원문에서 수주기업 여부를 확정하지 못함,2026-06,,,,,,False,원문·기업 IR 추가 조사,https://dart.fss.or.kr/dsaf001/main.do?rcpNo=20260814003542
394280,오픈엣지테크놀로지,confirmed,수주 내역 비공개 명시,2026-06,,,,,,False,원문·기업 IR 추가 조사,https://dart.fss.or.kr/dsaf001/main.do?rcpNo=20260814003706
394800,쓰리빌리언,confirmed,정기보고서·공식 IR 수주 수치 확인,2026-06,회사 공시 합계,억원,17.15,,,False,신규수주 직접값 미확보: 원문표·그림·기업 IR 추가 조사 필요 / QoQ 미확보: 같은 범위·통화의 연속 분기 잔고 필요,https://dart.fss.or.kr/dsaf001/main.do?rcpNo=20260813000733
396300,HT로보틱스,confirmed,정기보고서·공식 IR 수주 수치 확인,2026-06,회사 공시 합계,억원,5775.39,,-5.617002500367696,False,신규수주 직접값 미확보: 원문표·그림·기업 IR 추가 조사 필요,https://dart.fss.or.kr/dsaf001/main.do?rcpNo=20260813001552
396470,워트,review,원문에서 수주기업 여부를 확정하지 못함,2026-06,,,,,,False,원문·기업 IR 추가 조사,https://dart.fss.or.kr/dsaf001/main.do?rcpNo=20260807000181
397030,에이프릴바이오,review,원문에서 수주기업 여부를 확정하지 못함,2026-06,,,,,,False,원문·기업 IR 추가 조사,https://dart.fss.or.kr/dsaf001/main.do?rcpNo=20260813001477
399720,가온칩스,confirmed,정기보고서·공식 IR 수주 수치 확인,2026-06,회사 공시 합계,억원,764.12,,52.012254560646156,False,신규수주 직접값 미확보: 원문표·그림·기업 IR 추가 조사 필요,https://dart.fss.or.kr/dsaf001/main.do?rcpNo=20260814003050
402030,코난테크놀로지,confirmed,정기보고서·공식 IR 수주 수치 확인,2026-06,회사 공시 합계,억원,85.48,,262.04997882253286,False,신규수주 직접값 미확보: 원문표·그림·기업 IR 추가 조사 필요,https://dart.fss.or.kr/dsaf001/main.do?rcpNo=20260814002288
402490,그린리소스,confirmed,수주 내역 비공개 명시,2026-06,,,,,,False,원문·기업 IR 추가 조사,https://dart.fss.or.kr/dsaf001/main.do?rcpNo=20260814001526
403550,쏘카,review,원문에서 수주기업 여부를 확정하지 못함,2026-06,,,,,,False,원문·기업 IR 추가 조사,https://dart.fss.or.kr/dsaf001/main.do?rcpNo=20260813000925
403870,HPSP,confirmed,수주 내역 비공개 명시,2026-06,,,,,,False,원문·기업 IR 추가 조사,https://dart.fss.or.kr/dsaf001/main.do?rcpNo=20260814004015
405100,큐알티,not_applicable,원문에서 수주사업 비해당 명시,2026-06,,,,,,False,원문·기업 IR 추가 조사,https://dart.fss.or.kr/dsaf001/main.do?rcpNo=20260814002310
408920,메쎄이상,review,원문에서 수주기업 여부를 확정하지 못함,2026-06,,,,,,False,원문·기업 IR 추가 조사,https://dart.fss.or.kr/dsaf001/main.do?rcpNo=20260814001277
411080,샌즈랩,review,원문에서 수주기업 여부를 확정하지 못함,2026-06,,,,,,False,원문·기업 IR 추가 조사,https://dart.fss.or.kr/dsaf001/main.do?rcpNo=20260814002039
412350,레이저쎌,confirmed,수주 금액 직접 기재,2026-06,,,,,,False,원문·기업 IR 추가 조사,https://dart.fss.or.kr/dsaf001/main.do?rcpNo=20260814002668
413630,씨피시스템,review,원문에서 수주기업 여부를 확정하지 못함,2026-06,,,,,,False,원문·기업 IR 추가 조사,https://dart.fss.or.kr/dsaf001/main.do?rcpNo=20260813000287
416180,신성에스티,confirmed,수주 내역 비공개 명시,2026-06,,,,,,False,원문·기업 IR 추가 조사,https://dart.fss.or.kr/dsaf001/main.do?rcpNo=20260814001031
417010,나노팀,review,원문에서 수주기업 여부를 확정하지 못함,2026-06,,,,,,False,원문·기업 IR 추가 조사,https://dart.fss.or.kr/dsaf001/main.do?rcpNo=20260814002912
417200,LS머트리얼즈,review,원문에서 수주기업 여부를 확정하지 못함,2026-06,,,,,,False,원문·기업 IR 추가 조사,https://dart.fss.or.kr/dsaf001/main.do?rcpNo=20260814003148
417500,제이아이테크,review,원문에서 수주기업 여부를 확정하지 못함,2026-06,,,,,,False,원문·기업 IR 추가 조사,https://dart.fss.or.kr/dsaf001/main.do?rcpNo=20260810000384
417840,저스템,confirmed,정기보고서·공식 IR 수주 수치 확인,2026-06,회사 공시 단일행,억원,,310.32000000000005,,False,수주잔고 미확보: 공시표·단위·범위 추가 대조 필요 / QoQ 미확보: 같은 범위·통화의 연속 분기 잔고 필요,https://dart.fss.or.kr/dsaf001/main.do?rcpNo=20260812000566
418420,라온텍,review,원문에서 수주기업 여부를 확정하지 못함,2026-06,,,,,,False,원문·기업 IR 추가 조사,https://dart.fss.or.kr/dsaf001/main.do?rcpNo=20260814003886
418550,제이오,confirmed,정기보고서·공식 IR 수주 수치 확인,2026-06,회사 공시 합계,억원,131.11,,267.7699859747546,False,신규수주 직접값 미확보: 원문표·그림·기업 IR 추가 조사 필요,https://dart.fss.or.kr/dsaf001/main.do?rcpNo=20260814001514
419050,삼기에너지솔루션즈,confirmed,정기보고서·공식 IR 수주 수치 확인,2026-06,회사 공시 합계,억원,1468.38,,-11.840248800725261,False,신규수주 직접값 미확보: 원문표·그림·기업 IR 추가 조사 필요,https://dart.fss.or.kr/dsaf001/main.do?rcpNo=20260813000643
419530,SAMG엔터,review,원문에서 수주기업 여부를 확정하지 못함,2026-06,,,,,,False,원문·기업 IR 추가 조사,https://dart.fss.or.kr/dsaf001/main.do?rcpNo=20260814003350
420770,기가비스,confirmed,정기보고서·공식 IR 수주 수치 확인,2026-06,회사 공시 단일행,억원,652.66,570.13,251.36473755047106,True,,https://dart.fss.or.kr/dsaf001/main.do?rcpNo=20260814003218
424870,이뮨온시아,review,원문에서 수주기업 여부를 확정하지 못함,2026-06,,,,,,False,원문·기업 IR 추가 조사,https://dart.fss.or.kr/dsaf001/main.do?rcpNo=20260814002612
425040,티이엠씨,review,원문에서 수주기업 여부를 확정하지 못함,2026-06,,,,,,False,원문·기업 IR 추가 조사,https://dart.fss.or.kr/dsaf001/main.do?rcpNo=20260814000997
425420,티에프이,review,원문에서 수주기업 여부를 확정하지 못함,2026-06,,,,,,False,원문·기업 IR 추가 조사,https://dart.fss.or.kr/dsaf001/main.do?rcpNo=20260814001298
432720,퀄리타스반도체,confirmed,수주 내역 비공개 명시,2026-06,,,,,,False,원문·기업 IR 추가 조사,https://dart.fss.or.kr/dsaf001/main.do?rcpNo=20260813000723
437730,삼현,confirmed,수주 내역 비공개 명시,2026-06,,,,,,False,원문·기업 IR 추가 조사,https://dart.fss.or.kr/dsaf001/main.do?rcpNo=20260814003171
439090,마녀공장,review,원문에서 수주기업 여부를 확정하지 못함,2026-06,,,,,,False,원문·기업 IR 추가 조사,https://dart.fss.or.kr/dsaf001/main.do?rcpNo=20260814002458
439580,블루엠텍,review,원문에서 수주기업 여부를 확정하지 못함,2026-06,,,,,,False,원문·기업 IR 추가 조사,https://dart.fss.or.kr/dsaf001/main.do?rcpNo=20260814001953
440110,파두,confirmed,정기보고서·공식 IR 수주 수치 확인,2026-06,회사 공시 합계,백만USD,191.755,,65.01015420625087,False,신규수주 직접값 미확보: 원문표·그림·기업 IR 추가 조사 필요,https://dart.fss.or.kr/dsaf001/main.do?rcpNo=20260813001260
441270,파인엠텍,review,원문에서 수주기업 여부를 확정하지 못함,2026-06,,,,,,False,원문·기업 IR 추가 조사,https://dart.fss.or.kr/dsaf001/main.do?rcpNo=20260814001699
443060,HD현대마린솔루션,confirmed,정기보고서·공식 IR 수주 수치 확인,2026-06,회사 공시 합계,억원,2067.76,,-7.733771217448715,False,신규수주 직접값 미확보: 원문표·그림·기업 IR 추가 조사 필요,https://dart.fss.or.kr/dsaf001/main.do?rcpNo=20260814001752
443670,에스피소프트,confirmed,정기보고서·공식 IR 수주 수치 확인,2026-06,회사 공시 합계,억원,14.61,,-11.775362318840576,False,신규수주 직접값 미확보: 원문표·그림·기업 IR 추가 조사 필요,https://dart.fss.or.kr/dsaf001/main.do?rcpNo=20260813001182
445090,에이직랜드,confirmed,정기보고서·공식 IR 수주 수치 확인,2026-06,회사 공시 합계,억원,618.21,,-29.608079795955543,False,신규수주 직접값 미확보: 원문표·그림·기업 IR 추가 조사 필요,https://dart.fss.or.kr/dsaf001/main.do?rcpNo=20260814000520
445180,퓨릿,review,원문에서 수주기업 여부를 확정하지 못함,2026-06,,,,,,False,원문·기업 IR 추가 조사,https://dart.fss.or.kr/dsaf001/main.do?rcpNo=20260813000473
445680,큐리옥스바이오시스템즈,confirmed,정기보고서·공식 IR 수주 수치 확인,2026-06,회사 공시 합계,억원,29.13,,0,False,신규수주 직접값 미확보: 원문표·그림·기업 IR 추가 조사 필요,https://dart.fss.or.kr/dsaf001/main.do?rcpNo=20260814004125
446540,메가터치,review,원문에서 수주기업 여부를 확정하지 못함,2026-06,,,,,,False,원문·기업 IR 추가 조사,https://dart.fss.or.kr/dsaf001/main.do?rcpNo=20260814002338
448280,에코아이,confirmed,정기보고서·공식 IR 수주 수치 확인,2026-06,[탄소배출권이전계약현황] / 회사 공시 합계,억원,84.8,,0,False,신규수주 직접값 미확보: 원문표·그림·기업 IR 추가 조사 필요,https://dart.fss.or.kr/dsaf001/main.do?rcpNo=20260814000143
448900,한국피아이엠,confirmed,정기보고서·공식 IR 수주 수치 확인,2026-06,회사 공시 합계,억원,424.17,,7.406563354603457,False,신규수주 직접값 미확보: 원문표·그림·기업 IR 추가 조사 필요,https://dart.fss.or.kr/dsaf001/main.do?rcpNo=20260814004093
450080,에코프로머티,review,원문에서 수주기업 여부를 확정하지 못함,2026-06,,,,,,False,원문·기업 IR 추가 조사,https://dart.fss.or.kr/dsaf001/main.do?rcpNo=20260814001623
450950,아스테라시스,review,원문에서 수주기업 여부를 확정하지 못함,2026-06,,,,,,False,원문·기업 IR 추가 조사,https://dart.fss.or.kr/dsaf001/main.do?rcpNo=20260814002968
451760,컨텍,review,원문에서 수주기업 여부를 확정하지 못함,2026-06,,,,,,False,원문·기업 IR 추가 조사,https://dart.fss.or.kr/dsaf001/main.do?rcpNo=20260814001522
452190,한빛레이저,confirmed,정기보고서·공식 IR 수주 수치 확인,2026-06,회사 공시 합계,억원,115.69,,-4.459492939136189,False,신규수주 직접값 미확보: 원문표·그림·기업 IR 추가 조사 필요,https://dart.fss.or.kr/dsaf001/main.do?rcpNo=20260813001626
452260,한화갤러리아,review,원문에서 수주기업 여부를 확정하지 못함,2026-06,,,,,,False,원문·기업 IR 추가 조사,https://dart.fss.or.kr/dsaf001/main.do?rcpNo=20260813001499
452280,한선엔지니어링,confirmed,수주 내역 비공개 명시,2026-06,,,,,,False,원문·기업 IR 추가 조사,https://dart.fss.or.kr/dsaf001/main.do?rcpNo=20260814001112
452430,사피엔반도체,confirmed,수주 내역 비공개 명시,2026-06,,,,,,False,원문·기업 IR 추가 조사,https://dart.fss.or.kr/dsaf001/main.do?rcpNo=20260812000701
452450,피아이이,confirmed,정기보고서·공식 IR 수주 수치 확인,2026-06,회사 공시 합계,억원,302.53,,-21.049609854119378,False,신규수주 직접값 미확보: 원문표·그림·기업 IR 추가 조사 필요,https://dart.fss.or.kr/dsaf001/main.do?rcpNo=20260813001351
453340,현대그린푸드,review,원문에서 수주기업 여부를 확정하지 못함,2026-06,,,,,,False,원문·기업 IR 추가 조사,https://dart.fss.or.kr/dsaf001/main.do?rcpNo=20260814003465
453450,그리드위즈,review,원문에서 수주기업 여부를 확정하지 못함,2026-06,,,,,,False,원문·기업 IR 추가 조사,https://dart.fss.or.kr/dsaf001/main.do?rcpNo=20260814002782
454910,두산로보틱스,review,원문에서 수주기업 여부를 확정하지 못함,2026-06,,,,,,False,원문·기업 IR 추가 조사,https://dart.fss.or.kr/dsaf001/main.do?rcpNo=20260814003345
455900,엔젤로보틱스,review,원문에서 수주기업 여부를 확정하지 못함,2026-06,,,,,,False,원문·기업 IR 추가 조사,https://dart.fss.or.kr/dsaf001/main.do?rcpNo=20260814003038
456010,아이씨티케이,confirmed,정기보고서·공식 IR 수주 수치 확인,2026-06,회사 공시 합계,억원,114.08,,-6.345948608488639,False,신규수주 직접값 미확보: 원문표·그림·기업 IR 추가 조사 필요,https://dart.fss.or.kr/dsaf001/main.do?rcpNo=20260814003391
456040,OCI,review,원문에서 수주기업 여부를 확정하지 못함,2026-06,,,,,,False,원문·기업 IR 추가 조사,https://dart.fss.or.kr/dsaf001/main.do?rcpNo=20260813000822
457190,이수스페셜티케미컬,review,원문에서 수주기업 여부를 확정하지 못함,2026-06,,,,,,False,원문·기업 IR 추가 조사,https://dart.fss.or.kr/dsaf001/main.do?rcpNo=20260814002108
457370,한켐,review,원문에서 수주기업 여부를 확정하지 못함,2026-06,,,,,,False,원문·기업 IR 추가 조사,https://dart.fss.or.kr/dsaf001/main.do?rcpNo=20260814004088
458650,성우,review,원문에서 수주기업 여부를 확정하지 못함,2026-06,,,,,,False,원문·기업 IR 추가 조사,https://dart.fss.or.kr/dsaf001/main.do?rcpNo=20260814002538
458870,씨어스,review,원문에서 수주기업 여부를 확정하지 못함,2026-06,,,,,,False,원문·기업 IR 추가 조사,https://dart.fss.or.kr/dsaf001/main.do?rcpNo=20260813000297
459510,나우로보틱스,confirmed,수주 금액 직접 기재,2026-06,,,,,,False,원문·기업 IR 추가 조사,https://dart.fss.or.kr/dsaf001/main.do?rcpNo=20260908000411
460850,동국씨엠,review,원문에서 수주기업 여부를 확정하지 못함,2026-06,,,,,,False,원문·기업 IR 추가 조사,https://dart.fss.or.kr/dsaf001/main.do?rcpNo=20260814003237
460860,동국제강,confirmed,정기보고서·공식 IR 수주 수치 확인,2026-06,회사 공시 단일행,억원,6111.14,,-5.299745550228263,False,신규수주 직접값 미확보: 원문표·그림·기업 IR 추가 조사 필요,https://dart.fss.or.kr/dsaf001/main.do?rcpNo=20260814001702
460930,현대힘스,confirmed,정기보고서·공식 IR 수주 수치 확인,2026-06,회사 공시 합계,억원,498.62,,-13.47608801277157,False,신규수주 직접값 미확보: 원문표·그림·기업 IR 추가 조사 필요,https://dart.fss.or.kr/dsaf001/main.do?rcpNo=20260813000095
461300,아이스크림미디어,review,원문에서 수주기업 여부를 확정하지 못함,2026-06,,,,,,False,원문·기업 IR 추가 조사,https://dart.fss.or.kr/dsaf001/main.do?rcpNo=20260814000516
462350,이노스페이스,confirmed,정기보고서·공식 IR 수주 수치 확인,2026-06,회사 공시 합계,억원,59.23,,-27.3073146784487,False,신규수주 직접값 미확보: 원문표·그림·기업 IR 추가 조사 필요,https://dart.fss.or.kr/dsaf001/main.do?rcpNo=20260814003448
462520,조선내화,confirmed,단일판매·공급계약 공시 확인 (전체 수주량은 별도 조사),2026-06,,,,,,False,원문·기업 IR 추가 조사,https://dart.fss.or.kr/dsaf001/main.do?rcpNo=20261006800167
462860,더즌,review,원문에서 수주기업 여부를 확정하지 못함,2026-06,,,,,,False,원문·기업 IR 추가 조사,https://dart.fss.or.kr/dsaf001/main.do?rcpNo=20260813001429
462870,시프트업,review,원문에서 수주기업 여부를 확정하지 못함,2026-06,,,,,,False,원문·기업 IR 추가 조사,https://dart.fss.or.kr/dsaf001/main.do?rcpNo=20260814004160
464080,에스오에스랩,confirmed,정기보고서·공식 IR 수주 수치 확인,2026-06,[%] / 회사 공시 합계,억원,18.08,,203.35570469798654,False,신규수주 직접값 미확보: 원문표·그림·기업 IR 추가 조사 필요,https://dart.fss.or.kr/dsaf001/main.do?rcpNo=20260814003376
466100,클로봇,review,원문에서 수주기업 여부를 확정하지 못함,2026-06,,,,,,False,원문·기업 IR 추가 조사,https://dart.fss.or.kr/dsaf001/main.do?rcpNo=20260814003833
468530,프로티나,review,원문에서 수주기업 여부를 확정하지 못함,2026-06,,,,,,False,원문·기업 IR 추가 조사,https://dart.fss.or.kr/dsaf001/main.do?rcpNo=20260814001510
472850,폰드그룹,review,원문에서 수주기업 여부를 확정하지 못함,2026-06,,,,,,False,원문·기업 IR 추가 조사,https://dart.fss.or.kr/dsaf001/main.do?rcpNo=20260819000370
473980,노머스,review,원문에서 수주기업 여부를 확정하지 못함,2026-06,,,,,,False,원문·기업 IR 추가 조사,https://dart.fss.or.kr/dsaf001/main.do?rcpNo=20260814002565
474170,루미르,confirmed,정기보고서·공식 IR 수주 수치 확인,2026-06,회사 공시 단일행,억원,44.55,,-37.111801242236034,False,신규수주 직접값 미확보: 원문표·그림·기업 IR 추가 조사 필요,https://dart.fss.or.kr/dsaf001/main.do?rcpNo=20260814002463
474610,RF시스템즈,confirmed,정기보고서·공식 IR 수주 수치 확인,2026-06,회사 공시 단일행,억원,1061.74,,11.156012479323273,False,신규수주 직접값 미확보: 원문표·그림·기업 IR 추가 조사 필요,https://dart.fss.or.kr/dsaf001/main.do?rcpNo=20260814000664
474650,링크솔루션,confirmed,수주 내역 비공개 명시,2026-06,,,,,,False,원문·기업 IR 추가 조사,https://dart.fss.or.kr/dsaf001/main.do?rcpNo=20260814002769
475150,SK이터닉스,confirmed,정기보고서·공식 IR 수주 수치 확인,2026-06,회사 공시 합계,억원,2295.18,,-49.56424286373525,False,신규수주 직접값 미확보: 원문표·그림·기업 IR 추가 조사 필요,https://dart.fss.or.kr/dsaf001/main.do?rcpNo=20260813000561
475230,엔알비,confirmed,정기보고서·공식 IR 수주 수치 확인,2026-06,회사 공시 합계,억원,1409.96,,-2.7613793103448248,False,신규수주 직접값 미확보: 원문표·그림·기업 IR 추가 조사 필요,https://dart.fss.or.kr/dsaf001/main.do?rcpNo=20260814001087
475400,씨메스로보틱스,confirmed,정기보고서·공식 IR 수주 수치 확인,2026-06,회사 공시 합계,억원,225.52,,143.9108803807052,False,신규수주 직접값 미확보: 원문표·그림·기업 IR 추가 조사 필요,https://dart.fss.or.kr/dsaf001/main.do?rcpNo=20260813000340
475560,더본코리아,review,원문에서 수주기업 여부를 확정하지 못함,2026-06,,,,,,False,원문·기업 IR 추가 조사,https://dart.fss.or.kr/dsaf001/main.do?rcpNo=20260814003649
475580,에이럭스,confirmed,정기보고서·공식 IR 수주 수치 확인,2026-06,회사 공시 합계,억원,22.13,,-14.687740940632231,False,신규수주 직접값 미확보: 원문표·그림·기업 IR 추가 조사 필요,https://dart.fss.or.kr/dsaf001/main.do?rcpNo=20260814002568
475830,오름테라퓨틱,review,원문에서 수주기업 여부를 확정하지 못함,2026-06,,,,,,False,원문·기업 IR 추가 조사,https://dart.fss.or.kr/dsaf001/main.do?rcpNo=20260814003351
475960,토모큐브,confirmed,정기보고서·공식 IR 수주 수치 확인,2026-06,회사 공시 합계,억원,20.06,,-43.572433192686354,False,신규수주 직접값 미확보: 원문표·그림·기업 IR 추가 조사 필요,https://dart.fss.or.kr/dsaf001/main.do?rcpNo=20260814001367
476060,온코닉테라퓨틱스,review,원문에서 수주기업 여부를 확정하지 못함,2026-06,,,,,,False,원문·기업 IR 추가 조사,https://dart.fss.or.kr/dsaf001/main.do?rcpNo=20260812000381
481070,에이유브랜즈,review,원문에서 수주기업 여부를 확정하지 못함,2026-06,,,,,,False,원문·기업 IR 추가 조사,https://dart.fss.or.kr/dsaf001/main.do?rcpNo=20260814004119
482630,삼양엔씨켐,review,원문에서 수주기업 여부를 확정하지 못함,2026-06,,,,,,False,원문·기업 IR 추가 조사,https://dart.fss.or.kr/dsaf001/main.do?rcpNo=20260813000448
483650,달바글로벌,review,원문에서 수주기업 여부를 확정하지 못함,2026-06,,,,,,False,원문·기업 IR 추가 조사,https://dart.fss.or.kr/dsaf001/main.do?rcpNo=20260814001262
484120,도우인시스,review,원문에서 수주기업 여부를 확정하지 못함,2026-06,,,,,,False,원문·기업 IR 추가 조사,https://dart.fss.or.kr/dsaf001/main.do?rcpNo=20260813000647
484810,티엑스알로보틱스,review,원문에서 수주기업 여부를 확정하지 못함,2026-06,,,,,,False,원문·기업 IR 추가 조사,https://dart.fss.or.kr/dsaf001/main.do?rcpNo=20260811000123
484870,엠앤씨솔루션,confirmed,정기보고서·공식 IR 수주 수치 확인,2026-06,회사 공시 단일행,억원,9331,,,False,비교 가능한 직전 분기 누적값 없음 / QoQ 미확보: 같은 범위·통화의 연속 분기 잔고 필요,https://dart.fss.or.kr/dsaf001/main.do?rcpNo=20260814000987
489460,바이오비쥬,review,원문에서 수주기업 여부를 확정하지 못함,2026-06,,,,,,False,원문·기업 IR 추가 조사,https://dart.fss.or.kr/dsaf001/main.do?rcpNo=20260812000672
489500,엘케이켐,review,원문에서 수주기업 여부를 확정하지 못함,2026-06,,,,,,False,원문·기업 IR 추가 조사,https://dart.fss.or.kr/dsaf001/main.do?rcpNo=20260814000503
489790,한화비전,confirmed,정기보고서·공식 IR 수주 수치 확인,2026-06,회사 공시 합계,억원,133.05,,-14.028172654432659,False,신규수주 직접값 미확보: 원문표·그림·기업 IR 추가 조사 필요,https://dart.fss.or.kr/dsaf001/main.do?rcpNo=20260813001301
900140,엘브이엠씨,review,원문에서 수주기업 여부를 확정하지 못함,2026-06,,,,,,False,원문·기업 IR 추가 조사,https://dart.fss.or.kr/dsaf001/main.do?rcpNo=20260828001677
950140,잉글우드랩,review,원문에서 수주기업 여부를 확정하지 못함,2026-06,,,,,,False,원문·기업 IR 추가 조사,https://dart.fss.or.kr/dsaf001/main.do?rcpNo=20260811000551
950160,코오롱티슈진,review,원문에서 수주기업 여부를 확정하지 못함,2026-06,,,,,,False,원문·기업 IR 추가 조사,https://dart.fss.or.kr/dsaf001/main.do?rcpNo=20260814002470
950170,JTC,review,원문에서 수주기업 여부를 확정하지 못함,2026-05,,,,,,False,원문·기업 IR 추가 조사,https://dart.fss.or.kr/dsaf001/main.do?rcpNo=20260730000413
950190,고스트스튜디오,review,원문에서 수주기업 여부를 확정하지 못함,2026-06,,,,,,False,원문·기업 IR 추가 조사,https://dart.fss.or.kr/dsaf001/main.do?rcpNo=20260814004055
950210,프레스티지바이오파마,confirmed,정기보고서·공식 IR 수주 수치 확인,2026-06,회사 공시 합계,백만USD,9.722962,,,False,신규수주 직접값 미확보: 원문표·그림·기업 IR 추가 조사 필요 / QoQ 미확보: 같은 범위·통화의 연속 분기 잔고 필요,https://dart.fss.or.kr/dsaf001/main.do?rcpNo=20260923000252
950220,네오이뮨텍,review,원문에서 수주기업 여부를 확정하지 못함,2026-06,,,,,,False,원문·기업 IR 추가 조사,https://dart.fss.or.kr/dsaf001/main.do?rcpNo=20261002000504
